병원명,명칭,분류,소분류,중분류,비용,최저비용,최고비용,코드,구분,특이사항,약제비포함여부,치료재료대포함여부
튼튼병원,B형간염 - 유박스B프리필드- 1㎖(엘지생명과학),,,,"30,000 원",,,,예방접종,,,
튼튼병원,독감 - 스카이셀플루4가프리필드시린지0.5ml,,,,"30,000 원",,,,예방접종,,,
튼튼병원,A형간염-박타 프리필드시린지 1ml,,,,"80,000 원",,,,예방접종,,,
튼튼병원,녹십자 티디백신프리필드시린지주(TD Vaccine),,,,"30,000 원",,,,예방접종,,,
튼튼병원,폐렴 - 프리베나13주(성인),,,,"150,000 원",,,,예방접종,,,
튼튼병원,스카이조스터 주(대상포진예방),,,,"160,000 원",,,,예방접종,,,
튼튼병원,가다실 9 프리필드시린지,,,,"200,000원",,,,예방접종,,,
튼튼병원,하이코민주 2ml(B.C용),,,,"10,000 원",,,,주사약제,,,
튼튼병원,히로라인,,,,"70,000 원",,,,주사약제,,,
튼튼병원,액상하이랙스주 0.5ml,,,,"70,000원",,,,주사약제,,,
튼튼병원,액상하이랙스주 1ml,,,,"200,000원",,,,주사약제,,,
튼튼병원,타나민주 10ml,,,,"5,000원",,,,주사약제,,,
튼튼병원,뉴디엔주 3ML/1A,,,,"100,000 원",,,,주사약제,,,
튼튼병원,뉴디엔주 3ML/1A - Prol,,,,"100,000 원",,,,주사약제,,,
튼튼병원,뉴디엔주 3ML/1A - SONO,,,,"120,000 원",,,,주사약제,,,
튼튼병원,뉴디엔주 3ML/1A -B.C,,,,"100,000 원",,,,주사약제,,,
튼튼병원,영양주사제,,,,"50,000~80,000 원",,,,주사약제,,,
튼튼병원,콤비플렉스주 375ml,,,,"80,000 원",,,,주사약제,,,
튼튼병원,비비에스주 10ml(휴온스),,,,"12,700 원",,,,주사약제,,,
튼튼병원,Zinctrace Inj.(미네랄주사-상처회복촉진),,,,"50,000 원",,,,주사약제,,,
튼튼병원,Glucolin S Inj.(면역증진/항바이러스작용),,,,"25,000 원",,,,주사약제,,,
튼튼병원,뉴트리헥스주 250ML(대한약품),,,,"50,000 원",,,,주사약제,,,
튼튼병원,비타디본주(콜레카시페롤)vit.D,,,,"35,000 원",,,,주사약제,,,
튼튼병원,메리트씨주,,,,"80,000 원",,,,주사약제,,,
튼튼병원,메디락에스장용정,,,,125 원,,,,주사약제,,,
튼튼병원,덱스토민주(마취제),,,,"60,000 원",,,,주사약제,,,
튼튼병원,페린젝트주(혈액대체용주),,,,"250,000 원",,,,주사약제,,,
튼튼병원,트롬빈동결건조분말5000IU,,,,"8,230원",,,,주사약제,,,
튼튼병원,칼도롤 주사액 400mg,,,,"20,000 원",,,,주사약제,,,
튼튼병원,nothrom (ACD-A 항응고제)3ml,,,,"26,000 원",,,,주사약제,,,
튼튼병원,Cica-Care Gel 15g,,,,"78,000 원",,,,주사약제,,,
튼튼병원,프록토세딜연고 15g,,,,"3,500 원",,,,주사약제,,,
튼튼병원,케펜텍-엘플라스타,,,,256 원,,,,주사약제,,,
튼튼병원,베아제,,,,195 원,,,,주사약제,,,
튼튼병원,판토마그(마그네슘),,,,180 원,,,,주사약제,,,
튼튼병원,셀지민정(아연보급),,,,450 원,,,,주사약제,,,
튼튼병원,와이디 1000연질캡슐,,,,150 원,,,,주사약제,,,
튼튼병원,이지에프새살연고,,,,"20,000 원",,,,주사약제,,,
튼튼병원,마시주,,,,"10,000원",,,,주사약제,,,
튼튼병원,트레스탄캅셀,,,,600원,,,,주사약제,,,
튼튼병원,PCA자가통증조절기,,,,"80,000~100,000원",,,,PCA자가통증조절기,,,
튼튼병원,위 진정내시경 환자관리료,,,,"50,000 원",,,,진정내시경 환자관리료,,,
튼튼병원,대장 진정내시경 환자관리료,,,,"50,000 원",,,,진정내시경 환자관리료,,,
튼튼병원,위+대장 진정내시경 환자관리료,,,,"80,000 원",,,,진정내시경 환자관리료,,,
튼튼병원,도수치료,,,,"50,000~140,000 원",,,,재활및물리치료료,,,
튼튼병원,체외충격파치료,,,,"50,000 원",,,,재활및물리치료료,,,
튼튼병원,FIMS,,,,"30,000~2,000,000 원",,,,재활및물리치료료,,,
튼튼병원,증식치료(사지관절),,,,"50,000~70,000 원",,,,재활및물리치료료,,,
튼튼병원,경피적 풍선이용 척추관 유착박리술,,,,"500,000 원",,,,시술/수술료,,,
튼튼병원,자가골수줄기세포치료(BMAC),,,,"900,000 원",,,,시술/수술료,,,
튼튼병원,카티스템(CARTISTEM),,,,"7,500,000 원",,,,시술/수술료,,,
튼튼병원,내시경적경막외강신경근성형술,,,,"800,000 원",,,,시술/수술료,,,
튼튼병원,추간판내고주파열치료술,,,,"800,000 원",,,,시술/수술료,,,
튼튼병원,경피적경막외강신경성형술,,,,"600,000 원",,,,시술/수술료,,,
튼튼병원,경피적 풍선확장 경막외강 신경성형술,,,,"800,000 원",,,,시술/수술료,,,
튼튼병원,자가골수줄기세포치료술(연골결손),,,,"900,000 원",,,,시술/수술료,,,
튼튼병원,카티젤겔 2mg,,,,"14,000 원",,,,처치재료,,,
튼튼병원,Filter needle,,,,"1,500 원",,,,처치재료,,,
튼튼병원,그린픽스 반창고+인퓨그린(NON-PVC 수액세트),,,,"16,000 원",,,,처치재료,,,
튼튼병원,Neo Dermal Activator,,,,"23,500 원",,,,처치재료,,,
튼튼병원,Opsite Post-Op,,,,"2,000~6,000 원",,,,처치재료,,,
튼튼병원,Opsite Post-Op Visible,,,,"30,000 원",,,,처치재료,,,
튼튼병원,박티그라 10*10,,,,"1,500 원",,,,처치재료,,,
튼튼병원,환의,,,,"25,000 원",,,,처치재료,,,
튼튼병원,Tubigrip E,,,,"11,500 원",,,,처치재료,,,
튼튼병원,Tubigrip G,,,,"14,850 원",,,,처치재료,,,
튼튼병원,Tubigrip J,,,,"22,530 원",,,,처치재료,,,
튼튼병원,처치재료 원에이드(Top dressing kit),,,,"1,000원",,,,처치재료,,,
튼튼병원,폐활량 측정기 인스피로메타,,,,"7,000 원",,,,처치재료,,,
튼튼병원,Marrowstim Kit,,,,"1,650,000 원",,,,수술재료,,,
튼튼병원,HYALOFAST,,,,"1,980,000 원",,,,수술재료,,,
튼튼병원,Cartifill Atelocollagen-연골재생(카티필),,,,"1,500,000 원",,,,수술재료,,,
튼튼병원,큐어젠,,,,"200,000 원",,,,수술재료,,,
튼튼병원,Regenseal(리젠씰) Porcine Dermal Collagen - 6% 1cc,,,,"900,000 원",,,,수술재료,,,
튼튼병원,Regenseal(리젠씰) Porcine Dermal Collagen - 6% 3cc,,,,"1,600,000 원",,,,수술재료,,,
튼튼병원,Regenseal sheet,,,,"600,000 원",,,,수술재료,,,
튼튼병원,Poregel Carboxymethyl Chitosan,,,,"750,000원",,,,수술재료,,,
튼튼병원,Surefuse-Tm Dem 1cc,,,,"1,300,000원",,,,수술재료,,,
튼튼병원,Surefuse-Tm Dem 3cc,,,,"2,000,000원",,,,수술재료,,,
튼튼병원,Surefuse-Tm Dbm 5cc,,,,"2,200,000 원",,,,수술재료,,,
튼튼병원,Allocover Had Acellular Dermis,,,,"1,400,000 원",,,,수술재료,,,
튼튼병원,Skinlink N-Butyl-2-Cyanoacrylate(접착제),,,,"100,000 원",,,,수술재료,,,
튼튼병원,Skin stapler 1개,,,,"1,743원",,,,수술재료,,,
튼튼병원,KD Clamp 형상기억합금,,,,"200,000 원",,,,수술재료,,,
튼튼병원,ZINue (BEA CAT),,,,"1,200,000 원",,,,수술재료,,,
튼튼병원,REGENWEL,,,,"400,000 원",,,,수술재료,,,
튼튼병원,하이배리(Hibarry) Sodium Hyaluronate,,,,"600,000 원",,,,수술재료,,,
튼튼병원,Oxiplex Sodium Carboxymethyl Cellouse,,,,"1,000,000 원",,,,수술재료,,,
튼튼병원,"Ez-Up Skin Closure Nylon, Polyurethane",,,,"180,000 원",,,,수술재료,,,
튼튼병원,ZIP LINE(16cm),,,,"180,000 원",,,,수술재료,,,
튼튼병원,ZIP LINE(8cm),,,,"150,000원",,,,수술재료,,,
튼튼병원,고주파열치료용카테터,,,,"1,100,000원",,,,수술재료,,,
튼튼병원,전기수술기용 전극,,,,"1,750,000원",,,,수술재료,,,
튼튼병원,Veeler Thermoplastic Polyurethane (Tpu),,,,"2,000,000원",,,,수술재료,,,
튼튼병원,Trigger-Flex polar Electrodeii(Dtf-40)Stainl,,,,"1,000,000원",,,,수술재료,,,
튼튼병원,VIKING,,,,"2,300,000원",,,,수술재료,,,
튼튼병원,신경성혈술용 카테터,,,,"700,000원",,,,수술재료,,,
튼튼병원,FORA-B (BEA Cath),,,,"1,200,000원",,,,수술재료,,,
튼튼병원,콜라템프 G-10*10,,,,"500,000원",,,,수술재료,,,
튼튼병원,콜라템프 G-5*5,,,,"202,500원",,,,수술재료,,,
튼튼병원,젠타큐(Genta Q) Collagen 5*5,,,,"250,000원",,,,수술재료,,,
튼튼병원,추간체 고정재 ROD,,,,"118,300원",,,,수술재료,,,
튼튼병원,추간체 고정재 SCREW,,,,"299,000원",,,,수술재료,,,
튼튼병원,Cervical Cage(추간체유합보형제),,,,"600,000원",,,,수술재료,,,
튼튼병원,Hyalofast(BMAC),,,,"1,980,000원",,,,수술재료,,,
튼튼병원,NOVACOL-0.5g - 지혈제,,,,"490,000원",,,,수술재료,,,
튼튼병원,Novoseal,,,,"73,910원",,,,수술재료,,,
튼튼병원,BONE WAX,,,,"9,800원",,,,수술재료,,,
튼튼병원,"Coban(3M)-1""",,,,"1,000원",,,,수술재료,,,
튼튼병원,"Coban(3M)-2""",,,,"2,000원",,,,수술재료,,,
튼튼병원,"Coban(3M)-4""",,,,"3,000원",,,,수술재료,,,
튼튼병원,"Coban(3M)-6""",,,,"4,000 원",,,,수술재료,,,
튼튼병원,BONGENER(골유합촉진제)DBM 1cc,,,,"500,000 원",,,,수술재료,,,
튼튼병원,BONGENER(골유합촉진제)DBM 2.5cc,,,,"900,000원",,,,수술재료,,,
튼튼병원,BONGENER(골유합촉진제)DBM 5cc,,,,"1,300,000원",,,,수술재료,,,
튼튼병원,플로실헤모스태틱매트릭스 5ml (박스터),,,,"600,000 원",,,,수술재료,,,
튼튼병원,ROTAIO,,,,"4,800,000원",,,,수술재료,,,
튼튼병원,derma flex Qs 2,,,,"200,000 원",,,,수술재료,,,
튼튼병원,CAGE SHADOW - LUMBAR,,,,"340,000 원",,,,수술재료,,,
튼튼병원,CAGE SHADOW - CERVICAL,,,,"400,000 원",,,,수술재료,,,
튼튼병원,프록실 5ML,,,,"800,000 원",,,,수술재료,,,
튼튼병원,Stanpad Kaolin 등,,,,"180,000원",,,,수술재료,,,
튼튼병원,Rafugen Dbm Gel Pro Human Dbm+Glycerol,,,,"1,600,000 원",,,,수술재료,,,
튼튼병원,RAFUGEN DBM 1cc GEL,,,,"1,300,000원",,,,수술재료,,,
튼튼병원,RAFUGEN DBM 3cc GEL,,,,"2,000,000원",,,,수술재료,,,
튼튼병원,RAFUGEN DBM 5cc GEL,,,,"2,200,000원",,,,수술재료,,,
튼튼병원,RAFUGEN dem wedge block,,,,"1,500,000원",,,,수술재료,,,
튼튼병원,PLIF PEEK CAGE,,,,"340,000원",,,,수술재료,,,
튼튼병원,"Spinaut Polyurethane, Stainless Steel(신경성형술용 카테터)",,,,700000원,,,,수술재료,,,
튼튼병원,EDEN Catheters(신경성형술용 카테터),,,,"700,000원",,,,수술재료,,,
튼튼병원,Spinaut-H Polyurethane (BEA Cath),,,,"1,200,000원",,,,수술재료,,,
튼튼병원,Ldisq Stainless Steel 고주파열치료술,,,,"1,100,000원",,,,수술재료,,,
튼튼병원,마이젠(Mygen) 601,,,,"900,000원",,,,수술재료,,,
튼튼병원,마이젠(Mygen) 603,,,,"1,600,000원",,,,수술재료,,,
튼튼병원,Allomatrix Cancellous Bone Putty Sgcsh+Cmc+Dbm,,,,"1,500,000원",,,,수술재료,,,
튼튼병원,Oxalic acid(oxalate)-24hu+,,,,"60,000 원",,,,이화학검사료,,,
튼튼병원,항CCP항체[IgG],,,,"50,000 원",,,,이화학검사료,,,
튼튼병원,호모시스테인 검사,,,,"40,000 원",,,,이화학검사료,,,
튼튼병원,Cyfra 21-1,,,,"40,000 원",,,,이화학검사료,,,
튼튼병원,니코틴,,,,"10,000원",,,,이화학검사료,,,
튼튼병원,마약검사 4종,,,,"80,000원",,,,이화학검사료,,,
튼튼병원,체성분 분석검사,,,,"5,000원",,,,이화학검사료,,,
튼튼병원,혈소판 응집능검사[교류저항혈소판응집]_Trap test,,,,"40,000 원",,,,이화학검사료,,,
튼튼병원,인플루엔자 A.B 바이러스 항원원검사,,,,"25,000 원",,,,이화학검사료,,,
튼튼병원,NK cell,,,,"70,000원",,,,이화학검사료,,,
튼튼병원,체온열검사(DITI),,,,"100,000 원",,,,통증검사,,,
튼튼병원,DEMG(다원)-Dynamic Electromyography,,,,"100,000 원",,,,통증검사,,,
튼튼병원,동맥경화도검사+ABI (맥파전달속도측정),,,,"100,000 원",,,,기능검사,,,
튼튼병원,동맥경화도검사,,,,"50,000 원",,,,기능검사,,,
튼튼병원,"SONO(초음파)-복부,심장,혈관,관절,근골격계 등",,,,"50,000~200,000 원",,,,초음파검사,,,
튼튼병원,Carotid MRA (B),,,,"350,000 원",,,,MRI(조영제별도),,,
튼튼병원,Carotid MRA + E (B),,,,"350,000 원",,,,MRI(조영제별도),,,
튼튼병원,Lower Extremity MRA+E (B),,,,"350,000 원",,,,MRI(조영제별도),,,
튼튼병원,Lower Extremity MRA (B),,,,"350,000 원",,,,MRI(조영제별도),,,
튼튼병원,Brain MRA (B),,,,"400,000 원",,,,MRI(조영제별도),,,
튼튼병원,Brain MRI + MRA +Diffusion+ E (B)),,,,"650,000 원",,,,MRI(조영제별도),,,
튼튼병원,Brain MRI + MRA + Diffusion (B),,,,"750,000 원",,,,MRI(조영제별도),,,
튼튼병원,MRI LIMITED 15,,,,"150,000 원",,,,MRI(조영제별도),,,
튼튼병원,MRI LIMITED 20,,,,"200,000 원",,,,MRI(조영제별도),,,
튼튼병원,MRI LIMITED 28,,,,"280,000 원",,,,MRI(조영제별도),,,
튼튼병원,MRI LIMITED 32,,,,"320,000 원",,,,MRI(조영제별도),,,
튼튼병원,MRI LIMITED 36,,,,"360,000 원",,,,MRI(조영제별도),,,
튼튼병원,MRI LIMITED 52,,,,"520,000 원",,,,MRI(조영제별도),,,
튼튼병원,MRI Partial view,,,,"200,000 원",,,,MRI(조영제별도),,,
튼튼병원,Abdomen MRI + E (B),,,,"450,000 원",,,,MRI(조영제별도),,,
튼튼병원,Abdomen MRI (B),,,,"350,000 원",,,,MRI(조영제별도),,,
튼튼병원,Cholangiogram MRI (B),,,,"350,000 원",,,,MRI(조영제별도),,,
튼튼병원,Myelogram MRI (B),,,,"350,000 원",,,,MRI(조영제별도),,,
튼튼병원,Liver MRI (B),,,,"350,000 원",,,,MRI(조영제별도),,,
튼튼병원,Chest MRI (B),,,,"350,000 원",,,,MRI(조영제별도),,,
튼튼병원,Neck MRI (B),,,,"350,000 원",,,,MRI(조영제별도),,,
튼튼병원,Neck MRI + E (B),,,,"350,000 원",,,,MRI(조영제별도),,,
튼튼병원,Brain MRI (B) (Diffusion 포함),,,,"450,000 원",,,,MRI(조영제별도),,,
튼튼병원,Brain MRI +diffusion+ E (B),,,,"550,000 원",,,,MRI(조영제별도),,,
튼튼병원,C-Spine MRI (B),,,,"350,000 원",,,,MRI(조영제별도),,,
튼튼병원,C-Spine MRI + E (B),,,,"450,000 원",,,,MRI(조영제별도),,,
튼튼병원,T-Spine MRI,,,,"350,000 원",,,,MRI(조영제별도),,,
튼튼병원,T-Spine MRI + E (B),,,,"450,000 원",,,,MRI(조영제별도),,,
튼튼병원,L-Spine MRI (B),,,,"350,000 원",,,,MRI(조영제별도),,,
튼튼병원,C-T-L T1 Sagittal MRI (B),,,,"350,000 원",,,,MRI(조영제별도),,,
튼튼병원,C-T-L T2 Sagittal MRI (B),,,,"350,000 원",,,,MRI(조영제별도),,,
튼튼병원,C-T Spine MRI (B),,,,"350,000 원",,,,MRI(조영제별도),,,
튼튼병원,C-T Spine MRI + E (B),,,,"450,000 원",,,,MRI(조영제별도),,,
튼튼병원,T-L Spine MRI Post OP (B),,,,"350,000 원",,,,MRI(조영제별도),,,
튼튼병원,T-L Spine MRI Post OP + E (B),,,,"450,000 원",,,,MRI(조영제별도),,,
튼튼병원,T-L Spine MRI (B),,,,"350,000 원",,,,MRI(조영제별도),,,
튼튼병원,T-L Spine MRI + E (B),,,,"450,000 원",,,,MRI(조영제별도),,,
튼튼병원,L-S Spine MRI (B),,,,"350,000 원",,,,MRI(조영제별도),,,
튼튼병원,L-S Spine MRI + E (B),,,,"450,000 원",,,,MRI(조영제별도),,,
튼튼병원,WHOLE SPINE MRI C+TL (B),,,,"450,000 원",,,,MRI(조영제별도),,,
튼튼병원,WHOLE SPINE MRI L+CT (B),,,,"450,000 원",,,,MRI(조영제별도),,,
튼튼병원,WHOLE SPINE MRI C+TL (E)(B),,,,"550,000 원",,,,MRI(조영제별도),,,
튼튼병원,WHOLE SPINE MRI L+CT (E)(B),,,,"550,000 원",,,,MRI(조영제별도),,,
튼튼병원,TM Joint MRI (B),,,,"350,000 원",,,,MRI(조영제별도),,,
튼튼병원,Scapula MRI (B),,,,"350,000 원",,,,MRI(조영제별도),,,
튼튼병원,Shoulder MRI (B),,,,"350,000 원",,,,MRI(조영제별도),,,
튼튼병원,Elbow MRI + E (B),,,,"450,000 원",,,,MRI(조영제별도),,,
튼튼병원,Wrist MRI (B),,,,"350,000 원",,,,MRI(조영제별도),,,
튼튼병원,Wrist MRI + E (B),,,,"450,000 원",,,,MRI(조영제별도),,,
튼튼병원,Hand MRI (B),,,,"350,000 원",,,,MRI(조영제별도),,,
튼튼병원,Hand MRI + E (B),,,,"450,000 원",,,,MRI(조영제별도),,,
튼튼병원,Upper Extrimity MRI (B),,,,"350,000 원",,,,MRI(조영제별도),,,
튼튼병원,Upper Extrimity MRI + E (B),,,,"450,000 원",,,,MRI(조영제별도),,,
튼튼병원,Hip MRI (B),,,,"350,000 원",,,,MRI(조영제별도),,,
튼튼병원,Hip MRI + E (B),,,,"450,000 원",,,,MRI(조영제별도),,,
튼튼병원,Pelvis MRI (B),,,,"350,000 원",,,,MRI(조영제별도),,,
튼튼병원,Thigh MRI,,,,"350,000 원",,,,MRI(조영제별도),,,
튼튼병원,Thigh MRI + E,,,,"450,000 원",,,,MRI(조영제별도),,,
튼튼병원,Saccroiliac MRI (B),,,,"350,000 원",,,,MRI(조영제별도),,,
튼튼병원,Sacrum MRI (B),,,,"350,000 원",,,,MRI(조영제별도),,,
튼튼병원,Knee MRI (B),,,,"350,000 원",,,,MRI(조영제별도),,,
튼튼병원,Knee MRI + E (B),,,,"450,000 원",,,,MRI(조영제별도),,,
튼튼병원,Ankle MRI + E (B),,,,"450,000 원",,,,MRI(조영제별도),,,
튼튼병원,Ankle Joint MRI (B),,,,"350,000 원",,,,MRI(조영제별도),,,
튼튼병원,Ankle MRI Post-BMAC,,,,"350,000 원",,,,MRI(조영제별도),,,
튼튼병원,Foot MRI (B),,,,"350,000 원",,,,MRI(조영제별도),,,
튼튼병원,Foot MRI + E (B),,,,"450,000 원",,,,MRI(조영제별도),,,
튼튼병원,Lower Extrimity MRI + E (B),,,,"450,000 원",,,,MRI(조영제별도),,,
튼튼병원,Lower Extremity MRI (B),,,,"350,000 원",,,,MRI(조영제별도),,,
튼튼병원,MRI Post OP (B),,,,"350,000 원",,,,MRI(조영제별도),,,
튼튼병원,Elbow MRI,,,,"350,000원",,,,MRI(조영제별도),,,
튼튼병원,Brain MRI,,,,"400,000원",,,,MRI(조영제별도),,,
튼튼병원,일반진단서,,,,"10,000 원",,,,증명료,,,
튼튼병원,입원/퇴원 확인서,,,,"1,000 원",,,,증명료,,,
튼튼병원,진료비세부내역서,,,,- 원,,,,증명료,,,
튼튼병원,진료의뢰서,,,,- 원,,,,증명료,,,
튼튼병원,통원/진료확인서,,,,"2,000 원",,,,증명료,,,
튼튼병원,후유장애진단서,,,,"100,000 원",,,,증명료,,,
튼튼병원,병사용진단서,,,,"20,000 원",,,,증명료,,,
튼튼병원,상해진단서(3주 미만),,,,"100,000 원",,,,증명료,,,
튼튼병원,상해진단서(3주 이상),,,,"150,000 원",,,,증명료,,,
튼튼병원,국민연금장애심사용진단서,,,,"15,000 원",,,,증명료,,,
튼튼병원,향후진료비 추정서(천만원이상),,,,"100,000 원",,,,증명료,,,
튼튼병원,향후진료비 추정서(천만원미만),,,,"50,000 원",,,,증명료,,,
튼튼병원,근로능력평가용진단서,,,,"10,000 원",,,,증명료,,,
튼튼병원,진료확인서(수술확인),,,,"1,000 원",,,,증명료,,,
튼튼병원,소견서,,,,- 원,,,,증명료,,,
튼튼병원,보험회사소견서,,,,"10,000 원",,,,증명료,,,
튼튼병원,비급여 소견서,,,,"1,000 원",,,,증명료,,,
튼튼병원,의무기록 사본(5매이하),,,,"1,000 원",,,,증명료,,,
튼튼병원,의무기록 사본(1장),,,,100 원,,,,증명료,,,
튼튼병원,의무기록사본(1장-판독지),,,,100 원,,,,증명료,,,
튼튼병원,제증명서 재발행,,,,"1,000 원",,,,증명료,,,
튼튼병원,CD COPY,,,,"10,000원",,,,증명료,,,
튼튼병원,구급차 사용료(10km 이내),,,,"30,000 원",,,,구급차사용료,,,
튼튼병원,공무원채용검진(B형간염 추가),,,,"50,000 원",,,,검진료,,,
튼튼병원,일반채용검진,,,,"30,000 원",,,,검진료,,,
튼튼병원,축구종합검진,,,,"150,000~350,000 원",,,,검진료,,,
튼튼병원,Arm Sling-팔걸이,,,,"5,000 원",,,,보조기료,,,
튼튼병원,필라델피아,,,,"40,000 원",,,,보조기료,,,
튼튼병원,Steri strip,,,,"2,500 원",,,,보조기료,,,
튼튼병원,토마스 칼라-SOFT,,,,"10,000 원",,,,보조기료,,,
튼튼병원,발포밴드,,,,"12,000 원",,,,보조기료,,,
튼튼병원,Crutch 1쌍,,,,"18,000 원",,,,보조기료,,,
튼튼병원,Color shose,,,,"10,000 원",,,,보조기료,,,
튼튼병원,보조기)정형외과/ 신경외과,,,,"15,000~2,400,000 원",,,,보조기료,,,
튼튼병원,"보조기)Ak-L350 Polyethylene,벨크로 등",,,,"180,000 원",,,,보조기료,,,
튼튼병원,보조기)LSO-(28) (Back brace 4호),,,,"250,000 원",,,,보조기료,,,
튼튼병원,보조기) Cyber tech Back brace 3호(25),,,,"180,000 원",,,,보조기료,,,
튼튼병원,보조기) Miami J collar (neck)(18),,,,"180,000 원",,,,보조기료,,,
튼튼병원,보조기) ACL-OS(28),,,,"280,000 원",,,,보조기료,,,
튼튼병원,보조기) PCL-OS(28),,,,"280,000 원",,,,보조기료,,,
튼튼병원,보조기) MCL-OS (15),,,,"150,000 원",,,,보조기료,,,
튼튼병원,보조기) AIR CAST-OS(10),,,,"100,000 원",,,,보조기료,,,
튼튼병원,보조기) THUNDER BRACE(10),,,,"100,000 원",,,,보조기료,,,
튼튼병원,보조기) ANKLE SUPPORT -OS(3),,,,"18,000 원",,,,보조기료,,,
튼튼병원,보조기) KENNY HOWARD SLING-OS(16),,,,"160,000 원",,,,보조기료,,,
튼튼병원,보조기) K-SLING-OS(16),,,,"100,000 원",,,,보조기료,,,
튼튼병원,보조기) LONG ARM-OS(32),,,,"320,000 원",,,,보조기료,,,
튼튼병원,보조기) WALKING(R.O.M)-OS(35),,,,"350,000 원",,,,보조기료,,,
튼튼병원,보조기) SHOE-OS(6),,,,"60,000 원",,,,보조기료,,,
튼튼병원,보조기) THUMB WRIST SUPPORT-OS(3),,,,"30,000 원",,,,보조기료,,,
튼튼병원,보조기) WRIST SUPPORT-OS(3),,,,"15,000 원",,,,보조기료,,,
튼튼병원,보조기) Elbow Brace(4),,,,"44,000 원",,,,보조기료,,,
튼튼병원,보조기) Donjoy brace-(Custom Braces),,,,"2,400,000 원",,,,보조기료,,,
튼튼병원,OA Knee Brace,,,,"350,000원",,,,보조기료,,,
튼튼병원,발가락교정기,,,,"20,000원",,,,보조기료,,,
튼튼병원,Knee Support Cover,,,,"60,000 원",,,,보조기료,,,
튼튼병원,Shoulder Support Cover,,,,"60,000 원",,,,보조기료,,,
튼튼병원,보호자식(1식당),,,,"5,000 원",,,,식대료,,,
튼튼병원,FAT CT,,,,"30,000원",,,,CT,,,
나누리병원,Needleview CH,,,수술,,"3,000,000","3,000,000",BJ4803XU,,,Χ,○
나누리병원,경피적경막외강신경성형술( 카테터포함)-경추,,,수술,,"1,550,000","1,550,000",SZ634,,1회,Χ,○
나누리병원,증식치료(척추부위),,,이학요법료,,"200,000","200,000",MY143,,"1회 , 척추 두부위",Χ,Χ
나누리병원,Prolotherapy (사지관절),,,이학요법료,,"50,000","50,000",MY142,,1회 관절부위별,Χ,Χ
나누리병원,Prolotherapy (사지관절),,,이학요법료,,"40,000","40,000",MY142,,1회 관절 부위별,Χ,Χ
나누리병원,경피적경막외강신경성형술( 카테터포함)-경추,,,수술,,"1,550,000","1,550,000",SZ634,,1회,Χ,○
나누리병원,증식치료(척추부위),,,이학요법료,,"200,000","200,000",MY143,,"1회 , 척추 두부위",Χ,Χ
나누리병원,Prolotherapy (사지관절),,,이학요법료,,"50,000","50,000",MY142,,1회 관절부위별,Χ,Χ
나누리병원,Prolotherapy (사지관절),,,이학요법료,,"40,000","40,000",MY142,,1회 관절 부위별,Χ,Χ
나누리병원,도수치료 (1회)-1일당,,,이학요법료,,"50,000",,MX122,,체외 충격파와 동일시행시,○,○
나누리병원,Needleview CH,,,수술,,"3,000,000","3,000,000",BJ4803XU,,,Χ,○
나누리병원,큐블럭,,,치료재료,,"1,000,000",,BF0101WC,,1개,Χ,Χ
나누리병원,Anyplus cage inserter (PLIF),,,치료재료,,"3,200,000",,BC0104ED,,1개,Χ,Χ
나누리병원,EZ Rap (부위별),,,처치재료,,"80,000",,BC1215HT,,"Knee ,Shouider,2020.2 수가인상",Χ,Χ
나누리병원,Liquiband Surgical S-0.8g,,,치료재료,,"75,000","100,000",BB3000LQ,,,Χ,Χ
나누리병원,진료확인서 (원본),,,증명료,,"3,000",,,,1매당,○,○
나누리병원,진료비 세부내역서 (추가발급) 1부당,,,증명료,,"3,000",,,,장당,○,○
나누리병원,수술확인서 (부본),,,증명료,,"1,000",,,,1장,○,Χ
나누리병원,수술확인서(원본),,,증명료,,"3,000",,,,1장,Χ,Χ
나누리병원,입퇴원확인서(부본),,,증명료,,"1,000",,,,1매,○,○
나누리병원,덱스메딘주(비급여-하나),,,약제,,"60,000",,657805981,,1병,Χ,Χ
나누리병원,페린젝트주10ml,,,약제,,"250,000",,644913140,,1개,Χ,Χ
나누리병원,팜비오에이티피주 2ml (비급여),,,약제,,"35,000",,659901351,,1개,Χ,Χ
나누리병원,칼도롤주800mg (비급여-한국디비팜),,,약제,,"50,000",,676700471,,"1개, 2019.7.수가인상",Χ,Χ
나누리병원,지씨비타일이주 2ml (비급여),,,약제,,"5,000",,681100091,,1개,○,○
나누리병원,허혈성 변형 알부민 검사,,,기타검사,,"50,000",,CZ246,,1회,○,○
나누리병원,자율신경계이상검사(기립성혈압검사),,,기타검사,,"30,000",,FY891,,1회,Χ,Χ
나누리병원,족부수분검사 [소요재료포함],,,기타검사,,"66,000",,FZ715,,1회,○,○
나누리병원,JM-322 Power Ankle,,,보조기,,"80,000",,BC1212PV,,,Χ,Χ
나누리병원,Asan-Zineu Balloon Catheter (경피적풍선 카테터),,,치료재료,,"1,300,000",,,,1개,Χ,Χ
의료법인 신의료재단 김해삼승병원,1인실,상급병실료차액,,,150000,,,ZBZ01,1인실,2019.07.01 인상,,
의료법인 신의료재단 김해삼승병원,간병료,간병료,,,40000,,,,간병료,2019.10.01 인상,,
의료법인 신의료재단 김해삼승병원,진정내시경 환자관리료 II,내시경,,,50000,,,EA002,수면내시경(5만원)-위,,,
의료법인 신의료재단 김해삼승병원,진정내시경 환자관리료 IV,내시경,,,40000,,,EA004,수면내시경(4만원)-기관지,,,
의료법인 신의료재단 김해삼승병원,진정내시경 환자관리료 III,내시경,,,60000,,,EA003,수면내시경(6만원)-대장,,,
의료법인 신의료재단 김해삼승병원,"진정내시경    환자관리료 II
									진정내시경 환자관리료 III",내시경,,,110000,,,"EA002
									EA003","수면내시경(11만원)-위,대장",,,
의료법인 신의료재단 김해삼승병원,"진정내시경    환자관리료 II
									진정내시경 환자관리료 III",내시경,,,110000,,,"EA002
									EA003","수면내시경(11만원)-위,대장",,,
의료법인 신의료재단 김해삼승병원,혈소판 약물 반응검사 (아스피린)    [현장검사],혈액학응고계검사,,,90000,,,BZ071,혈소판 약물 반응검사 (아스피린)    [현장검사],,,
의료법인 신의료재단 김해삼승병원,혈소판 응집능검사[교류저항혈소판응집],혈액학응고계검사,,,45000,,,BZ078,혈소판 응집능검사[교류저항혈소판응집],,,
의료법인 신의료재단 김해삼승병원,인플루엔자A·B바이러스항원검사[현장검사],감염증기타검사,,,30000,,,CZ394,인플루엔자A·B바이러스항원검사[현장검사],,,
의료법인 신의료재단 김해삼승병원,호모시스테인검사,"지질,영양관련검사",,,33220,,,CZ133,위탁)호모시스테인검사(Homocysteine),,,
의료법인 신의료재단 김해삼승병원,호모시스테인검사,"지질,영양관련검사",,,70000,,,CZ430,자가면역표적검사 (AIT검사),,,
의료법인 신의료재단 김해삼승병원,HIV항체[현장검사],감염증혈청검사,,,40000,,,CZ396,HIV항체[현장검사],,,
의료법인 신의료재단 김해삼승병원,항CCP항체[IgG],자가면역질환검사,,,51260,,,CZ432,위탁)항CCP항체[IgG],,,
의료법인 신의료재단 김해삼승병원,HCV 항체검사 [간이검사],감염증기타검사,,,40000,,,CZ492,HCV 항체검사 [간이검사],,,
의료법인 신의료재단 김해삼승병원,기타 검사-HDV DNA PCR검사,분자병리검사,,,124850,,,CZ959,위탁)기타 검사-HDV DNA    PCR검사,,,
의료법인 신의료재단 김해삼승병원,기타 검사-인플루엔자바이러스    A&B[실시간중합효소연쇄반응법],분자병리검사,,,150480,,,CZ996,위탁)기타 검사-인플루엔자바이러스    A&B[다중역전사중합효소연쇄반응법],,,
의료법인 신의료재단 김해삼승병원,동맥경화도검사,순환기기능검사,,,10000,,,EZ868,동맥경화도검사,,,
의료법인 신의료재단 김해삼승병원,호기 산화질소 측정,폐기능검사,,,40000,,,FZ672,호기 산화질소 측정,,,
의료법인 신의료재단 김해삼승병원,체수분 상태 측정,체수분 상태 측정,,,10000,,,,체수분 상태 측정(한시적비급여),,,○
의료법인 신의료재단 김해삼승병원,단순초음파(I),초음파,,,15000,,,EB401,단순초음파(I) One    Point US,,,
의료법인 신의료재단 김해삼승병원,단순초음파(II),초음파,,,30000,,,EB402,단순초음파(II)    Simple US,,,
의료법인 신의료재단 김해삼승병원,두경부-경부 초음파-갑성선·부갑상선,초음파,,,70000,,,EB414,초음파-ThyroidㆍParathyroid    gland,,,
의료법인 신의료재단 김해삼승병원,두경부-경부 초음파-갑성선·부갑상선,초음파,,,70000,,,EB415,초음파-Neck(Except    ThyroidㆍParathyroid gland),,,
의료법인 신의료재단 김해삼승병원,흉부-유방·액와부 초음파,초음파,,,90000,,,EB421,초음파-BreastㆍAxilla,,,
의료법인 신의료재단 김해삼승병원,흉부-유방·액와부 제외한 흉부 초음파,초음파,,,70000,,,EB422,초음파-Chest(Except    BreastㆍAxilla),,,
의료법인 신의료재단 김해삼승병원,흉부-유방·액와부 제외한 흉부 초음파,초음파,,,50000,,,EB422,초음파-Chest(Rib),,,
의료법인 신의료재단 김해삼승병원,심장-경흉부 심초음파-단순,초음파,,,110000,,,EB431,심장초음파-Transthoracic    Echocardiography(Simple),,,
의료법인 신의료재단 김해삼승병원,복부-복부    초음파-간·담낭·담도·비장·췌장-일반,초음파,,,90000,,,EB441,초음파-Upper    Abdominal(간ㆍ담낭ㆍ담도ㆍ비장ㆍ췌장(일반)),,,
의료법인 신의료재단 김해삼승병원,복부-복부 초음파-충수,초음파,,,80000,,,EB443,초음파-Abdominal(Appendix),,,
의료법인 신의료재단 김해삼승병원,복부-복부 초음파-소장·대장,초음파,,,90000,,,EB444,초음파-Lower    Abdominal(Small BowelㆍColon),,,
의료법인 신의료재단 김해삼승병원,복부-복부 초음파-서혜부,초음파,,,60000,,,EB445,초음파-Abdominal(Inguinal    region),,,
의료법인 신의료재단 김해삼승병원,복부-비뇨기계 초음파-신장·부신·방광,초음파,,,90000,,,EB448,초음파-Urinary    System(KUB),,,
의료법인 신의료재단 김해삼승병원,복부-남성생식기 초음파-전립선·정낭,초음파,,,80000,,,EB451,초음파-Male    Genital(전립선ㆍ정낭),,,
의료법인 신의료재단 김해삼승병원,복부-남성생식기 초음파-음낭,초음파,,,70000,,,EB454,초음파-Male Genital(음낭    Scrotum),,,
의료법인 신의료재단 김해삼승병원,복부-여성생식기 초음파-일반,초음파,,,80000,,,EB455,초음파-Female    Genital(Pelvis),,,
의료법인 신의료재단 김해삼승병원,"근골격, 연부-관절    초음파-손가락(편측)",초음파,,,50000,,,EB461,초음파-Joint(Finger)[편측],,,
의료법인 신의료재단 김해삼승병원,"근골격, 연부-관절    초음파-발가락(편측)",초음파,,,50000,,,EB462,초음파-Joint(Toe)[편측],,,
의료법인 신의료재단 김해삼승병원,"근골격, 연부-관절    초음파-주관절(편측)",초음파,,,60000,,,EB463,초음파-Joint(Elbow)[편측],,,
의료법인 신의료재단 김해삼승병원,"근골격, 연부-관절    초음파-슬관절(편측)",초음파,,,60000,,,EB464,초음파-Joint(Knee)[편측],,,
의료법인 신의료재단 김해삼승병원,"근골격, 연부-관절    초음파-고관절(편측)",초음파,,,70000,,,EB465,초음파-Joint(Hip)[편측],,,
의료법인 신의료재단 김해삼승병원,"근골격, 연부-관절    초음파-견관절(편측)",초음파,,,70000,,,EB466,초음파-Joint(Shoulder)[편측],,,
의료법인 신의료재단 김해삼승병원,"근골격, 연부-관절    초음파-손목관절(편측)",초음파,,,70000,,,EB467,초음파-Joint(Wrist)[편측],,,
의료법인 신의료재단 김해삼승병원,"근골격, 연부-관절    초음파-발목관절(편측)",초음파,,,70000,,,EB468,초음파-Joint(Ankle)[편측],,,
의료법인 신의료재단 김해삼승병원,"근골격, 연부-관절 초음파-일반",초음파,,,50000,,,EB470,초음파-Soft Tissue(Back),,,
의료법인 신의료재단 김해삼승병원,"근골격, 연부-관절 초음파-일반",초음파,,,50000,,,EB470,초음파-Soft    Tissue(Femur),,,
의료법인 신의료재단 김해삼승병원,"근골격, 연부-관절 초음파-일반",초음파,,,50000,,,EB470,초음파-Soft Tissue(Calf),,,
의료법인 신의료재단 김해삼승병원,"근골격, 연부-관절 초음파-일반",초음파,,,50000,,,EB470,초음파-Soft    Tissue(Other),,,
의료법인 신의료재단 김해삼승병원,혈관-두개외 혈관 도플러 초음파-경동맥,초음파,,,120000,,,EB482,혈관도플러초음파-경동맥 Carotid    Artery,,,
의료법인 신의료재단 김해삼승병원,혈관-사지혈관 도플러 초음파-상지-동맥,초음파,,,120000,,,EB484,혈관도플러초음파-Upper    Extremity-Artery[편측],,,
의료법인 신의료재단 김해삼승병원,혈관-사지혈관 도플러 초음파-상지-동맥,초음파,,,240000,,,EB484,혈관도플러초음파-Upper    Extremity-Artery[양측],,,
의료법인 신의료재단 김해삼승병원,혈관-사지혈관 도플러 초음파-상지-정맥,초음파,,,120000,,,EB485,혈관도플러초음파-Upper    Extremity-Vein[편측],,,
의료법인 신의료재단 김해삼승병원,혈관-사지혈관 도플러 초음파-상지-정맥,초음파,,,240000,,,EB485,혈관도플러초음파-Upper    Extremity-Vein[양측],,,
의료법인 신의료재단 김해삼승병원,혈관-사지혈관 도플러 초음파-하지-동맥,초음파,,,120000,,,EB487,혈관도플러초음파-Lower    Extremity-Artery[편측],,,
의료법인 신의료재단 김해삼승병원,혈관-사지혈관 도플러 초음파-하지-동맥,초음파,,,240000,,,EB487,혈관도플러초음파-Lower    Extremity-Artery[양측],,,
의료법인 신의료재단 김해삼승병원,혈관-사지혈관 도플러 초음파-하지-정맥,초음파,,,120000,,,EB488,혈관도플러초음파-Lower    Extremity-Vein[편측],,,
의료법인 신의료재단 김해삼승병원,혈관-사지혈관 도플러 초음파-하지-정맥,초음파,,,240000,,,EB488,혈관도플러초음파-Lower    Extremity-Vein[양측],,,
의료법인 신의료재단 김해삼승병원,증식치료(사지관절부위),물리치료료,,,30000,,,MY142,증식치료Prolotherapy(사지관절부위),,,
의료법인 신의료재단 김해삼승병원,증식치료(척추부위),물리치료료,,,30000,,,MY143,증식치료Prolotherapy(척추부위),,,
의료법인 신의료재단 김해삼승병원,도수치료 [1일당],물리치료료,,,50000,,,MX122,도수치료 [1일당],,,
의료법인 신의료재단 김해삼승병원,FIMS,물리치료료,,,70000,,,MZ001,FIMS(초음파 유도하 석회제거술),,,
의료법인 신의료재단 김해삼승병원,FIMS,물리치료료,,,10000,,,MZ001,FIMS(Functional    Intramuscular Stimulation),,,
의료법인 신의료재단 김해삼승병원,포경수술,남성생식기,,,150000,,200000,,포경수술(환상절개)-비급여,나이,,
의료법인 신의료재단 김해삼승병원,점제거,피부,,,5000,,10000,,점제거,크기,,
의료법인 신의료재단 김해삼승병원,증상이 있는 갑상선양성결절의    고주파열치료술,내분비기,,,1200000,,,PZ612,증상이 있는 갑상선양성결절의    고주파열치료술(RFA : 1개),,,
의료법인 신의료재단 김해삼승병원,증상이 있는 갑상선양성결절의    고주파열치료술,내분비기,,,1500000,,,PZ612,증상이 있는 갑상선양성결절의    고주파열치료술(RFA : 2개),,,
의료법인 신의료재단 김해삼승병원,증상이 있는 갑상선양성결절의    고주파열치료술,내분비기,,,1600000,,,PZ612,증상이 있는 갑상선양성결절의    고주파열치료술(RFA : 3개),,,
의료법인 신의료재단 김해삼승병원,증상이 있는 갑상선양성결절의    고주파열치료술,내분비기,,,1700000,,,PZ612,증상이 있는 갑상선양성결절의    고주파열치료술(RFA : 4개),,,
의료법인 신의료재단 김해삼승병원,체외충격파치료[근골격계질환],근골,,,50000,,,SZ084,체외충격파치료(ESWT),,,
의료법인 신의료재단 김해삼승병원,추간판내 고주파 열치료술,근골,,,2700000,,,SZ083,추간판내 고주파 열치료술(IDET),,,O
의료법인 신의료재단 김해삼승병원,경피적 경막외강 신경성형술,신경,,,1800000,,,SZ634,경피적 경막외강신경성형술,,,O
의료법인 신의료재단 김해삼승병원,경피적 풍선확장 경막외강 신경성형,신경,,,2200000,,,SZ641,경피적 풍선확장 경막외강 신경성형,,,O
의료법인 신의료재단 김해삼승병원,EXOFIN HVTA,창상봉합용    액상접착제,,,90000,,,BB3000DX,,,,
의료법인 신의료재단 김해삼승병원,HISTOACRYL FLEXIBLE,창상봉합용 액상접착제,,,130000,,,BB3002BP,,,,
의료법인 신의료재단 김해삼승병원,LIQUIBAND EXCEED,창상봉합용 액상접착제,,,120000,,,BB3003LQ,,,,
의료법인 신의료재단 김해삼승병원,"MEGADBM, INNO-FUSE,    INNO-BLAST, K-FUSE, ONEOSS-GEL",인체조직유래 2차 가공뼈,,,700000,,,BC0100OT,1cc,,,
의료법인 신의료재단 김해삼승병원,INTERGRO DBM,인체조직유래 2차 가공뼈,,,800000,,,BC0101BG,1cc,,,
의료법인 신의료재단 김해삼승병원,INTERGRO DBM,인체조직유래 2차 가공뼈,,,1300000,,,BC0101BG,2cc,,,
의료법인 신의료재단 김해삼승병원,DEMIOS (DBM),인체조직유래 2차 가공뼈,,,400000,,,BC0101KJ,0.5cc,,,
의료법인 신의료재단 김해삼승병원,DEMIOS (DBM),인체조직유래 2차 가공뼈,,,700000,,,BC0101KJ,1cc,,,
의료법인 신의료재단 김해삼승병원,DEMIOS (DBM),인체조직유래 2차 가공뼈,,,1300000,,,BC0101KJ,2.5cc,,,
의료법인 신의료재단 김해삼승병원,DBM GEL PRO,인체조직유래 2차 가공뼈,,,700000,,,BC0103BU,1CC,,,
의료법인 신의료재단 김해삼승병원,DBM GEL PRO,인체조직유래 2차 가공뼈,,,1300000,,,BC0103BU,3CC,,,
의료법인 신의료재단 김해삼승병원,SUREFUSE-TM,인체조직유래 2차 가공뼈,,,450000,,,BC0103ED,0.5cc,,,
의료법인 신의료재단 김해삼승병원,SUREFUSE-TM,인체조직유래 2차 가공뼈,,,600000,,,BC0103ED,1cc,,,
의료법인 신의료재단 김해삼승병원,SUREFUSE-TM,인체조직유래 2차 가공뼈,,,1500000,,,BC0103ED,3cc,,,
의료법인 신의료재단 김해삼승병원,"EDENFUSE, EDENFUSE    OSTEOPLUS",인체조직유래 2차 가공뼈,,,400000,,,BC0107ED,0.5cc,,,
의료법인 신의료재단 김해삼승병원,"EDENFUSE, EDENFUSE    OSTEOPLUS",인체조직유래 2차 가공뼈,,,700000,,,BC0107ED,1cc,,,
의료법인 신의료재단 김해삼승병원,"EDENFUSE, EDENFUSE    OSTEOPLUS",인체조직유래 2차 가공뼈,,,1300000,,,BC0107ED,3cc,,,
의료법인 신의료재단 김해삼승병원,CHIROPACK,압박고정용 SPLINT,,,65000,,,BC1200ID,,,,
의료법인 신의료재단 김해삼승병원,깁슈(GIPSHOE),압박고정용 SPLINT,,,100000,,,BC1201EF,,,,
의료법인 신의료재단 김해삼승병원,COOLGUARD,압박고정용 SPLINT,,,40000,,,BC1201NA,,,,
의료법인 신의료재단 김해삼승병원,VACO SPLINT,압박고정용 SPLINT,,,550000,,,BC1201ON,,,,
의료법인 신의료재단 김해삼승병원,VACOCAST,압박고정용 SPLINT,,,350000,,,BC1203ON,,,,
의료법인 신의료재단 김해삼승병원,DR.MED-CERVICAL(경추부)-토마스칼라,압박고정용 SPLINT,,,30000,,,BC1203RE,,,,
의료법인 신의료재단 김해삼승병원,AIRSELECT WALKER,압박고정용 SPLINT,,,350000,,,BC1202RH,,,,
의료법인 신의료재단 김해삼승병원,CENS,발톱고정용 재료,,,150000,,,BC1301AS,,,,
의료법인 신의료재단 김해삼승병원,일회용 발 조절식 전기수술기용 전극    전규격,추간판내 고주파 열치료술,,,2000000,,,BF0201SH,,,,
의료법인 신의료재단 김해삼승병원,YES C DISC 전규격,추간판내 고주파 열치료술,,,2000000,,,BF0202SH,,,,
의료법인 신의료재단 김해삼승병원,GM SUTION FIX,배액관 고정용판,,,15000,,,BJ1000IP,,,,
의료법인 신의료재단 김해삼승병원,메디픽스아이브이픽스덤(FIX    MASTER),배액관 고정용판,,,40000,,,BJ1000PW,,,,
의료법인 신의료재단 김해삼승병원,CARE-FIX    (EG-D7(114*210)),배액관 고정용판,,,15000,,,BJ1000VO,,,,
의료법인 신의료재단 김해삼승병원,DEL (보비 팁 크리너),배액관 고정용판,,,5000,,,BJ1000ZC,,,,
의료법인 신의료재단 김해삼승병원,ENDOTRACHEAL TUBE HOLDER,배액관 고정용판,,,38000,,,BJ1001YF,,,,
의료법인 신의료재단 김해삼승병원,성우픽스아이브이(SW FIX IV),배액관 고정용판,,,4000,,,BJ1002BI,,,,
의료법인 신의료재단 김해삼승병원,드레인클립,배액관 고정용판,,,30000,,,BJ1002XJ,,,,
의료법인 신의료재단 김해삼승병원,MULTIFIX FOLEY,배액관 고정용판,,,5000,,,BJ1006GA,,,,
의료법인 신의료재단 김해삼승병원,UNIFIX WITH UNIFLOW,배액관 고정용판,,,8000,,,BJ1018GA,,,,
의료법인 신의료재단 김해삼승병원,ASAN-ZINEU BALLOON    CATHETER,풍선확장 경막외강    유착박리술용,,,1500000,,,BJ4801NX,,,,
의료법인 신의료재단 김해삼승병원,경막외카테터(NVC),경막외강 신경박리술용,,,1300000,,,BJ4801XP,,,,
의료법인 신의료재단 김해삼승병원,BIOVISION 1.7MM,경막외강 신경박리술 및    감압 신경성형술용,,,1300000,,,BJ4802IU,,,,
의료법인 신의료재단 김해삼승병원,EPISOL H,풍선확장 경막외강    유착박리술용,,,1500000,,,BJ4804GZ,,,,
의료법인 신의료재단 김해삼승병원,MARLINS,압박고정용(탄력반창고),,,30000,,,BK7000RN,?4인치,,,
의료법인 신의료재단 김해삼승병원,MARLINS,압박고정용(탄력반창고),,,30000,,,BK7000RN,?6인치,,,
의료법인 신의료재단 김해삼승병원,RAPBAND,압박고정용(탄력반창고),,,130000,,,BK7000VW,,,,
의료법인 신의료재단 김해삼승병원,토니밴드,압박고정용(탄력반창고),,,35000,,,BK7001MY,,,,
의료법인 신의료재단 김해삼승병원,HEKAFAST?,압박고정용(탄력반창고),,,12000,,,BK7001WT,3인치 1M,,,
의료법인 신의료재단 김해삼승병원,HEKAFAST?,압박고정용(탄력반창고),,,24000,,,BK7001WT,3인치 2M,,,
의료법인 신의료재단 김해삼승병원,HEKAFAST?,압박고정용(탄력반창고),,,16000,,,BK7001WT,4인치 1M,,,
의료법인 신의료재단 김해삼승병원,HEKAFAST?,압박고정용(탄력반창고),,,32000,,,BK7001WT,4인치 2M,,,
의료법인 신의료재단 김해삼승병원,HEKAFAST?,압박고정용(탄력반창고),,,20000,,,BK7001WT,4인치 1M CUT,,,
의료법인 신의료재단 김해삼승병원,ES TEMPERATURE SENSOR,"심음,폐음, 체온감시용",,,40000,,,BL9001WH,,,,
의료법인 신의료재단 김해삼승병원,3M COBAN    SELF-ADHERENT WRAP?,자착성(탄력)붕대,,,3000,,,BK7101EA,1인치,,,
의료법인 신의료재단 김해삼승병원,PHYSICOOL-(PHV001)    Bandage A,자착성(탄력)붕대,,,37500,,,BK7101XX,PHV001,,,
의료법인 신의료재단 김해삼승병원,PHYSICOOL-(PHV004)    Bandage B,자착성(탄력)붕대,,,48000,,,BK7101XX,PHV004,,,
의료법인 신의료재단 김해삼승병원,BEXCORE (PROBE  VACCUM SET),유방 생검용,,,1000000,,,BM0001ZC,1개,,,
의료법인 신의료재단 김해삼승병원,BEXCORE (PROBE    VACCUM SET),유방 생검용,,,300000,,,BM0001ZC,추가 1개당,,,
의료법인 신의료재단 김해삼승병원,IV REGULATOR FILTER SET,의약품주입여과기,,,8000,,,BM0301AN,,,,
의료법인 신의료재단 김해삼승병원,IV FILTER SET,의약품주입여과기,,,7000,,,BM0301AN,,,,
의료법인 신의료재단 김해삼승병원,SPM FILTER,의약품주입여과기,,,6000,,,BM0301VS,,,,
의료법인 신의료재단 김해삼승병원,PROFI FILTER NEEDLE    SYRINGE,의약품주입여과기,,,1000,,,BM1301QM,,,,
의료법인 신의료재단 김해삼승병원,INNOMED SILICONE TAPE,상처고정 및 보호용,,,15000,,,BM2001LG,,,,
의료법인 신의료재단 김해삼승병원,MEPITEL ONE,상처고정 및 보호용,,,14000,,,BM2001QI,,,,
의료법인 신의료재단 김해삼승병원,MEDICLORE,척추경막외 유착방지제,,,200000,,,BM2101QT,,,,
의료법인 신의료재단 김해삼승병원,큐어젠,연조직 재건용,,,130000,,,BM2601LN,1cc,,,
의료법인 신의료재단 김해삼승병원,"테라젠(TERAGEN),    마이젠(MYGEN)",연조직 재건용,,,100000,,,BM2601MS,0.5cc,,,
의료법인 신의료재단 김해삼승병원,"테라젠(TERAGEN),    마이젠(MYGEN)",연조직 재건용,,,200000,,,BM2601MS,1.0cc,,,
의료법인 신의료재단 김해삼승병원,"테라젠(TERAGEN),    마이젠(MYGEN)",연조직 재건용,,,600000,,,BM2601MS,3.0cc,,,
의료법인 신의료재단 김해삼승병원,"테라젠(TERAGEN),    마이젠(MYGEN)",연조직 재건용,,,3000000,,,BM2601MS,,,,
의료법인 신의료재단 김해삼승병원,COLLASHIELD,연조직 재건용,,,100000,,,BM2601OP,0.5ML,,,
의료법인 신의료재단 김해삼승병원,COLLASHIELD,연조직 재건용,,,200000,,,BM2601OP,1ML,,,
의료법인 신의료재단 김해삼승병원,COLLASHIELD,연조직 재건용,,,600000,,,BM2601OP,3ML,,,
의료법인 신의료재단 김해삼승병원,COLLASHIELD,연조직 재건용,,,3000000,,,BM2601OP,B타입,,,
의료법인 신의료재단 김해삼승병원,BLACK COLLASHIELD,연조직 재건용,,,880000,,,BM2601OP,6% 1cc,,,
의료법인 신의료재단 김해삼승병원,REGENSEAL,연조직 재건용,,,3000000,,,BM2601QQ,603,,,
의료법인 신의료재단 김해삼승병원,REGENSEAL,연조직 재건용,,,220000,,,BM2601QQ,301,,,
의료법인 신의료재단 김해삼승병원,REGENPATCH(리젠패치),연조직 재건용,,,600000,,,BM2602QQ,,,,
의료법인 신의료재단 김해삼승병원,P-STOP ADVANCE,연조직 재건용,,,350000,,,BM2602LN,,,,
의료법인 신의료재단 김해삼승병원,CHONDRO-GIDE,대퇴과 연골손상에 대한    미세골절술용,,,3000000,,,BM2621VY,30x40mm,,,
의료법인 신의료재단 김해삼승병원,SCARGEN,필름드레싱류,,,80000,,,BM5000AE,0.3g,,,
의료법인 신의료재단 김해삼승병원,SCARGEN,필름드레싱류,,,150000,,,BM5000AE,0.9g,,,
의료법인 신의료재단 김해삼승병원,SECUEX,건조 드레싱류,,,2000,,,BM5001GA,H,,,
의료법인 신의료재단 김해삼승병원,SECUEX,건조 드레싱류,,,6000,,,BM5001GA,L(※spinal(epidural)    needle 포함),,,
의료법인 신의료재단 김해삼승병원,SECUEX,건조 드레싱류,,,1500,,,BM5001GA,L,,,
의료법인 신의료재단 김해삼승병원,SECUEX,건조 드레싱류,,,2000,,,BM5001GA,M,,,
의료법인 신의료재단 김해삼승병원,수성멸균흡수패드,건조 드레싱류,,,1000,,,BM5001YU,10*10,,,
의료법인 신의료재단 김해삼승병원,수성멸균흡수패드,건조 드레싱류,,,2000,,,BM5001YU,10*20,,,
의료법인 신의료재단 김해삼승병원,MEDIX BAND,건조 드레싱류,,,300,,,BM5002CS,6*8,,,
의료법인 신의료재단 김해삼승병원,MEDIX BAND,건조 드레싱류,,,400,,,BM5003CS,7*10,,,
의료법인 신의료재단 김해삼승병원,텐드라메포아,건조 드레싱류,,,400,,,BM5002JQ,6*7,,,
의료법인 신의료재단 김해삼승병원,텐드라메포아?,건조 드레싱류,,,500,,,BM5002JQ,9*10,,,
의료법인 신의료재단 김해삼승병원,텐드라메포아?,건조 드레싱류,,,800,,,BM5002JQ,9*15,,,
의료법인 신의료재단 김해삼승병원,텐드라메포아,건조 드레싱류,,,1500,,,BM5002JQ,9*20,,,
의료법인 신의료재단 김해삼승병원,REJUVASIL SCAR    GEL?,건조 드레싱류,,,50000,,,BM5002OH,15G,,,
의료법인 신의료재단 김해삼승병원,REJUVASIL SCAR    GEL?,건조 드레싱류,,,100000,,,BM5002OH,30G,,,
의료법인 신의료재단 김해삼승병원,STERI    STRIP REINFORCED SKIN CLOSURE,건조 드레싱류,,,1500,,,BM5003EM,,,,
의료법인 신의료재단 김해삼승병원,DERMLIN PASTE?,건조 드레싱류,,,35000,,,BM5003OH,2G,,,
의료법인 신의료재단 김해삼승병원,동영메쉬코튼패드 플러스,건조 드레싱류,,,1500,,,BM5003QZ,10CM*15CM,,,
의료법인 신의료재단 김해삼승병원,동영메쉬코튼패드 플러스,건조 드레싱류,,,2000,,,BM5003QZ,10CM*20CM,,,
의료법인 신의료재단 김해삼승병원,NEO SKIN-D,건조 드레싱류,,,40000,,,BM5006RQ,1G,,,
의료법인 신의료재단 김해삼승병원,NEO SKIN-D,건조 드레싱류,,,110000,,,BM5006RQ,6G,,,
의료법인 신의료재단 김해삼승병원,에이덤 플러스 드레싱,건조 드레싱류,,,1500,,,BM5007HF,,,,
의료법인 신의료재단 김해삼승병원,MEPILEX BORDER    POST-OP,건조 드레싱류,,,12000,,,BM5012JQ,6*8,,,
의료법인 신의료재단 김해삼승병원,MEPILEX BORDER    POST-OP,건조 드레싱류,,,14000,,,BM5012JQ,9*15,,,
의료법인 신의료재단 김해삼승병원,MEPILEX BORDER    POST-OP,건조 드레싱류,,,21000,,,BM5012JQ,10*20,,,
의료법인 신의료재단 김해삼승병원,큐어패드,건조 드레싱류,,,2000,,,BM5020HF,15X20,,,
의료법인 신의료재단 김해삼승병원,MEDI-PROTECT    BAND?,건조 드레싱류,,,20000,,,BM5023AX,20CMX22CM(16CMX22CM),,,
의료법인 신의료재단 김해삼승병원,에드플렉스-에스아이,건조 드레싱류,,,6000,,,BM5033CU,,,,
의료법인 신의료재단 김해삼승병원,메디큐어롤반창고,드레싱 고정류,,,600,,,BM5100RW,,,,
의료법인 신의료재단 김해삼승병원,3M SOFT CLOTH WITH    LINER:,드레싱 고정류,,,6600,,,BM5101LX,(픽스몰)[3M]5*10CM(모두사용),,,
의료법인 신의료재단 김해삼승병원,3M SOFT CLOTH WITH    LINER:,드레싱 고정류,,,70,,,BM5101LX,(픽스몰)[3M]5*10CM(10CM당),,,
의료법인 신의료재단 김해삼승병원,3M SOFT CLOTH WITH    LINER:,드레싱 고정류,,,13200,,,BM5101LX,(픽스몰)[3M]10*10CM(모두사용),,,
의료법인 신의료재단 김해삼승병원,3M SOFT CLOTH WITH    LINER:,드레싱 고정류,,,130,,,BM5101LX,(픽스몰)[3M]10*10CM(10CM당),,,
의료법인 신의료재단 김해삼승병원,3M SOFT CLOTH WITH    LINER:,드레싱 고정류,,,21000,,,BM5101LX,(픽스몰)[3M]15*10CM(모두사용),,,
의료법인 신의료재단 김해삼승병원,3M SOFT CLOTH WITH    LINER:,드레싱 고정류,,,210,,,BM5101LX,(픽스몰)[3M]15*10CM(10CM당),,,
의료법인 신의료재단 김해삼승병원,3M TRANSPORE WHITE    SURGICAL TAPE,드레싱 고정류,,,3000,,,BM5106EM,,,,
의료법인 신의료재단 김해삼승병원,OPSITE FLEXIFIX?,드레싱 고정류,,,500,,,BM5107CD,5CM*10CM,,,
의료법인 신의료재단 김해삼승병원,OPSITE FLEXIFIX?,드레싱 고정류,,,1000,,,BM5108CD,10CM*10CM (10CM당),,,
의료법인 신의료재단 김해삼승병원,OPSITE FLEXIFIX?,드레싱 고정류,,,90000,,,BM5108CD,10CM*10CM (1roll/전체),,,
의료법인 신의료재단 김해삼승병원,NEW-PLUS MEDICROL    TRANSPORE BANDAGE,드레싱 고정류,,,1000,,,BM5113AM,,,,
의료법인 신의료재단 김해삼승병원,REGENWEL,콜라겐 등 드레싱류,,,300000,,,BM5305BH,,,,
의료법인 신의료재단 김해삼승병원,Scaridgel(스카리드겔) 10g,기타,,,25000,,,,,,,
의료법인 신의료재단 김해삼승병원,Scaridgel(스카리드겔) 35g,기타,,,45000,,,,,,,
의료법인 신의료재단 김해삼승병원,서지루브(외과젤리) 120g,기타,,,5000,,,,,,,
의료법인 신의료재단 김해삼승병원,엘타클렌징폼 226g,기타,,,30000,,,,,,,
의료법인 신의료재단 김해삼승병원,어깨 보조기(shoulder    Sling)-치료보조기,기타,,,120000,,,,,,,
의료법인 신의료재단 김해삼승병원,어깨 보조기-재활보조기,기타,,,130000,,,,,,,
의료법인 신의료재단 김해삼승병원,손가락보조기,기타,,,15000,,,,,,,
의료법인 신의료재단 김해삼승병원,토마스칼라(넥칼라),기타,,,20000,,,,,,,
의료법인 신의료재단 김해삼승병원,필라델피아(경추용),기타,,,80000,,,,,,,
의료법인 신의료재단 김해삼승병원,허리보호대(코르셋),기타,,,100000,,,,,,,
의료법인 신의료재단 김해삼승병원,"요통대(대,중,소)",기타,,,30000,,,,,,,
의료법인 신의료재단 김해삼승병원,무릎보조기(무릎게이지),기타,,,80000,,,,,,,
의료법인 신의료재단 김해삼승병원,발목보조기,기타,,,40000,,,,,,,
의료법인 신의료재단 김해삼승병원,목발1개,기타,,,8000,,,,,,,
의료법인 신의료재단 김해삼승병원,목발1쌍,기타,,,15000,,,,,,,
의료법인 신의료재단 김해삼승병원,팔걸이,기타,,,5000,,,,,,,
의료법인 신의료재단 김해삼승병원,벨포,기타,,,20000,,,,,,,
의료법인 신의료재단 김해삼승병원,무릎밴드,기타,,,10000,,,,,,,
의료법인 신의료재단 김해삼승병원,발목밴드,기타,,,10000,,,,,,,
의료법인 신의료재단 김해삼승병원,손목밴드,기타,,,10000,,,,,,,
의료법인 신의료재단 김해삼승병원,쇄골밴드(성인),기타,,,10000,,,,,,,
의료법인 신의료재단 김해삼승병원,쇄골밴드(소아),기타,,,10000,,,,,,,
의료법인 신의료재단 김해삼승병원,"손목보조기(대,중,소)",기타,,,20000,,,,,,,
의료법인 신의료재단 김해삼승병원,실리콘발가락교정기,기타,,,20000,,,,,,,
의료법인 신의료재단 김해삼승병원,캐스트슈즈,기타,,,7000,,,,,,,
의료법인 신의료재단 김해삼승병원,테니스엘보(팔꿈치밴드),기타,,,10000,,,,,,,
의료법인 신의료재단 김해삼승병원,환의(상의),기타,,,10000,,,,,,,
의료법인 신의료재단 김해삼승병원,환의(하의),기타,,,10000,,,,,,,
의료법인 신의료재단 김해삼승병원,환의(원피스),기타,,,20000,,,,,,,
의료법인 신의료재단 김해삼승병원,핸드볼,기타,,,2000,,,,,,,
의료법인 신의료재단 김해삼승병원,냉온찜질팩,기타,,,20000,,,,,,,
의료법인 신의료재단 김해삼승병원,1회용 대변기(여자소변기),기타,,,20000,,,?,,,,
의료법인 신의료재단 김해삼승병원,DI SET,기타,,,300000,,,?,,,,
의료법인 신의료재단 김해삼승병원,네오시덤연고(퓨시드산나트륨)    10g,,,,1000,,,644800190,,,,
의료법인 신의료재단 김해삼승병원,뉴트리헥스주 100ml,,,,30000,,,645103360,,,,
의료법인 신의료재단 김해삼승병원,뉴트리헥스주    100ml(MBB 시술후),,,,20000,,,645103360,,,,
의료법인 신의료재단 김해삼승병원,닥터라민주100ml,,,,30000,,,678900740,,,,
의료법인 신의료재단 김해삼승병원,닥터라민주100ml-MBB    시술시,,,,20000,,,678900740,,,,
의료법인 신의료재단 김해삼승병원,데오에스베리벤에프주,,,,6000,,,645101151,,,,
의료법인 신의료재단 김해삼승병원,독감0.5ml(스카이셀플루4가프리필드시린지),,,,40000,,,644704380,,,,
의료법인 신의료재단 김해삼승병원,둘코락스에스정,,,,300,,,653501140,,,,
의료법인 신의료재단 김해삼승병원,렉센에스 좌제,,,,1000,,,645304270,,,,
의료법인 신의료재단 김해삼승병원,마데카솔케어연고 10G,,,,8000,,,653401640,,,,
의료법인 신의료재단 김해삼승병원,마이드린캅셀,,,,200,,,643601020,,,,
의료법인 신의료재단 김해삼승병원,머슬린 액 10ML,,,,3000,,,644913800,,,,
의료법인 신의료재단 김해삼승병원,멀티블루5 주,,,,60000,,,655604320,,,,
의료법인 신의료재단 김해삼승병원,멀티비타 주,,,,30000,,,669906440,,,,
의료법인 신의료재단 김해삼승병원,메가코르빈씨 주,,,,15000,,,670401070,,,,
의료법인 신의료재단 김해삼승병원,메르스몬 주 (태반주사),,,,30000,,,684700010,,,,
의료법인 신의료재단 김해삼승병원,BACTIGRAS    (박티그라 5mg),,,,3000,,,681800010,,,,
의료법인 신의료재단 김해삼승병원,본마린주(비타민 D)    1ml,,,,50000,,,669804650,,,,
의료법인 신의료재단 김해삼승병원,브리디온 주?,,,,200000,,,655501751,,,,
의료법인 신의료재단 김해삼승병원,본디업 주,,,,50000,,,645906060,,,,
의료법인 신의료재단 김해삼승병원,비타모주,,,,2000,,,670601120,,,,
의료법인 신의료재단 김해삼승병원,삐콤정,,,,300,,,642100700,,,,
의료법인 신의료재단 김해삼승병원,삼진타우로린주사2%250ml,,,,100000,,,647801080,,,,
의료법인 신의료재단 김해삼승병원,성광칼라민로오션 1ml,,,,30,,,A03900711,,,,
의료법인 신의료재단 김해삼승병원,스파리나주,,,,1500,,,657801120,,,,
의료법인 신의료재단 김해삼승병원,스폰고스탄    스텐다드428mg(지혈제),,,,15000,,,650800260,,,,
의료법인 신의료재단 김해삼승병원,스폰고스탄아날    643.5mg(지혈제),,,,20000,,,650800280,,,,
의료법인 신의료재단 김해삼승병원,아이리스점안액 15ml,,,,2500,,,651201240,,,,
의료법인 신의료재단 김해삼승병원,알보칠콘센트레이트액    720mg/g,,,,400,,,670000610,,,,
의료법인 신의료재단 김해삼승병원,액티피드정,,,,50,,,643900900,,,,
의료법인 신의료재단 김해삼승병원,에취라제주사1500IU,,,,30000,,,646801020,,,,
의료법인 신의료재단 김해삼승병원,엠라5%크림5G,,,,10000,,,650700430,,,,
의료법인 신의료재단 김해삼승병원,오라메디연고10mg/g,,,,7500,,,653400790,,,,
의료법인 신의료재단 김해삼승병원,오마프원 페리 주    362ml,,,,70000,,,640006700,,,,
의료법인 신의료재단 김해삼승병원,콤비플렉스엠시티페리주375mL,,,,70000,,,678900850,,,,
의료법인 신의료재단 김해삼승병원,오스테민캡슐,,,,180,,,647801830,,,,
의료법인 신의료재단 김해삼승병원,인스틸라젤 겔 11ml,,,,10000,,,675100010,,,,
의료법인 신의료재단 김해삼승병원,조스타박스주(대상포진생바이러스백신),,,,200000,,,655500900,,,,
의료법인 신의료재단 김해삼승병원,지타코주(은행엽엑스),,,,2500,,,669903400,,,,
의료법인 신의료재단 김해삼승병원,큐라스텐액 20ML    (1포),,,,2000,,,671805120,,,,
의료법인 신의료재단 김해삼승병원,푸로아민주 250밀리리터,,,,40000,,,655601840,,,,
의료법인 신의료재단 김해삼승병원,푸로아민주 250밀리리터    (+멀티블루5 주),,,,100000,,,655601840,,,,
의료법인 신의료재단 김해삼승병원,푸로아민주 250밀리리터    (+멀티비타 주),,,,70000,,,655601840,,,,
의료법인 신의료재단 김해삼승병원,푸로아민주 250밀리리터    (+파인블루 주),,,,80000,,,655601840,,,,
의료법인 신의료재단 김해삼승병원,푸로아민주 250밀리리터    (AK환자용),,,,20000,,,655601840,,,,
의료법인 신의료재단 김해삼승병원,트레스탄캡슐,,,,500,,,647802340,,,,
의료법인 신의료재단 김해삼승병원,태평양알보칠콘센트레이트액(폴리크레줄렌액),,,,400,,,670000610,,,,
의료법인 신의료재단 김해삼승병원,티디백신주(프리필드시린지),,,,30000,,,644701660,,,,
의료법인 신의료재단 김해삼승병원,파인블루 주,,,,40000,,,655604730,,,,
의료법인 신의료재단 김해삼승병원,페라미플루주 15ml(2개    세트),,,,70000,,,643604611,,,,
의료법인 신의료재단 김해삼승병원,폐구균(프리베나13주),,,,150000,,,648902270,,,,
의료법인 신의료재단 김해삼승병원,플로실헤모스태틱매트릭스500IU,,,,500000,,,646601400,,,,
의료법인 신의료재단 김해삼승병원,피엔믹스페리주2호500ML,,,,60000,,,655603540,,,,
의료법인 신의료재단 김해삼승병원,피코라이트 산,,,,15000,,,659900590,,,,
의료법인 신의료재단 김해삼승병원,크레온캡슐25000(판크레아스    분말),,,,1250,,,644206290,,,,
의료법인 신의료재단 김해삼승병원,하이코민주사2ml 급여,,,,10000,,,670602631,,,,
의료법인 신의료재단 김해삼승병원,휴온스피리독신염산염주50mg/ml,,,,1000,,,670603640,,,,
의료법인 신의료재단 김해삼승병원,B형간염(유박스비주),,,,30000,,,668900920,,,,
의료법인 신의료재단 김해삼승병원,마이어스칵테일요법,,,,60000,,,,,,,
의료법인 신의료재단 김해삼승병원,일반진단서,,,,20000,,,PDZ01,일반,,,
의료법인 신의료재단 김해삼승병원,일반진단서,,,,10000,,,PDZ01,근로능력평가용진단서,,,
의료법인 신의료재단 김해삼승병원,상해진단서,,,,100000,,,PDZ02,3주 미만,,,
의료법인 신의료재단 김해삼승병원,상해진단서,,,,150000,,,PDZ02,3주 이상,,,
의료법인 신의료재단 김해삼승병원,사망진단서,,,,10000,,,PDZ03,사망진단서,,,
의료법인 신의료재단 김해삼승병원,시체검안서,,,,30000,,,PDZ04,시체검안서,,,
의료법인 신의료재단 김해삼승병원,장애진단서,,,,15000,,,PDZ07,동사무소장애진단서(신체장애),,,
의료법인 신의료재단 김해삼승병원,장애진단서,,,,40000,,,PDZ07,동사무소장애진단서(정신장애),,,
의료법인 신의료재단 김해삼승병원,장애진단서,,,,100000,,,PDZ07,후유장해진단서(AMA),,,
의료법인 신의료재단 김해삼승병원,병사용진단서,,,,20000,,,PDZ08,병사용진단서,,,
의료법인 신의료재단 김해삼승병원,확인서,,,,3000,,,PDZ09,입/퇴원 확인서,,,
의료법인 신의료재단 김해삼승병원,확인서,,,,3000,,,PDZ09,통원진료확인서,,,
의료법인 신의료재단 김해삼승병원,국민연금장애심사용진단서,,,,15000,,,PDZ10,국민연금장애심사용진단서,,,
의료법인 신의료재단 김해삼승병원,사본발급,,,,1000,,,PDZ11,진료기록사본(1~5매까지),1매당,,
의료법인 신의료재단 김해삼승병원,사본발급,,,,100,,,PDZ11,진료기록사본(6매이상),1매당,,
의료법인 신의료재단 김해삼승병원,소견서(보험회사제출용),,,,20000,,,PDZ12,의사소견서,,,
의료법인 신의료재단 김해삼승병원,기타 제증명추가,,,,1000,,,,제증명서 사본 (1통당),1매당,,
의료법인 신의료재단 김해삼승병원,"장애,상해추가",,,,10000,,,,"장애,상해추가",1매당,,
의료법인 신의료재단 김해삼승병원,채용신체검사(일반),,,,30000,,,,채용검진,,,
의료법인 신의료재단 김해삼승병원,채용신체검사(일반),,,,35000,,,,채용검진(요추AP/LAT포함),요추X-ray포함,,
의료법인 신의료재단 김해삼승병원,진료기록영상(CD)복사,,,,10000,,,,CT CD COPY,,,
의료법인 신의료재단 김해삼승병원,진료기록영상(CD)복사,,,,10000,,,,MRI CD COPY,,,
의료법인 신의료재단 김해삼승병원,진료기록영상(CD)복사,,,,10000,,,,X-RAY CD COPY,,,
의료법인 신의료재단 김해삼승병원,기본종합검진(남성),종합검진,,,300000,,,,,,,
의료법인 신의료재단 김해삼승병원,기본종합검진(여성),종합검진,,,350000,,,,,,,
의료법인 신의료재단 김해삼승병원,혈액검사패키지,종합검진,,,100000,,,,,,,
의료법인 신의료재단 김해삼승병원,심플 종합검진,종합검진,,,200000,,,,,,,
의료법인 신의료재단 김해삼승병원,폐정밀 종합검진(남성),종합검진,,,350000,,,,,,,
의료법인 신의료재단 김해삼승병원,폐정밀 종합검진(여성),종합검진,,,420000,,,,,,,
의료법인 신의료재단 김해삼승병원,허리정밀 종합검진(남성),종합검진,,,350000,,,,,,,
의료법인 신의료재단 김해삼승병원,허리정밀 종합검진(여성),종합검진,,,420000,,,,,,,
의료법인 신의료재단 김해삼승병원,경추(목)정밀 종합검진(여성),종합검진,,,350000,,,,,,,
의료법인 신의료재단 김해삼승병원,경추(목)정밀 종합검진(남성),종합검진,,,420000,,,,,,,
의료법인 신의료재단 김해삼승병원,심장정밀 종합검진(남성),종합검진,,,370000,,,,,,,
의료법인 신의료재단 김해삼승병원,심장정밀 종합검진(여성),종합검진,,,420000,,,,,,,
의료법인 신의료재단 김해삼승병원,소화기정밀 종합검진(남성),종합검진,,,370000,,,,,,,
의료법인 신의료재단 김해삼승병원,소화기정밀 종합검진(여성),종합검진,,,420000,,,,,,,
의료법인 신의료재단 김해삼승병원,뇌정밀 종합검진(남성),종합검진,,,500000,,,,,,,
의료법인 신의료재단 김해삼승병원,뇌정밀 종합검진(여성),종합검진,,,550000,,,,,,,
의료법인 신의료재단 김해삼승병원,프리머엄 종합검진(남성),종합검진,,,700000,,,,,,,
의료법인 신의료재단 김해삼승병원,프리머엄 종합검진(여성),종합검진,,,750000,,,,,,,
의료법인 신의료재단 김해삼승병원,종검(항목)추가,종합검진,,,10000,,,,,,,
의료법인 신의료재단 김해삼승병원,자동차 운전면허증 적성검사,,,,5000,,,,,,,
의료법인 신의료재단 김해삼승병원,자동차 운전면허증 적성검사(대형면허),,,,6000,,,,,,,
생생병원,(비) Whole Spine MRI,MRI,,,"700,000원",,,,,,,
생생병원,(비)Ankle MRI & Enhance,MRI,,,"450,000원",,,,,,,
생생병원,(비)Ankle MRI-편측,MRI,,,"350,000원",,,,,,,
생생병원,(비)Brain carotid MRA,MRI,,,"350,000원",,,,,,,
생생병원,(비)Brain MRA,MRI,,,"350,000원",,,,,,,
생생병원,(비)Brain MRI,MRI,,,"350,000원",,,,,,,
생생병원,(비)C Spine MRI,MRI,,,"350,000원",,,,,,,
생생병원,(비)C Spine MRI & Enhance,MRI,,,"450,000원",,,,,,,
생생병원,(비)C-spine MRI(Myelogram),MRI,,,"700,000원",,,,,,,
생생병원,(비)Elbow MRI & Enhance,MRI,,,"450,000원",,,,,,,
모두병원,,상급병실료,,,,,,,,,,
모두병원,,일반식대,,,,,,,,,,
모두병원,,일반식대,,,,,,,,,,
모두병원,,"약 제
          (+행위포함)",,,,,,,,,,
모두병원,,"약 제
          (+행위포함)",,,,,,,,,,
모두병원,,"약 제
          (+행위포함)",,,,,,,,,,
모두병원,,"약 제
          (+행위포함)",,,,,,,,,,
모두병원,,"약 제
          (+행위포함)",,,,,,,,,,
모두병원,,"약 제
          (+행위포함)",,,,,,,,,,
모두병원,,"약 제
          (+행위포함)",,,,,,,,,,
모두병원,,"약 제
          (+행위포함)",,,,,,,,,,
모두병원,,"약 제
          (+행위포함)",,,,,,,,,,
모두병원,,"약 제
          (+행위포함)",,,,,,,,,,
모두병원,,"약 제
          (+행위포함)",,,,,,,,,,
모두병원,,"약 제
          (+행위포함)",,,,,,,,,,
모두병원,,"약 제
          (+행위포함)",,,,,,,,,,
모두병원,,"약 제
          (+행위포함)",,,,,,,,,,
모두병원,,"약 제
          (+행위포함)",,,,,,,,,,
모두병원,,"약 제
          (+행위포함)",,,,,,,,,,
모두병원,,"약 제
          (+행위포함)",,,,,,,,,,
모두병원,,"약 제
          (+행위포함)",,,,,,,,,,
모두병원,,"약 제
          (+행위포함)",,,,,,,,,,
모두병원,,"약 제
          (+행위포함)",,,,,,,,,,
모두병원,,"약 제
          (+행위포함)",,,,,,,,,,
모두병원,,"약 제
          (+행위포함)",,,,,,,,,,
모두병원,,"약 제
          (+행위포함)",,,,,,,,,,
모두병원,,"약 제
          (+행위포함)",,,,,,,,,,
모두병원,,"약 제
          (+행위포함)",,,,,,,,,,
모두병원,,"약 제
          (+행위포함)",,,,,,,,,,
모두병원,,"약 제
          (+행위포함)",,,,,,,,,,
모두병원,,"약 제
          (+행위포함)",,,,,,,,,,
모두병원,,"약 제
          (+행위포함)",,,,,,,,,,
모두병원,,"약 제
          (+행위포함)",,,,,,,,,,
모두병원,,"약 제
          (+행위포함)",,,,,,,,,,
모두병원,,"약 제
          (+행위포함)",,,,,,,,,,
모두병원,,"약 제
          (+행위포함)",,,,,,,,,,
모두병원,,"약 제
          (+행위포함)",,,,,,,,,,
모두병원,,"약 제
          (+행위포함)",,,,,,,,,,
모두병원,,"약 제
          (+행위포함)",,,,,,,,,,
모두병원,,"약 제
          (+행위포함)",,,,,,,,,,
모두병원,,"약 제
          (+행위포함)",,,,,,,,,,
모두병원,,"약 제
          (+행위포함)",,,,,,,,,,
모두병원,,"약 제
          (+행위포함)",,,,,,,,,,
모두병원,,"약 제
          (+행위포함)",,,,,,,,,,
모두병원,,"약 제
          (+행위포함)",,,,,,,,,,
모두병원,,"약 제
          (+행위포함)",,,,,,,,,,
모두병원,,"약 제
          (+행위포함)",,,,,,,,,,
모두병원,,"약 제
          (+행위포함)",,,,,,,,,,
모두병원,,"약 제
          (+행위포함)",,,,,,,,,,
모두병원,,"약 제
          (+행위포함)",,,,,,,,,,
모두병원,,"약 제
          (+행위포함)",,,,,,,,,,
모두병원,,"약 제
          (+행위포함)",,,,,,,,,,
모두병원,,"약 제
          (+행위포함)",,,,,,,,,,
모두병원,,"약 제
          (+행위포함)",,,,,,,,,,
모두병원,,"약 제
          (+행위포함)",,,,,,,,,,
모두병원,,"약 제
          (+행위포함)",,,,,,,,,,
모두병원,,"약 제
          (+행위포함)",,,,,,,,,,
모두병원,,"약 제
          (+행위포함)",,,,,,,,,,
모두병원,,"약 제
          (+행위포함)",,,,,,,,,,
모두병원,,"약 제
          (+행위포함)",,,,,,,,,,
모두병원,,"약 제
          (+행위포함)",,,,,,,,,,
모두병원,,"약 제
          (+행위포함)",,,,,,,,,,
모두병원,,"약 제
          (+행위포함)",,,,,,,,,,
모두병원,,"약 제
          (+행위포함)",,,,,,,,,,
모두병원,,"약 제
          (+행위포함)",,,,,,,,,,
모두병원,,"약 제
          (+행위포함)",,,,,,,,,,
모두병원,,"약 제
          (+행위포함)",,,,,,,,,,
모두병원,,"약 제
          (+행위포함)",,,,,,,,,,
모두병원,,"약 제
          (+행위포함)",,,,,,,,,,
모두병원,,주사  재료,,,,,,,,,,
모두병원,,주사  재료,,,,,,,,,,
모두병원,,주사  재료,,,,,,,,,,
모두병원,,마 취,,,,,,,,,,
모두병원,,마 취,,,,,,,,,,
모두병원,,마 취,,,,,,,,,,
모두병원,,마 취,,,,,,,,,,
모두병원,,마 취,,,,,,,,,,
모두병원,,마 취,,,,,,,,,,
모두병원,,마 취,,,,,,,,,,
모두병원,,"수술, 시술행위",,,,,,,,,,
모두병원,,"수술, 시술행위",,,,,,,,,,
모두병원,,"수술, 시술행위",,,,,,,,,,
모두병원,,"수술, 시술행위",,,,,,,,,,
모두병원,,"수술, 시술행위",,,,,,,,,,
모두병원,,"수술, 시술행위",,,,,,,,,,
모두병원,,"수술, 시술행위",,,,,,,,,,
모두병원,,"수술, 시술행위",,,,,,,,,,
모두병원,,"수술, 시술행위",,,,,,,,,,
모두병원,,"수술, 시술행위",,,,,,,,,,
모두병원,,"수술, 시술행위",,,,,,,,,,
모두병원,,"수술, 시술행위",,,,,,,,,,
모두병원,,수술 재료,,,,,,,,,,
모두병원,,수술 재료,,,,,,,,,,
모두병원,,수술 재료,,,,,,,,,,
모두병원,,수술 재료,,,,,,,,,,
모두병원,,수술 재료,,,,,,,,,,
모두병원,,수술 재료,,,,,,,,,,
모두병원,,수술 재료,,,,,,,,,,
모두병원,,수술 재료,,,,,,,,,,
모두병원,,수술 재료,,,,,,,,,,
모두병원,,수술 재료,,,,,,,,,,
모두병원,,수술 재료,,,,,,,,,,
모두병원,,수술 재료,,,,,,,,,,
모두병원,,수술 재료,,,,,,,,,,
모두병원,,수술 재료,,,,,,,,,,
모두병원,,수술 재료,,,,,,,,,,
모두병원,,수술 재료,,,,,,,,,,
모두병원,,수술 재료,,,,,,,,,,
모두병원,,수술 재료,,,,,,,,,,
모두병원,,수술 재료,,,,,,,,,,
모두병원,,수술 재료,,,,,,,,,,
모두병원,,수술 재료,,,,,,,,,,
모두병원,,수술 재료,,,,,,,,,,
모두병원,,수술 재료,,,,,,,,,,
모두병원,,수술 재료,,,,,,,,,,
모두병원,,수술 재료,,,,,,,,,,
모두병원,,수술 재료,,,,,,,,,,
모두병원,,수술 재료,,,,,,,,,,
모두병원,,수술 재료,,,,,,,,,,
모두병원,,수술 재료,,,,,,,,,,
모두병원,,수술 재료,,,,,,,,,,
모두병원,,수술 재료,,,,,,,,,,
모두병원,,수술 재료,,,,,,,,,,
모두병원,,수술 재료,,,,,,,,,,
모두병원,,수술 재료,,,,,,,,,,
모두병원,,수술 재료,,,,,,,,,,
모두병원,,수술 재료,,,,,,,,,,
모두병원,,수술 재료,,,,,,,,,,
모두병원,,수술 재료,,,,,,,,,,
모두병원,,수술 재료,,,,,,,,,,
모두병원,,수술 재료,,,,,,,,,,
모두병원,,수술 재료,,,,,,,,,,
모두병원,,수술 재료,,,,,,,,,,
모두병원,,수술 재료,,,,,,,,,,
모두병원,,실리콘스페이스(Hullux valgus),,,,,,,,,,
모두병원,,"superfix 10*10, 10*15",,,,,,,,,,
모두병원,,Steri Strip(봉합테이프) 1줄,,,,,,,,,,
모두병원,,코지포아 밴드팝(규격별도),,,,,,,,,,
모두병원,,멸균드레싱 세트 (멸균드레싱 포함),,,,,,,,,,
모두병원,,멸균드레싱밴드(규격별도),,,,,,,,,,
모두병원,,캐스드레싱(O-Type),,,,,,,,,,
모두병원,,POST-OP (규격별도),,,,,,,,,,
모두병원,,PBT COHESIVE BANDAGE(규격별도),,,,,,,,,,
모두병원,,NNOMED SILICONE TAPE,,,,,,,,,,
모두병원,,스텝티(STEPTY),,,,,,,,,,
모두병원,,코반 2인치,,,,,,,,,,
모두병원,,Black Nylon 9/0,,,,,,,,,,
모두병원,,NEO DERMAL ACTIVATOR (1회당),,,,,,,,,,
모두병원,,HO'S CLIP,,,,,,,,,,
모두병원,,LICHEN NEEDLELESS SUTURE (8cm),,,,,,,,,,
모두병원,,LICHEN NEEDLELESS SUTURE (14cm),,,,,,,,,,
모두병원,,Orfit cast,,,,,,,,,,
모두병원,,COMFIFAST,,,,,,,,,,
모두병원,,타코실/1매,,,,,,,,,,
모두병원,,그린플라스트키트 1밀리리터,,,,,,,,,,
모두병원,,폴로라이드사진,,,,,,,,,,
모두병원,,환의 (1벌/대여료),,,,,,,,,,
모두병원,,목발 (1쌍),,,,,,,,,,
모두병원,,Cast Shoes,,,,,,,,,,
모두병원,,복대,,,,,,,,,,
모두병원,,실리콘인솔(1ea),,,,,,,,,,
모두병원,,실리콘 힐컵(SET),,,,,,,,,,
모두병원,,Rolling bed,,,,,,,,,,
모두병원,,tapping,,,,,,,,,,
모두병원,,기립경사훈련,,,,,,,,,,
모두병원,,Shoulder remedial exercise(set),,,,,,,,,,
모두병원,,T-Bar,,,,,,,,,,
모두병원,,신장분사치료,,,,,,,,,,
모두병원,,정형도수,,,,,,,,,,
모두병원,,이온삼투요법(약제포함),,,,,,,,,,
모두병원,,prolotherapy,,,,,,,,,,
모두병원,,PLIO(압박밴드) 4*/6*,,,,,,,,,,
모두병원,,유밴드,,,,,,,,,,
모두병원,,초음파,,,,,,,,,,
모두병원,,초음파,,,,,,,,,,
모두병원,,초음파,,,,,,,,,,
모두병원,,초음파,,,,,,,,,,
모두병원,,초음파,,,,,,,,,,
모두병원,,초음파,,,,,,,,,,
모두병원,,초음파,,,,,,,,,,
모두병원,,초음파,,,,,,,,,,
모두병원,,초음파,,,,,,,,,,
모두병원,,초음파,,,,,,,,,,
모두병원,,초음파,,,,,,,,,,
모두병원,,MRI,,,,,,,,,,
모두병원,,MRI,,,,,,,,,,
모두병원,,MRI,,,,,,,,,,
모두병원,,MRI,,,,,,,,,,
모두병원,,MRI,,,,,,,,,,
모두병원,,MRI,,,,,,,,,,
모두병원,,MRI,,,,,,,,,,
모두병원,,MRI,,,,,,,,,,
모두병원,,검 사,,,,,,,,,,
모두병원,,검 사,,,,,,,,,,
모두병원,,검 사,,,,,,,,,,
모두병원,,검 사,,,,,,,,,,
모두병원,,검 사,,,,,,,,,,
모두병원,,특수검사,,,,,,,,,,
모두병원,,특수검사,,,,,,,,,,
모두병원,,특수검사,,,,,,,,,,
모두병원,,수면관리비,,,,,,,,,,
모두병원,,수면관리비,,,,,,,,,,
모두병원,,수면관리비,,,,,,,,,,
모두병원,,"보조기, 벤드",,,,,,,,,,
모두병원,,"보조기, 벤드",,,,,,,,,,
모두병원,,"보조기, 벤드",,,,,,,,,,
모두병원,,"보조기, 벤드",,,,,,,,,,
모두병원,,"보조기, 벤드",,,,,,,,,,
모두병원,,"보조기, 벤드",,,,,,,,,,
모두병원,,"보조기, 벤드",,,,,,,,,,
모두병원,,"보조기, 벤드",,,,,,,,,,
모두병원,,"보조기, 벤드",,,,,,,,,,
모두병원,,"보조기, 벤드",,,,,,,,,,
모두병원,,"보조기, 벤드",,,,,,,,,,
모두병원,,"보조기, 벤드",,,,,,,,,,
모두병원,,"보조기, 벤드",,,,,,,,,,
모두병원,,"보조기, 벤드",,,,,,,,,,
모두병원,,"보조기, 벤드",,,,,,,,,,
모두병원,,"보조기, 벤드",,,,,,,,,,
모두병원,,"보조기, 벤드",,,,,,,,,,
모두병원,,"보조기, 벤드",,,,,,,,,,
모두병원,,"보조기, 벤드",,,,,,,,,,
모두병원,,"보조기, 벤드",,,,,,,,,,
모두병원,,"보조기, 벤드",,,,,,,,,,
모두병원,,"보조기, 벤드",,,,,,,,,,
모두병원,,"보조기, 벤드",,,,,,,,,,
모두병원,,"보조기, 벤드",,,,,,,,,,
모두병원,,"보조기, 벤드",,,,,,,,,,
모두병원,,"보조기, 벤드",,,,,,,,,,
모두병원,,"보조기, 벤드",,,,,,,,,,
모두병원,,"보조기, 벤드",,,,,,,,,,
모두병원,,"진단서, 제증명",,,,,,,,,,
모두병원,,"진단서, 제증명",,,,,,,,,,
모두병원,,"진단서, 제증명",,,,,,,,,,
모두병원,,"진단서, 제증명",,,,,,,,,,
모두병원,,"진단서, 제증명",,,,,,,,,,
모두병원,,"진단서, 제증명",,,,,,,,,,
모두병원,,"진단서, 제증명",,,,,,,,,,
모두병원,,"진단서, 제증명",,,,,,,,,,
모두병원,,"진단서, 제증명",,,,,,,,,,
모두병원,,"진단서, 제증명",,,,,,,,,,
모두병원,,"진단서, 제증명",,,,,,,,,,
모두병원,,"진단서, 제증명",,,,,,,,,,
모두병원,,"진단서, 제증명",,,,,,,,,,
모두병원,,"진단서, 제증명",,,,,,,,,,
모두병원,,"진단서, 제증명",,,,,,,,,,
모두병원,,"진단서, 제증명",,,,,,,,,,
모두병원,,"진단서, 제증명",,,,,,,,,,
모두병원,,"진단서, 제증명",,,,,,,,,,
모두병원,,"진단서, 제증명",,,,,,,,,,
모두병원,,"진단서, 제증명",,,,,,,,,,
모두병원,,"진단서, 제증명",,,,,,,,,,
모두병원,,"진단서, 제증명",,,,,,,,,,
모두병원,,"진단서, 제증명",,,,,,,,,,
모두병원,,"진단서, 제증명",,,,,,,,,,
모두병원,,종합검진,,,,,,,,,,
모두병원,,종합검진,,,,,,,,,,
모두병원,,건강진단서,,,,,,,,,,
모두병원,,건강진단서,,,,,,,,,,
척병원,1인실 입원료,,상급병실료,제1-1장.상급병실료,350000,,,AB902,,,,
척병원,HIV-Ab[현장검사](Oraquick kit),,감염증 혈청검사,제2장 검사료,50000,,,CZ396,,,,
척병원,갑상선자극면역글로불린[생물발광법][의뢰],,내분비검사,제2장 검사료,90000,,,CZ213,,,,
척병원,환자관리료(수면내시경시-위),,내시경검사,제2장 검사료,50000,,,,,,,
척병원,환자관리료(수면내시경시-대장5),,내시경검사,제2장 검사료,50000,,,,,,,
척병원,환자관리료(수면내시경시-대장8),,내시경검사,제2장 검사료,80000,,,,,,,
척병원,"환자관리료(수면내시경시-위,대장동시할인)",,내시경검사,제2장 검사료,100000,,,,,,,
척병원,HCV-Ab[간이검사](Oraquick kit),,면역혈청 검사,제2장 검사료,50000,,,CZ492,,,,
척병원,ABI(동맥경화도) 검사,,순환기기능검사,제2장 검사료,55000,,,EZ868,,,,
척병원,"MES-1,2(MES monitoring)-초음파를활용한뇌혈류기능검사",,신경계기능검사,제2장 검사료,,110000,170000,FZ714,,,,
척병원,"비디오두부충동검사(HIT, video head impulse test)-신의료",,신경계기능검사,제2장 검사료,50000,,,TZ001,,,,
척병원,자율신경계이상검사-발살바법 valsalva maneuver,,신경계기능검사,제2장 검사료,28000,,,FY892,,,,
척병원,자율신경계이상검사-피부전도반응검사 skin conduction test,,신경계기능검사,제2장 검사료,12000,,,FY895,,,,
척병원,전류인지역치[통증역치검사](Algometer),,신경계기능검사,제2장 검사료,50000,,,FY884,,,,
척병원,DITI(Cervical-상지 )(체온열검사),,"외피,근골기능검사",제2장 검사료,220000,,,EZ776,,,,
척병원,DITI(Lumbar-하지)(체온열검사),,"외피,근골기능검사",제2장 검사료,220000,,,EZ776,,,,
척병원,"동작분석 역동적근전도(Dynamic EMG):척추,어깨,무릎",,"외피,근골기능검사",제2장 검사료,150000,,,EZ773,,,,
척병원,IMA [허혈성변형알부민검사],,일반화학검사,제2장 검사료,50000,,,CZ246,,,,
척병원,항CCP항체[IgG],,자가면역질환검사,제2장 검사료,50000,,,CZ432,,,,
척병원,조직 슬라이드 반출1장[의뢰],,조직병리검사,제2장 검사료,5000,,,,,200219변경,,
척병원,조직 슬라이드 (블럭)대여 (예치금),,조직병리검사,제2장 검사료,50000,,,,,,,
척병원,혈소판응집능검사[TRAP][교류저항혈소판응집],,"출혈,혈전검사",제2장 검사료,50000,,,BZ078,,,,
척병원,BMD (DEA) 4(검진-추가산정),,검진(골밀도검사료),제2장 검사료,40000,,,HC344,,,,
척병원,BMD (DEA) 5(검진-추가산정),,검진(골밀도검사료),제2장 검사료,50000,,,HC344,,,,
서울대정병원,"(비)LT,Shoulder MRI",,,,"450,000 원",,,MRS1,,,,
서울대정병원,"(비)RT,Shoulder MRI",,,,"450,000 원",,,MRS2,,,,
서울대정병원,ESWT/10[기타],,,,"30,000 원",,,ESWT10-1,,,,
서울대정병원,스카이셀플루 4가,,,,"40,000 원",,,Q12,,,,
서울대정병원,SONO - 수술 중 초음파[10],,,,"100,000 원",,,EZ985,,,,
서울대정병원,SONO-양측 수술 중 초음파 [20],,,,"200,000 원",,,EZ985-1,,,,
서울대정병원,복합부위 도수치료/15,,,,"150,000 원",,,B-JM12,,,,
서울대정병원,"(비)RT,Humerus MRI",,,,"450,000 원",,,HUM,,,,
서울대정병원,"(비)LT,Humerus MRI",,,,"450,000 원",,,HUM-1,,,,
서울대정병원,도수치료/10 (시행일:20.01.01),,,,"100,000 원",,,B-JM9,,,,
서울대정병원,도수치료/8 (시행일:20.01.01),,,,"80,000 원",,,B-JM7,,,,
서울대정병원,Multifix I.V,,,,4.000 원,,,BJ1012GA,,,,
서울대정병원,"(비)LT,Shoulder MRI",,,,"450,000 원",,,MRS1,,,,
서울대정병원,"(비)RT,Shoulder MRI",,,,"450,000 원",,,MRS2,,,,
서울대정병원,"(비)RT,Humerus MRI",,,,"450,000 원",,,HUM,,,,
서울대정병원,"(비)LT,Humerus MRI",,,,"450,000 원",,,HUM-1,,,,
서울대정병원,조직검사 슬라이드 대여,,,,"5,000 원",,,,,,,
서울대정병원,T-L Spine with CTL MRI,,,,"600,000 원",,,MRTL-1,,,,
서울대정병원,(비)Lt Elbow MRI(술후),,,,"300,000 원",,,MRE1-1,,,,
서울대정병원,(비)Rt Elbow MRI(술후),,,,"300,000 원",,,MRE2-1,,,,
서울대정병원,"(비)LT,Wrist MRI (술후)",,,,"300,000 원",,,MRW1-1,,,,
서울대정병원,"(비)RT,Wrist MRI (술후)",,,,"300,000 원",,,MRW2-1,,,,
서울대정병원,"(비)LT,Hand MRI (술후)",,,,"300,000 원",,,MRH1-1,,,,
서울대정병원,"(비)RT,Hand MRI (술후)",,,,"300,000 원",,,MRH2-1,,,,
서울대정병원,스카이셀플루 4가,,,,"40,000 원",,,Q12,,,,
서울대정병원,지씨멀티12주,,,,"30,000 원",,,681100270,,,,
서울대정병원,유박스비프리필드주 20mcg / 1ml (B형간염백신),,,,"30,000 원",,,HEPA-1,,,,
서울대정병원,알보칠콘센트레이트액 1ml(당),,,,"1,500 원",,,ALBO,,,,
서울대정병원,인보사케이주 (19년 05월 30일부로 중단),,,,"6,500,000 원",,,51300011,,,,
서울대정병원,케어가글액 250ml [병],,,,"4,000 원",,,CARE-1,,,,
서울대정병원,스카이조스터주 (대상포진백신),,,,"180,000 원",,,ZOST-1,,,,
서울대정병원,프로 파인 퓨전주 100ml수정일_19.01.08),,,,50.000 원,,,PROFA -1,,,,
서울대정병원,하이랙스주 1500IU(19.1.01적용),,,,"73,000 원",,,,,,,
서울대정병원,프로 파인 퓨전주 50ml,,,,20.000 원,,,PROFA,,,,
서울대정병원,아루센주,,,,30.000 원,,,ARU,,,,
서울대정병원,니크림크림,,,,"5,000 원",,,NIC,,,,
서울대정병원,,,,,,,,항목,,,,
서울대정병원,,,,,,,,금액,,,,
서울대정병원,"(비)CTL+Hip T2 MRI (coronal, axial)",,,,"200,000 원",,,,,,,
서울대정병원,(비)Sacroiliac joint MRI(19.1.01적용),,,,"450,000 원",,,,,,,
서울대정병원,(비)enhance 추가,,,,"100,000 원",,,,,,,
서울대정병원,(비) Shoulder (MRA + Fluoroscopy),,,,"500,000 원",,,,,,,
서울대정병원,"(비)RT,Arm MRI(19.1.01적용)",,,,"450,000 원",,,,,,,
서울대정병원,"(비)LT,Arm MRI(19.1.01적용)",,,,"450,000 원",,,,,,,
서울대정병원,(비)CTL + foraminal MRI,,,,"200,000 원",,,,,,,
서울대정병원,(비)foraminal MRI,,,,"150,000 원",,,,,,,
서울대정병원,"(비)Hip T2 MRI (coronal, axial)",,,,"150,000 원",,,,,,,
서울대정병원,(비)L-Spine + foraminal MRI(19.1.01적용),,,,"600,000 원",,,,,,,
서울대정병원,"(비)RT,Foot MRI (조영제포함)(19.1.01적용)",,,,"550,000 원",,,,,,,
서울대정병원,"(비)LT,Foot MRI (조영제포함)(19.1.01적용)",,,,"550,000 원",,,,,,,
서울대정병원,,,,,,,,항목,,,,
서울대정병원,,,,,,,,금액,,,,
나누리병원,하이랙스주 2000IU,,,약제,,"150,000",,,,1개,Χ,Χ
나누리병원,환의(입고 가는 경우),,,기타,,"20,000",,,,1벌,Χ,Χ
나누리병원,입원물품셋트,,,기타,,"25,000",,,,1EA,Χ,Χ
나누리병원,"T-Spine MRI+E (조영제주입 전,후촬영)",,,자기공명영상촬영(MRI),,"600,000",,,,"1회, 2020.1 .수가인상",Χ,Χ
나누리병원,T-Spine MRI,,,자기공명영상촬영(MRI),,"500,000",,,,"1회, 2020.2.수가인상",Χ,Χ
서울대정병원,,,,,,,,항목,,,,
서울대정병원,,,,,,,,금액,,,,
서울대정병원,,,,,,,,항목,,,,
서울대정병원,,,,,,,,금액,,,,
서울대정병원,,,,,,,,항목,,,,
서울대정병원,,,,,,,,금액,,,,
서울대정병원,,,,,,,,항목,,,,
서울대정병원,,,,,,,,금액,,,,
서울대정병원,,,,,,,,항목,,,,
서울대정병원,,,,,,,,금액,,,,
나누리병원,할라식,,,식대,,"40,000",,,,1끼,Χ,Χ
나누리병원,카티스템(슬관절연골 재생줄기세포치료제),,,치료재료,,"7,500,000",,,,1개,Χ,Χ
나누리병원,공기밥 추가,,,식대,,"1,000",,,,1개,Χ,Χ
나누리병원,셀레나제100mg,,,약제,,"15,000",,,,1개,Χ,Χ
나누리병원,후라바솔헤파주 100ML,,,약제,,"25,000",,,,1개,Χ,Χ
나누리병원,지씨 치옥트산주,,,약제,,"20,000",,,,1개,Χ,Χ
나누리병원,라이넥주 2ml,,,약제,,"20,000",,,,1개,Χ,Χ
나누리병원,히시파겐씨주 20ml,,,약제,,"15,000",,,,1개,Χ,Χ
나누리병원,푸르설타민주,,,약제,,"25,000",,,,1개,Χ,Χ
나누리병원,칼도롤주400mg,,,약제,,"26,000",,,,"1개,2019.7 수가인상",Χ,Χ
나누리병원,멀티블루5주 1ml (비급여),,,약제,,"50,000",,,,1개,Χ,Χ
나누리병원,바이타솔주 250ml (수액수수료 포함),,,약제,,"40,000",,,,1개,Χ,Χ
나누리병원,프리세덱주,,,약제,,"75,000",,,,1개.2019.7. 수가인상,Χ,Χ
나누리병원,Laryngeal Mask (I-Gel Supraglottic Airway),,,치료재료,,"140,000",,,,1개,Χ,Χ
나누리병원,EGF Plus Cream 3g,,,처치재료,,"28,000",,,,1개,Χ,Χ
나누리병원,Dermabond,,,처치재료,,"75,000",,,,1EA,Χ,Χ
나누리병원,Sterlized strip,,,처치재료,,"1,500",,,,1EA,Χ,Χ
나누리병원,메딕스벤드(Size별),,,처치재료,,350,"1,500",,,1EA,Χ,Χ
나누리병원,유박스B주/ 1ml,,,약제,,"17,000",,,,1EA,Χ,Χ
나누리병원,A형간염 백신,,,약제,,"70,000",,,,"1회 (하브릭스주 성인용, 박타프리필드등 )",○,Χ
나누리병원,SK 티디백신주,,,약제,,"30,000",,,,1EA,Χ,Χ
나누리병원,Episol H Polyurethane (경피적풍선 카테터),,,치료재료,,"1,300,000",,,,1개,Χ,Χ
나누리병원,Op site post op (Size별),,,처치재료,,"1,500","5,000",,,1EA,Χ,Χ
나누리병원,그린픽스,,,처치재료,,"2,500",,,,"1개, 2019.1. 수가인상",Χ,Χ
나누리병원,필터수액세트,,,처치재료,,"7,000","9,000",,,1EA,Χ,Χ
나누리병원,Neo Dermal Activator 1g,,,처치재료,,"22,000",,,,1EA,Χ,Χ
나누리병원,카비그라니세트론주 3ml,,,약제,,"18,667",,,,1EA,Χ,Χ
나누리병원,라메아주 0.3MG,,,약제,,"23,096",,,,1EA,Χ,Χ
나누리병원,1인실(특실),,,병실료,,"300,000",,,,"1일, 2019.7.수가변경",Χ,Χ
나누리병원,하이배리 1.5ml,,,치료재료,,"250,000",,,,1EA,Χ,Χ
나누리병원,하이배리 3.0ml,,,치료재료,,"500,000",,,,1EA,Χ,Χ
나누리병원,조스타박스주,,,약제,,"190,000",,,,1회,Χ,Χ
나누리병원,Baguera C,,,치료재료,,"5,000,000",,,,1EA,Χ,Χ
나누리병원,Filter needle&syringe,,,처치재료,,"1,000",,,,"1ea,",Χ,Χ
나누리병원,루플라주,,,치료재료,,"150,000",,,,"1개,2020.2 수가인상",Χ,Χ
나누리병원,DBX(putty) 2.5cc,,,치료재료,,"1,100,000",,,,1EA,Χ,Χ
나누리병원,부스트릭스 프리필드시린지(DTP백신),,,약제,,"40,000",,,,1회,Χ,Χ
나누리병원,메디락디에스장용캅셀,,,약제,,96,,,,1cap,Χ,Χ
나누리병원,올페인캡슐(구 아큐판),,,약제,,"1,200",,,,1cap.2020.2.1. 수가인상,Χ,Χ
나누리병원,Allocover Had Acellular Dermis,,,치료재료,,"2,000,000",,,,1EA,Χ,Χ
나누리병원,카티젤겔 8.5g,,,약제,,"17,000",,,,1 ea,Χ,Χ
나누리병원,DBX(putty) 5cc,,,치료재료,,"2,000,000",,,,1EA,Χ,Χ
나누리병원,Contiplex Tuohy Set,,,치료재료,,"100,000",,,,1EA,Χ,Χ
나누리병원,Anyplus cage inserter (ACDF),,,치료재료,,"2,900,000",,,,1EA,Χ,Χ
나누리병원,Allomatrix,,,치료재료,,"880,000",,,,1 ea,Χ,Χ
서울대정병원,,,,,,,,항목,,,,
서울대정병원,,,,,,,,금액,,,,
서울대정병원,,,,,,,,항목,,,,
서울대정병원,,,,,,,,금액,,,,
서울대정병원,,,,,,,,항목,,,,
서울대정병원,,,,,,,,금액,,,,
서울대정병원,,,,,,,,항목,,,,
서울대정병원,,,,,,,,금액,,,,
서울대정병원,,,,,,,,항목,,,,
서울대정병원,,,,,,,,금액,,,,
서울대정병원,,,,,,,,항목,,,,
서울대정병원,,,,,,,,금액,,,,
서울대정병원,둘코락스좌약,,,,290 원,,,653500090,,,,
서울대정병원,소론도정,,,,24 원,,,647500350,,,,
서울대정병원,속시나제삼중정(시행일 18.12.01),,,,500 원,,,,,,,
서울대정병원,지씨플루 쿼드리밸런트 프리필드시린지주 - 4가독감,,,,"40,000 원",,,Q7,,,,
서울대정병원,지씨플루 프리필드시린지주 - 3가독감,,,,"30,000 원",,,Q9,,,,
서울대정병원,메르스몬주,,,,"20,000 원",,,BA-8,,,,
서울대정병원,백옥주사 (NS100cc+비치라이트주),,,,"25,000 원",,,"20,000",,,,
서울대정병원,Yellow Pack[혈액순환](NS100cc+타나민주+메리트씨주),,,,"20,000 원",,,BA-6,,,,
서울대정병원,Yellow Pack [신데렐라](NS100cc+안티옥시주+케리에프주),,,,"30,000 원",,,BA-5,,,,
서울대정병원,Red Pack[마이어스](NS100cc+비타모주+메르티씨주+10%마그네슘주),,,,"30,000 원",,,BA-4,,,,
서울대정병원,Red Pack [피로] (NS100cc+메리트씨주),,,,"20,000 원",,,BA-3,,,,
서울대정병원,Basic Pack (새로나민주+알리마주+피리독신주+하이코민주),,,,"45,000 원",,,BA-2,,,,
서울대정병원,Basic Pack (5DW200cc+알리마주+피리독신주+하이코민주),,,,"25,000 원",,,BA-1,,,,
서울대정병원,카티스템 1.5ml/V,,,,"8,000,000 원",,,622900010,,,,
서울대정병원,헤파박스-진TF주 20mcg/1ml,,,,"30,000 원",,,655800150,,,,
서울대정병원,프리베나13주,,,,"120,000 원",,,648902270,,,,
서울대정병원,새로나민주 250ml,,,,"30,000 원",,,645101720,,,,
서울대정병원,트레스탄캅셀,,,,500 원,,,647802340,,,,
서울대정병원,floseal,,,,"700,000 원",,,646601400,,,,
서울대정병원,하이배리(Hibarry) 3cc,,,,"500,000 원",,,BF0101VT,,,,
서울대정병원,하이배리(Hibarry) 1.5cc,,,,"300,000 원",,,BF0101VT,,,,
서울대정병원,Regenseal 1cc (FL-301),,,,"300,000 원",,,BM2601QQ,,,,
서울대정병원,박티그라 10cm x 10cm - 장당(변경일_2018.08.01),,,,"3,000 원",,,681800010,,,,
서울대정병원,비타디본주 1ml,,,,"40,000 원",,,670606710,,,,
서울대정병원,티디주 (파상풍백신),,,,"40,000 원",,,644701660,,,,
서울대정병원,조스타박스주 (대상포진백신),,,,"180,000 원",,,655500900,,,,
서울대정병원,프로디악스-23/0.5ml  (폐구균백신),,,,"120,000 원",,,655500610,,,,
서울대정병원,프리세덱스주 2ml,,,,"75,000 원",,,648903070,,,,
서울대정병원,영양제 - 기타,,,,"10,000 원",,,,,,,
서울대정병원,뉴트리헥스주 100ml,,,,"40,000 원",,,645103360,,,,
서울대정병원,뉴트리헥스주 250ml,,,,"80,000 원",,,645100110,,,,
서울대정병원,메리트씨주 20ml,,,,"10,000 원",,,670600790,,,,
서울대정병원,말린다주(히알우로니다제) 1500iu(19.1.01적용),,,,"73,000 원",,,653102550,,,,
서울대정병원,훼로웰주 10ml,,,,"60,000 원",,,,,,,
서울대정병원,아스코빅주 20ml,,,,"4,000 원",,,653102270,,,,
서울대정병원,아큐판주사 2ml,,,,"10,000 원",,,659900340,,,,
서울대정병원,네오시덤 연고 10g(변경일_2018.06.18),,,,"4,000 원",,,644800190,,,,
서울대정병원,케어가글액 1ml,,,,20 원,,,643502450,,,,
서울대정병원,판토마그정,,,,210 원,,,647602020,,,,
서울대정병원,스티몰액 10ml,,,,3000 원,,,659900090,,,,
서울대정병원,둘코락스에스장용정 (19년 05월 30일부로 적용),,,,500 원,,,653501140,,,,
서울대정병원,"(비)LT,Knee MRI (조영제포함)(19.1.01적용)",,,,"550,000 원",,,,,,,
서울대정병원,"(비)RT,Knee MRI (조영제포함)(19.1.01적용)",,,,"550,000 원",,,,,,,
서울대정병원,"(비)RT,Shoulder MRI (조영제포함)(19.1.01적용)",,,,"550,000 원",,,,,,,
서울대정병원,"(비)LT,Shoulder MRI (조영제포함)(19.1.01적용)",,,,"550,000 원",,,,,,,
서울대정병원,(비)L-Spine MRI (조영제포함)(19.1.01적용),,,,"550,000 원",,,,,,,
서울대정병원,(비)T-Spine MRI (조영제포함)(19.1.01적용),,,,"550,000 원",,,,,,,
서울대정병원,(비)C-Spine MRI (조영제포함)(19.1.01적용),,,,"550,000 원",,,,,,,
서울대정병원,"(비)RT,Foot MRI(19.1.01적용)",,,,"450,000 원",,,,,,,
서울대정병원,"(비)LT,Foot MRI(19.1.01적용)",,,,"450,000 원",,,,,,,
서울대정병원,(비)Lower Extremity MRI (하지)(19.1.01적용),,,,"450,000 원",,,,,,,
서울대정병원,(비)Upper Extrmity MRI (상지)(19.1.01적용),,,,"450,000 원",,,,,,,
서울대정병원,"(비)RT,Forearm MRI",,,,"400,000 원",,,,,,,
서울대정병원,"(비)LT,Forearm MRI(19.1.01적용)",,,,"450,000 원",,,,,,,
서울대정병원,"(비)RT,Hand MRI(19.1.01적용)",,,,"450,000 원",,,,,,,
서울대정병원,"(비)LT,Hand MRI(19.1.01적용)",,,,"450,000 원",,,,,,,
서울대정병원,"(비)RT,Ankle MRI(19.1.01적용)",,,,"450,000 원",,,,,,,
서울대정병원,"(비)LT,Ankle MRI(19.1.01적용)",,,,"450,000 원",,,,,,,
서울대정병원,"(비)RT,Knee MRI (술후)",,,,"300,000 원",,,,,,,
서울대정병원,"(비)LT,Knee MRI (술후)",,,,"300,000 원",,,,,,,
서울대정병원,(비)LT Knee MRI (TKRA용)(19.1.01적용),,,,"300,000 원",,,,,,,
서울대정병원,(비)RT Knee MRI (TKRA용)(19.1.01적용),,,,"300,000 원",,,,,,,
서울대정병원,"(비)RT,Knee MRI(19.1.01적용)",,,,"450,000 원",,,,,,,
서울대정병원,"(비)LT,Knee MRI(19.1.01적용)",,,,"450,000 원",,,,,,,
서울대정병원,"(비)RT,Wrist MRI(19.1.01적용)",,,,"450,000 원",,,,,,,
서울대정병원,"(비)LT,Wrist MRI(19.1.01적용)",,,,"450,000 원",,,,,,,
서울대정병원,"(비)RT,Elbow MRI(19.1.01적용)",,,,"450,000 원",,,,,,,
서울대정병원,"(비)LT,Elbow MRI(19.1.01적용)",,,,"450,000 원",,,,,,,
서울대정병원,(비)L-Spine MRI(19.1.01적용),,,,"450,000 원",,,,,,,
서울대정병원,(비)T-Spine MRI(19.1.01적용),,,,"450,000 원",,,,,,,
서울대정병원,(비)C-Spine MRI(19.1.01적용),,,,"450,000 원",,,,,,,
서울대정병원,(비)Brain MRI,,,,"550,000 원",,,,,,,
서울대정병원,뇌-MRI,,,,"500,000 원",,,MRB,,,,
서울대정병원,경추-MRI,,,,"400,000 원",,,MRC,,,,
서울대정병원,SONO-other(19.1.01적용),,,,"40,000 원",,,SONO-17,,,,
서울대정병원,SONO-other(19.1.01적용),,,,"60,000 원",,,SONO-18,,,,
서울대정병원,SONO-other,,,,"80,000 원",,,SONO-19,,,,
서울대정병원,SONO-mass(19.1.01적용),,,,"60,000 원",,,SONO-20,,,,
서울대정병원,SONO-mass,,,,"80,000 원",,,SONO-21,,,,
서울대정병원,SONO-연부조직초음파,,,,"100,000 원",,,SONO-22,,,,
서울대정병원,제증명료 건강진단서,,,,"20,000 원",,,,,,,
서울대정병원,M-FIX,,,,"10,000 원",,,BM2001 MJ,,,,
서울대정병원,NEO DERMAL ACTIVATOR  1g,,,,120.000 원,,,BM5002,,,,
서울대정병원,NEO DERMAL ACTIVATOR 5g,,,,120.000 원,,,BM5002RQ,,,,
서울대정병원,Demios Dbm 2.5cc,,,,"1,000,000 원",,,BC0101KJ,,,,
서울대정병원,(비)Brain MRI+조영제(MRA)(19.1.01적용),,,,"650,000 원",,,,,,,
서울대정병원,FIMS (Functional Intramuscular Stimulation),,,,"100,000 원",,,MZ001,,,,
서울대정병원,Prolotherapy-3,,,,"30,000 원",,,MY142,,,,
서울대정병원,Prolotherapy-2,,,,"20,000 원",,,MY142,,,,
서울대정병원,신장분사치료,,,,"15,000 원",,,MZ007,,,,
서울대정병원,Both shoulder 도수치료/20,,,,"200,000 원",,,MX122,,,,
서울대정병원,Lt shoulder 도수치료/10,,,,"100,000 원",,,MX122,,,,
서울대정병원,Rt shoulder 도수치료/10,,,,"100,000 원",,,MX122,,,,
서울대정병원,도수치료/5,,,,"50,000 원",,,MX122,,,,
서울대정병원,도수치료/3,,,,"30,000 원",,,MX122,,,,
서울대정병원,수면관리료(대장내시경),,,,"50,000 원",,,B-SL2,,,,
서울대정병원,수면관리료(위내시경),,,,"50,000 원",,,B-SL1,,,,
서울대정병원,PLEXOLONG NANOLINE SET,,,,0 원,,,BJ4832AL,,,,
서울대정병원,,,,,,,,항목,,,,
서울대정병원,,,,,,,,금액,,,,
서울대정병원,,,,,,,,항목,,,,
서울대정병원,,,,,,,,금액,,,,
서울대정병원,,,,,,,,항목,,,,
서울대정병원,,,,,,,,금액,,,,
서울대정병원,,,,,,,,항목,,,,
서울대정병원,,,,,,,,금액,,,,
서울대정병원,,,,,,,,항목,,,,
서울대정병원,,,,,,,,금액,,,,
서울대정병원,,,,,,,,항목,,,,
서울대정병원,,,,,,,,금액,,,,
서울대정병원,,,,,,,,항목,,,,
서울대정병원,,,,,,,,금액,,,,
서울대정병원,,,,,,,,항목,,,,
서울대정병원,,,,,,,,금액,,,,
서울대정병원,체온열검사(DITI)-발,,,,"80,000 원",,,B-FOOT,,,,
서울대정병원,체온열검사(DITI)-전신 상지,,,,"120,000 원",,,B-DTWU,,,,
서울대정병원,체온열검사(DITI)-전신 하지,,,,"120,000 원",,,B-DTWL,,,,
서울대정병원,"체온열검사(DITI)-손,수근관증후군",,,,"80,000 원",,,B-CTS,,,,
서울대정병원,I.V Filter Line set,,,,"7,000 원",,,BM1301BY,,,,
서울대정병원,Ex-Care IV Filter set,,,,7000 원,,,BM1305VO,,,,
서울대정병원,I-Care set,,,,"7,000 원",,,BM1305VO,,,,
서울대정병원,Wrist Brace (S)(삭제일 2018.07.23),,,,"30,000 원",,,BC1218PR,,,,
서울대정병원,Wrist Brace (M)(삭제일 2018.07.23),,,,"30,000 원",,,BC1218PR,,,,
서울대정병원,Wrist Brace (L)(삭제일 2018.07.23),,,,"30,000 원",,,BC1218PR,,,,
서울대정병원,"CRUTCH,목발(1set)",,,,"20,000 원",,,,,,,
서울대정병원,Shoulder Sling,,,,"120,000 원",,,,,,,
서울대정병원,Arm Sling,,,,"5,000 원",,,,,,,
서울대정병원,cast shoe,,,,"10,000 원",,,,,,,
서울대정병원,Thumb Brace,,,,"30,000 원",,,BC1219RE,,,,
서울대정병원,Mallet finger 1호,,,,"10,000 원",,,,,,,
서울대정병원,Mallet finger 2호,,,,"10,000 원",,,,,,,
서울대정병원,Mallet finger 3호,,,,"10,000 원",,,,,,,
서울대정병원,Mallet finger 4호,,,,"10,000 원",,,,,,,
서울대정병원,Mallet finger 5호,,,,"10,000 원",,,,,,,
서울대정병원,Mallet finger 6호,,,,"10,000 원",,,,,,,
서울대정병원,K-Finger sprint (S),,,,"10,000 원",,,,,,,
서울대정병원,K-Finger sprint (M),,,,"10,000 원",,,,,,,
서울대정병원,K-Finger sprint (L),,,,"10,000 원",,,,,,,
서울대정병원,SOFTCOLLAR(S),,,,"10,000 원",,,,,,,
서울대정병원,SOFTCOLLAR(M),,,,"10,000 원",,,,,,,
서울대정병원,SOFTCOLLAR(L),,,,"10,000 원",,,,,,,
서울대정병원,Dr.Med - Ankle Brace (S),,,,"30,000 원",,,BC1204RE,,,,
서울대정병원,Dr.Med - Ankle Brace (M),,,,"30,000 원",,,BC1204RE,,,,
서울대정병원,Dr.Med - Ankle Brace (L),,,,"30,000 원",,,BC1204RE,,,,
서울대정병원,Dr.Med - Ankle Brace (XL),,,,"30,000 원",,,BC1204RE,,,,
서울대정병원,Velpeau band (S),,,,"15,000 원",,,,,,,
서울대정병원,Velpeau band (M),,,,"15,000 원",,,,,,,
서울대정병원,Velpeau band (L),,,,"15,000 원",,,,,,,
서울대정병원,Velpeau band (XL),,,,"15,000 원",,,,,,,
서울대정병원,"STRAP, shoulder (S) - 문정쇄골밴드",,,,"15,000 원",,,BC1200YF,,,,
서울대정병원,"STRAP, shoulder (M) - 문정쇄골밴드",,,,"15,000 원",,,BC1200YF,,,,
서울대정병원,"STRAP, shoulder (L) - 문정쇄골밴드",,,,"15,000 원",,,BC1200YF,,,,
서울대정병원,"STRAP, shoulder (XL) - 문정쇄골밴드",,,,"15,000 원",,,BC1200YF,,,,
서울대정병원,knee band (S),,,,"10,000 원",,,,,,,
서울대정병원,knee band (M),,,,"10,000 원",,,,,,,
서울대정병원,knee band (L),,,,"10,000 원",,,,,,,
서울대정병원,knee band (XL),,,,"10,000 원",,,,,,,
서울대정병원,개구리스프린트 (S),,,,"10,000 원",,,,,,,
서울대정병원,개구리스프린트 (L),,,,"10,000 원",,,,,,,
서울대정병원,Thera band - 노란색,,,,"14,000 원",,,,,,,
서울대정병원,Thera band - 빨강색,,,,"15,000 원",,,,,,,
서울대정병원,Thera band - 초록색,,,,"16,000 원",,,,,,,
서울대정병원,T-bar,,,,"30,000 원",,,,,,,
서울대정병원,Plexolong Nanoline Set (Interscalene block),,,,0 원,,,BJ4832AL,,,,
서울대정병원,Plexolong Nanoline Kit (Femoral nerve block),,,,0 원,,,BJ4801AL,,,,
서울대정병원,"COBAN 2"" - 10cm당",,,,500 원,,,BK7101EA,,,,
서울대정병원,"COBAN 1"" - 10cm당",,,,500 원,,,BK7101EA,,,,
서울대정병원,"COBAN 1"" - 한개처방시",,,,"2,500 원",,,BK7101EA,,,,
서울대정병원,"COBAN 2"" - 한개처방시",,,,"3,500 원",,,BK7101EA,,,,
서울대정병원,STERI-STRIP 6mm/R1546 (10cm),,,,"2,500 원",,,BM5003EM,,,,
서울대정병원,STERI-STRIP 12mm/R1547 (10cm),,,,"2,500 원",,,BM5003EM,,,,
서울대정병원,SUPER FIX [폭 2.5cm] [길이 10cm당],,,,300 원,,,BM5101BL,,,,
서울대정병원,SUPER FIX [폭 5cm] [길이 10cm당],,,,300 원,,,BM5102BL,,,,
서울대정병원,SUPER FIX [폭 10cm] [길이 10cm당],,,,500 원,,,BM5103BL,,,,
서울대정병원,SUPER FIX [폭 15cm] [길이 10cm당],,,,500 원,,,BM5104BL,,,,
서울대정병원,SUPER FIX [폭 7.5cm] [길이 10cm당],,,,500 원,,,BM5105BL,,,,
서울대정병원,NEO DRESSING(6*7CM),,,,150 원,,,BM5019HF,,,,
서울대정병원,NEO DRESSING (9*7CM),,,,300 원,,,BM5019HF,,,,
서울대정병원,NEO DRESSING(9*10CM),,,,250 원,,,BM5019HF,,,,
서울대정병원,NEO DRESSING (9*15CM),,,,450 원,,,BM5019HF,,,,
서울대정병원,NEO DRESSING (9*20CM),,,,550 원,,,BM5019HF,,,,
서울대정병원,NEO DRESSING (9*25CM),,,,650 원,,,BM5019HF,,,,
서울대정병원,EZ FILTER NEEDLE 3CC,,,,"1,000 원",,,BM1301QM,,,,
서울대정병원,EZ FILTER NEEDLE 5CC,,,,"1,000 원",,,BM1301QM,,,,
서울대정병원,Micro Filter Needle With Syringe 3cc,,,,"1,500 원",,,BM1303UO,,,,
서울대정병원,Micro Filter Needle With Syringe 5cc,,,,"1,500 원",,,BM1303UO,,,,
서울대정병원,Micro Filter Needle With Syringe 10cc,,,,"1,500 원",,,BM1303UO,,,,
서울대정병원,청구밴드 1호 (6x8),,,,"1,000 원",,,BM5020AM,,,,
서울대정병원,청구밴드 2호 (7x10),,,,"1,500 원",,,BM5021AM,,,,
서울대정병원,청구밴드 3호 (10x10),,,,"2,000 원",,,BM5022AM,,,,
서울대정병원,청구밴드 4호 (10x15),,,,"2,500 원",,,BM5023AM,,,,
서울대정병원,청구밴드 5호 (10x20),,,,"3,500 원",,,BM5024AM,,,,
서울대정병원,청구밴드 6호 (10x25),,,,"4,500 원",,,BM5025AM,,,,
서울대정병원,NAFIX PULS,,,,"3,000 원",,,BJ1001PL,,,,
서울대정병원,Demios Dbm 1cc (시행일:18.12.01),,,,"500,000 원",,,BC0101BU,,,,
서울대정병원,I-Gel #8203(YELLOW),,,,"100,000 원",,,BK4202DC,,,,
서울대정병원,I-Gel #8202(GRAY),,,,"100,000 원",,,BK4202DC,,,,
서울대정병원,I-Gel #8204(GREEN),,,,"100,000 원",,,BK4202DC,,,,
서울대정병원,I-Gel #8205(ORANGE),,,,"100,000 원",,,BK4202DC,,,,
서울대정병원,I-Gel #8225(WHITE),,,,"100,000 원",,,BK4202DC,,,,
서울대정병원,I-Gel #8215(BLUE),,,,"100,000 원",,,BK4202DC,,,,
서울대정병원,Demios Dbm 2.5cc,,,,"1,000,000 원",,,BC0201KJ,,,,
서울대정병원,젠타큐(Genta Q) 2x2,,,,"100,000 원",,,BM5302VT,,,,
서울대정병원,젠타큐(Genta Q) 5x5,,,,"300,000 원",,,BM5302VT,,,,
서울대정병원,Derma Flex Qs (스킨본드),,,,"100,000 원",,,BB3001DX,,,,
서울대정병원,Silicone Fix Tape (EYE MASK #2),,,,"45,000 원",,,BM2001VS,,,,
서울대정병원,Silicone Fix Tape (EYE MASK #3),,,,"45,000 원",,,BM2001VS,,,,
서울대정병원,Silicone Fix Tape (EYE MASK #4),,,,"45,000 원",,,BM2001VS,,,,
서울대정병원,Silicone Fix Tape (EYE MASK #5),,,,"45,000 원",,,BM2001VS,,,,
서울대정병원,Demios Dbm 2.5cc(시행일18.12.01),,,,"1,300,000 원",,,BC0101,,,,
서울대정병원,Uni Heated Wire Circuit (17/9/1 선별급여로 전환),,,,"100,000 원",,,BM6001GA,,,,
서울대정병원,Stanpad Kaolin (10cmx10cmx10sheet),,,,"200,000 원",,,BJ7000UH,,,,
서울대정병원,"복대 - 12""",,,,"5,000 원",,,,,,,
서울대정병원,Dynamic Finger 보조기 (S),,,,"20,000 원",,,,,,,
서울대정병원,Dynamic Finger 보조기 (M),,,,"20,000 원",,,,,,,
서울대정병원,Dynamic Finger 보조기 (L),,,,"20,000 원",,,,,,,
서울대정병원,Ez-Fix Plus,,,,"25,000 원",,,BJ1016SZ,,,,
서울대정병원,3M Tegaderm I.V. Advanced [1683](18/06/04일 인상),,,,"1,500 원",,,BJ1001EM,,,,
서울대정병원,Micro Filter set,,,,"7,000 원",,,BM1301BY,,,,
서울대정병원,"Hekafast Blue [4"" - 20cm]",,,,"3,000 원",,,BK7001WT,,,,
서울대정병원,"Hekafast Yellow [6"" - 30cm]",,,,"5,000 원",,,BK7001-1,,,,
서울대정병원,Cornerstone L-Asr Cortical Bone,,,,"2,500,000 원",,,BTB01019,,,,
서울대정병원,,,,,,,,항목,,,,
서울대정병원,,,,,,,,금액,,,,
서울대정병원,,,,,,,,항목,,,,
서울대정병원,,,,,,,,금액,,,,
서울대정병원,,,,,,,,항목,,,,
서울대정병원,,,,,,,,금액,,,,
서울대정병원,,,,,,,,항목,,,,
서울대정병원,,,,,,,,금액,,,,
서울대정병원,,,,,,,,항목,,,,
서울대정병원,,,,,,,,금액,,,,
서울대정병원,Red Pack[마이어스](NS100cc+비타모주+메르티씨주+10%마그네슘주),,,,"30,000 원",,,BA-4,,,,
서울대정병원,Red Pack [피로] (NS100cc+메리트씨주),,,,"20,000 원",,,BA-3,,,,
서울대정병원,Basic Pack (새로나민주+알리마주+피리독신주+하이코민주),,,,"45,000 원",,,BA-2,,,,
서울대정병원,Basic Pack (5DW200cc+알리마주+피리독신주+하이코민주),,,,"25,000 원",,,BA-1,,,,
서울대정병원,카티스템 1.5ml/V,,,,"8,000,000 원",,,622900010,,,,
서울대정병원,헤파박스-진TF주 20mcg/1ml,,,,"30,000 원",,,655800150,,,,
서울대정병원,프리베나13주,,,,"120,000 원",,,648902270,,,,
서울대정병원,새로나민주 250ml,,,,"30,000 원",,,645101720,,,,
서울대정병원,트레스탄캅셀,,,,500 원,,,647802340,,,,
서울대정병원,floseal,,,,"700,000 원",,,646601400,,,,
서울대정병원,하이배리(Hibarry) 3cc,,,,"500,000 원",,,BF0101VT,,,,
서울대정병원,하이배리(Hibarry) 1.5cc,,,,"300,000 원",,,BF0101VT,,,,
서울대정병원,Regenseal 1cc (FL-301),,,,"300,000 원",,,BM2601QQ,,,,
서울대정병원,박티그라 10cm x 10cm - 장당(변경일_2018.08.01),,,,"3,000 원",,,681800010,,,,
서울대정병원,비타디본주 1ml,,,,"40,000 원",,,670606710,,,,
서울대정병원,티디주 (파상풍백신),,,,"40,000 원",,,644701660,,,,
서울대정병원,조스타박스주 (대상포진백신),,,,"180,000 원",,,655500900,,,,
서울대정병원,프로디악스-23/0.5ml  (폐구균백신),,,,"120,000 원",,,655500610,,,,
서울대정병원,프리세덱스주 2ml,,,,"75,000 원",,,648903070,,,,
서울대정병원,영양제 - 기타,,,,"10,000 원",,,,,,,
서울대정병원,뉴트리헥스주 100ml,,,,"40,000 원",,,645103360,,,,
서울대정병원,뉴트리헥스주 250ml,,,,"80,000 원",,,645100110,,,,
서울대정병원,메리트씨주 20ml,,,,"10,000 원",,,670600790,,,,
서울대정병원,말린다주(히알우로니다제) 1500iu(19.1.01적용),,,,"73,000 원",,,653102550,,,,
서울대정병원,훼로웰주 10ml,,,,"60,000 원",,,,,,,
서울대정병원,아스코빅주 20ml,,,,"4,000 원",,,653102270,,,,
서울대정병원,아큐판주사 2ml,,,,"10,000 원",,,659900340,,,,
서울대정병원,네오시덤 연고 10g(변경일_2018.06.18),,,,"4,000 원",,,644800190,,,,
서울대정병원,케어가글액 1ml,,,,20 원,,,643502450,,,,
서울대정병원,판토마그정,,,,210 원,,,647602020,,,,
서울대정병원,일반진단서,,,,"20,000 원",,,,,,,
서울대정병원,일반진단서(재발행),,,,"1,000 원",,,,,,,
서울대정병원,영문진단서(변경일17.09.21),,,,"20,000 원",,,,,,,
서울대정병원,의사소견서,,,,"10,000 원",,,,,,,
서울대정병원,의사소견서(재발행),,,,"1,000 원",,,,,,,
서울대정병원,의사소견서(타병원제출용),,,,0 원,,,,,,,
서울대정병원,보험회사제출용 소견서,,,,"100,000 원",,,,,,,
서울대정병원,입원/퇴원 확인서,,,,"3,000 원",,,,,,,
서울대정병원,입원/퇴원확인서(재발행),,,,"1,000 원",,,,,,,
서울대정병원,수술확인서,,,,"3,000 원",,,,,,,
서울대정병원,수술확인서 (재발행),,,,"1,000 원",,,,,,,
서울대정병원,의무기록사본(1~5매까지) [1장당],,,,"1,000 원",,,,,,,
서울대정병원,의무기록사본(6매부터) [1장당],,,,100 원,,,,,,,
서울대정병원,진료비 계산서(영수증),,,,- 원,,,,,,,
서울대정병원,진료비세부내역서,,,,- 원,,,,,,,
서울대정병원,진료의뢰서 (타병원제출용),,,,- 원,,,,,,,
서울대정병원,통원확인서,,,,"3,000 원",,,,,,,
서울대정병원,통원확인서(재발행),,,,"1,000 원",,,,,,,
서울대정병원,진료확인서,,,,"3,000 원",,,,,,,
서울대정병원,진료확인서(재발행),,,,"1,000 원",,,,,,,
서울대정병원,상해진단서(3주미만),,,,"100,000 원",,,,,,,
서울대정병원,상해진단서(3주미만 재발행),,,,"1,000 원",,,,,,,
서울대정병원,상해진단서(3주이상),,,,"150,000 원",,,,,,,
서울대정병원,상해진단서(3주이상 재발행),,,,"1,000 원",,,,,,,
서울대정병원,장애진단서 (동사무소제출용),,,,"15,000 원",,,,,,,
서울대정병원,장애진단서 (국민연금제출용),,,,"15,000 원",,,,,,,
서울대정병원,후유장애 진단서,,,,"100,000 원",,,,,,,
서울대정병원,후유장애 진단서 사본(장당),,,,"10,000 원",,,,,,,
서울대정병원,근로능력평가용 진단서,,,,"10,000 원",,,,,,,
서울대정병원,병사용진단서,,,,"20,000 원",,,,,,,
서울대정병원,장기요양 의사소견서 발급비용(본인부담100%),,,,"34,040 원",,,,,,,
서울대정병원,장기요양 의사소견서 발급비용(본인부담10%),,,,"3,400 원",,,,,,,
서울대정병원,장기요양 의사소견서 발급비용(본인부담20%),,,,"6,800 원",,,,,,,
서울대정병원,장기요양 의사소견서 발급비용(본인부담0%),,,,0 원,,,,,,,
서울대정병원,향후치료비추정서 (1천만원 미만),,,,"50,000 원",,,B-D38,,,,
서울대정병원,향후치료비추정서 (1천만원 이상),,,,"100,000 원",,,B-D39,,,,
서울대정병원,CD복사수수료,,,,"10,000 원",,,,,,,
서울대정병원,채용신체 검사서,,,,"30,000 원",,,PDZ010004001,,,,
서울대정병원,제증명서 사본,,,,"1,000 원",,,PDZ160000001,,,,
서울대정병원,상급병실료차액 [1인실-606호] (19년7월1일부터 시행),,,,"150,000 원",,,B-BC1,,,,
서울대정병원,"상급병실료차액 [1인실-506호, 706호] (19년7월1일부터 시행)",,,,"180,000 원",,,B-BC11,,,,
서울대정병원,상급병실료차액 [2인실] (19년 7월 1일 이후 급여전환),,,,0 원,,,B-BC3,,,,
서울대정병원,상급병실료차액 [3인실] (19년 7월 1일 이후 급여전환),,,,0 원,,,B-BC2,,,,
서울대정병원,보호자식(1식당),,,,"5,000 원",,,,,,,
서울대정병원,공기밥추가1(보),,,,"1,000 원",,,,,,,
서울대정병원,수면관리료(위내시경),,,,"50,000 원",,,,,,,
서울대정병원,수면관리료(대장내시경),,,,"50,000 원",,,,,,,
서울대정병원,항Ccp항체[IgG],,,,"50,000 원",,,CZ432,,,,
서울대정병원,인플루엔자 A·B 바이러스항원검사,,,,"30,000 원",,,CZ394,,,,
서울대정병원,(비) 외부 영상 판독료 - MRI(19.1.01적용),,,,"40,000 원",,,,,,,
서울대정병원,(비)Pelvis MRI (조영제포함)(19.1.01적용),,,,"550,000 원",,,,,,,
서울대정병원,(비)Pelvis MRI(19.1.01적용),,,,"450,000 원",,,,,,,
서울대정병원,(비)Hip MRI (조영제포함)(19.1.01적용),,,,"550,000 원",,,,,,,
서울대정병원,(비)Hip MRI(19.1.01적용),,,,"450,000 원",,,,,,,
서울대정병원,(비)C-spine with CTL + foraminal MRI(19.1.01적용),,,,"650,000 원",,,,,,,
서울대정병원,(비)C-Spine + foraminal MRI(19.1.01적용),,,,"600,000 원",,,,,,,
서울대정병원,(비)L-spine with CTL + foraminal MRI(19.1.01적용),,,,"650,000 원",,,,,,,
서울대정병원,(비)Brain MRI (Diffusion만),,,,"150,000 원",,,,,,,
서울대정병원,(비)Lower leg MRI (조영제포함)(19.1.01적용),,,,"550,000 원",,,,,,,
서울대정병원,(비)Thigh MRI (조영제포함)(19.1.01적용),,,,"550,000 원",,,,,,,
서울대정병원,(비)Hip + L-spine T2 series MRI(19.1.01적용),,,,"600,000 원",,,,,,,
서울대정병원,"(비)L-spine with CTL+Hip T2(coronal,axial) MRI",,,,"650,000 원",,,,,,,
서울대정병원,(비)Lower leg MRI(19.1.01적용),,,,"450,000 원",,,,,,,
서울대정병원,(비)Thigh MRI(19.1.01적용),,,,"450,000 원",,,,,,,
서울대정병원,"(비)LT,Shoulder MR Arthro(19.1.01적용)",,,,"550,000 원",,,,,,,
서울대정병원,"(비)RT,Shoulder MR Arthro(19.1.01적용)",,,,"550,000 원",,,,,,,
서울대정병원,"(비)RT,Shoulder MRI (술후)",,,,"300,000 원",,,,,,,
서울대정병원,"(비)LT,Shoulder MRI (술후)",,,,"300,000 원",,,,,,,
서울대정병원,"(비)RT,Shoulder MRI (술전)(19.1.01적용)",,,,"450,000 원",,,,,,,
서울대정병원,"(비)LT,Shoulder MRI (술전)(19.1.01적용)",,,,"450,000 원",,,,,,,
서울대정병원,"(비)L-spine + Hip T2(coronal,axial) MRI (19.1.01적용)",,,,"600,000 원",,,,,,,
서울대정병원,(비)L-Spine with CTL MRI(19.1.01적용),,,,"600,000 원",,,,,,,
서울대정병원,(비)T-Spine with CTL MRI(19.1.01적용),,,,"600,000 원",,,,,,,
서울대정병원,(비)C-Spine with CTL MRI(19.1.01적용),,,,"600,000 원",,,,,,,
서울대정병원,(비)Shoulder (coronal/sagittal/axial) MRI,,,,"200,000 원",,,,,,,
서울대정병원,(비)C-spine(T2 se)+Shoulder(coro/sagi/axi) MRI(19.1.01적용),,,,"550,000 원",,,,,,,
서울대정병원,(비)T2 series MRI,,,,"200,000 원",,,,,,,
서울대정병원,(비)CTL MRI(19.1.01적용),,,,"200,000 원",,,,,,,
나누리병원,수면내시경시환자관리료,,,기타,,"50,000",,,,1회,Χ,Χ
나누리병원,리젠씰 3% 1cc,,,치료재료,,"290,000",,,,1EA,Χ,Χ
나누리병원,Filter needle&syringe 10cc(의약품주입여과기),,,처치재료,,"1,000",,,,1EA,Χ,Χ
나누리병원,INVOSA-K inj (코오롱제약),,,치료재료,,"7,000,000",,,,1개,Χ,Χ
나누리병원,인플루엔자주,,,약제,,"30,000","30,000",,,"1EA, 4가",Χ,Χ
나누리병원,Floseal,,,치료재료,,"700,000",,,,1EA,Χ,Χ
나누리병원,노자임캡슐,,,약제,,650,,,,1Cap,Χ,Χ
나누리병원,타우로린주,,,약제,,"100,000",,,,1병 2019.7. 수가인상,Χ,Χ
나누리병원,가다실주프리필드0.5ml,,,약제,,"170,000",,,,1회,Χ,Χ
나누리병원,(3M) Soft cloth tape 10*15cm(6inch),,,처치재료,,200,,,,1EA,Χ,Χ
나누리병원,(3M) Soft cloth tape 10*10cm(4inch),,,처치재료,,160,,,,1EA,Χ,Χ
나누리병원,Neodressing OP SITE(9*25),,,처치재료,,"1,500",,,,장당,Χ,Χ
나누리병원,Neodressing OP SITE(9*15),,,처치재료,,"1,200",,,,장당,Χ,Χ
나누리병원,Neodressing IV 6cmx7cm,,,처치재료,,500,,,,장당,Χ,Χ
나누리병원,A-DERM OP SITE ( 9*15),,,처치재료,,"2,000",,,,장당,Χ,Χ
나누리병원,A-DERM OP SITE ( 6*7),,,처치재료,,"1,200",,,,장당,Χ,Χ
나누리병원,Fixing roll 2.5cmx10cm,,,처치재료,,100,,,,1EA,Χ,Χ
나누리병원,데카민주(수액수수료포함),,,약제,,"35,000","50,000",,,1병,Χ,Χ
나누리병원,성인용 프리베나13주,,,약제,,"150,000",,,,1회,Χ,Χ
나누리병원,아데노피주 1A,,,약제,,"35,000",,,,1EA,Χ,Χ
나누리병원,모노퍼주,,,약제,,"100,000",,,,1EA,Χ,Χ
나누리병원,에셀민주250ml(수액수기료포함),,,약제,,"35,000",,,,1병,Χ,Χ
나누리병원,레티몰,,,약제,,"2,500",,,,1포,Χ,Χ
나누리병원,하이스탈정,,,약제,,103,,,,1정,Χ,Χ
나누리병원,Frozen Gel (프로즌겔),,,약제,,"17,000",,,,1개( Roll 또는 Tube 타입  ),Χ,Χ
나누리병원,DBX(putty) 1cc,,,치료재료,,"550,000",,,,1EA,Χ,Χ
나누리병원,Trigger-Flex Bipolar,,,치료재료,,"1,300,000",,,,1EA,Χ,Χ
나누리병원,Spongostan standard,,,치료재료,,"10,000",,,,1EA,Χ,Χ
나누리병원,Ostene,,,치료재료,,"90,660",,,,1EA,Χ,Χ
나누리병원,Cancellous Bone Chip,,,치료재료,,"329,600",,,,1EA,Χ,Χ
나누리병원,피엔믹스페리 주2호 500ml-수액수기료 포함,,,약제,,"75,000",,,,1EA,Χ,Χ
나누리병원,MOBI-C,,,치료재료,,"5,500,000",,,,1EA,Χ,Χ
나누리병원,하이랙스주 2000IU,,,약제,,"150,000",,,,1개,Χ,Χ
나누리병원,환의(입고 가는 경우),,,기타,,"20,000",,,,1벌,Χ,Χ
나누리병원,입원물품셋트,,,기타,,"25,000",,,,1EA,Χ,Χ
나누리병원,Carotid Doppler (경동맥도플러),,,초음파영상검사(US),,"150,000",,,,1회,Χ,Χ
나누리병원,Sonography (심장),,,초음파영상검사(US),,"200,000","200,000",,,1회,Χ,Χ
나누리병원,Sonography (경부 및 갑상선),,,초음파영상검사(US),,"100,000",,,,1회,Χ,Χ
나누리병원,골반,,,초음파영상검사(US),,"80,000",,,,1회,Χ,Χ
나누리병원,초음파-근골격계(큰부위),,,초음파영상검사(US),,"100,000",,,,1회,Χ,Χ
나누리병원,공기밥 추가,,,식대,,"1,000",,,,1개,Χ,Χ
나누리병원,셀레나제100mg,,,약제,,"15,000",,,,1개,Χ,Χ
나누리병원,후라바솔헤파주 100ML,,,약제,,"25,000",,,,1개,Χ,Χ
나누리병원,지씨 치옥트산주,,,약제,,"20,000",,,,1개,Χ,Χ
나누리병원,라이넥주 2ml,,,약제,,"20,000",,,,1개,Χ,Χ
서울대정병원,,,,,,,,항목,,,,
서울대정병원,,,,,,,,금액,,,,
서울대정병원,,,,,,,,항목,,,,
서울대정병원,,,,,,,,금액,,,,
서울대정병원,,,,,,,,항목,,,,
서울대정병원,,,,,,,,금액,,,,
서울대정병원,,,,,,,,항목,,,,
서울대정병원,,,,,,,,금액,,,,
서울대정병원,,,,,,,,항목,,,,
서울대정병원,,,,,,,,금액,,,,
서울대정병원,,,,,,,,항목,,,,
서울대정병원,,,,,,,,금액,,,,
서울대정병원,,,,,,,,항목,,,,
서울대정병원,,,,,,,,금액,,,,
서울대정병원,,,,,,,,항목,,,,
서울대정병원,,,,,,,,금액,,,,
서울대정병원,,,,,,,,항목,,,,
서울대정병원,,,,,,,,금액,,,,
서울대정병원,,,,,,,,항목,,,,
서울대정병원,,,,,,,,금액,,,,
서울대정병원,,,,,,,,항목,,,,
서울대정병원,,,,,,,,금액,,,,
서울대정병원,,,,,,,,항목,,,,
서울대정병원,,,,,,,,금액,,,,
서울대정병원,,,,,,,,항목,,,,
서울대정병원,,,,,,,,금액,,,,
서울대정병원,,,,,,,,항목,,,,
서울대정병원,,,,,,,,금액,,,,
서울대정병원,,,,,,,,항목,,,,
서울대정병원,,,,,,,,금액,,,,
서울대정병원,,,,,,,,항목,,,,
서울대정병원,,,,,,,,금액,,,,
서울대정병원,,,,,,,,항목,,,,
서울대정병원,,,,,,,,금액,,,,
서울대정병원,,,,,,,,항목,,,,
서울대정병원,,,,,,,,금액,,,,
서울대정병원,,,,,,,,항목,,,,
서울대정병원,,,,,,,,금액,,,,
서울대정병원,,,,,,,,항목,,,,
서울대정병원,,,,,,,,금액,,,,
서울대정병원,,,,,,,,항목,,,,
서울대정병원,,,,,,,,금액,,,,
서울대정병원,,,,,,,,항목,,,,
서울대정병원,,,,,,,,금액,,,,
서울대정병원,,,,,,,,항목,,,,
서울대정병원,,,,,,,,금액,,,,
서울대정병원,,,,,,,,항목,,,,
서울대정병원,,,,,,,,금액,,,,
서울대정병원,,,,,,,,항목,,,,
서울대정병원,,,,,,,,금액,,,,
서울대정병원,,,,,,,,항목,,,,
서울대정병원,,,,,,,,금액,,,,
서울대정병원,,,,,,,,항목,,,,
서울대정병원,,,,,,,,금액,,,,
서울대정병원,,,,,,,,항목,,,,
서울대정병원,,,,,,,,금액,,,,
서울대정병원,,,,,,,,항목,,,,
서울대정병원,,,,,,,,금액,,,,
서울대정병원,,,,,,,,항목,,,,
서울대정병원,,,,,,,,금액,,,,
서울대정병원,,,,,,,,항목,,,,
서울대정병원,,,,,,,,금액,,,,
서울대정병원,,,,,,,,항목,,,,
서울대정병원,,,,,,,,금액,,,,
서울대정병원,,,,,,,,항목,,,,
서울대정병원,,,,,,,,금액,,,,
서울대정병원,,,,,,,,항목,,,,
서울대정병원,,,,,,,,금액,,,,
서울대정병원,,,,,,,,항목,,,,
서울대정병원,,,,,,,,금액,,,,
서울대정병원,,,,,,,,항목,,,,
서울대정병원,,,,,,,,금액,,,,
서울대정병원,,,,,,,,항목,,,,
서울대정병원,,,,,,,,금액,,,,
서울대정병원,,,,,,,,항목,,,,
서울대정병원,,,,,,,,금액,,,,
서울대정병원,,,,,,,,항목,,,,
서울대정병원,,,,,,,,금액,,,,
서울대정병원,,,,,,,,항목,,,,
서울대정병원,,,,,,,,금액,,,,
서울대정병원,,,,,,,,항목,,,,
서울대정병원,,,,,,,,금액,,,,
서울대정병원,,,,,,,,항목,,,,
서울대정병원,,,,,,,,금액,,,,
서울대정병원,,,,,,,,항목,,,,
서울대정병원,,,,,,,,금액,,,,
서울대정병원,,,,,,,,항목,,,,
서울대정병원,,,,,,,,금액,,,,
서울대정병원,,,,,,,,항목,,,,
서울대정병원,,,,,,,,금액,,,,
서울대정병원,,,,,,,,항목,,,,
서울대정병원,,,,,,,,금액,,,,
서울대정병원,,,,,,,,항목,,,,
서울대정병원,,,,,,,,금액,,,,
서울대정병원,,,,,,,,항목,,,,
서울대정병원,,,,,,,,금액,,,,
서울대정병원,,,,,,,,항목,,,,
서울대정병원,,,,,,,,금액,,,,
서울대정병원,,,,,,,,항목,,,,
서울대정병원,,,,,,,,금액,,,,
서울대정병원,,,,,,,,항목,,,,
서울대정병원,,,,,,,,금액,,,,
서울대정병원,,,,,,,,항목,,,,
서울대정병원,,,,,,,,금액,,,,
서울대정병원,,,,,,,,항목,,,,
서울대정병원,,,,,,,,금액,,,,
서울대정병원,,,,,,,,항목,,,,
서울대정병원,,,,,,,,금액,,,,
서울대정병원,,,,,,,,항목,,,,
서울대정병원,,,,,,,,금액,,,,
서울대정병원,,,,,,,,항목,,,,
서울대정병원,,,,,,,,금액,,,,
서울대정병원,,,,,,,,항목,,,,
서울대정병원,,,,,,,,금액,,,,
서울대정병원,,,,,,,,항목,,,,
서울대정병원,,,,,,,,금액,,,,
서울대정병원,,,,,,,,항목,,,,
서울대정병원,,,,,,,,금액,,,,
서울대정병원,,,,,,,,항목,,,,
서울대정병원,,,,,,,,금액,,,,
서울대정병원,,,,,,,,항목,,,,
서울대정병원,,,,,,,,금액,,,,
서울대정병원,,,,,,,,항목,,,,
서울대정병원,,,,,,,,금액,,,,
서울대정병원,,,,,,,,항목,,,,
서울대정병원,,,,,,,,금액,,,,
서울대정병원,,,,,,,,항목,,,,
서울대정병원,,,,,,,,금액,,,,
서울대정병원,,,,,,,,항목,,,,
서울대정병원,,,,,,,,금액,,,,
서울대정병원,,,,,,,,항목,,,,
서울대정병원,,,,,,,,금액,,,,
서울대정병원,,,,,,,,항목,,,,
서울대정병원,,,,,,,,금액,,,,
서울대정병원,,,,,,,,항목,,,,
서울대정병원,,,,,,,,금액,,,,
서울대정병원,,,,,,,,항목,,,,
서울대정병원,,,,,,,,금액,,,,
서울대정병원,,,,,,,,항목,,,,
서울대정병원,,,,,,,,금액,,,,
서울대정병원,,,,,,,,항목,,,,
서울대정병원,,,,,,,,금액,,,,
서울대정병원,,,,,,,,항목,,,,
서울대정병원,,,,,,,,금액,,,,
서울대정병원,,,,,,,,항목,,,,
서울대정병원,,,,,,,,금액,,,,
서울대정병원,,,,,,,,항목,,,,
서울대정병원,,,,,,,,금액,,,,
서울대정병원,,,,,,,,항목,,,,
서울대정병원,,,,,,,,금액,,,,
서울대정병원,,,,,,,,항목,,,,
서울대정병원,,,,,,,,금액,,,,
서울대정병원,,,,,,,,항목,,,,
서울대정병원,,,,,,,,금액,,,,
서울대정병원,,,,,,,,항목,,,,
서울대정병원,,,,,,,,금액,,,,
서울대정병원,,,,,,,,항목,,,,
서울대정병원,,,,,,,,금액,,,,
서울대정병원,,,,,,,,항목,,,,
서울대정병원,,,,,,,,금액,,,,
서울대정병원,,,,,,,,항목,,,,
서울대정병원,,,,,,,,금액,,,,
서울대정병원,,,,,,,,항목,,,,
서울대정병원,,,,,,,,금액,,,,
서울대정병원,,,,,,,,항목,,,,
서울대정병원,,,,,,,,금액,,,,
서울대정병원,,,,,,,,항목,,,,
서울대정병원,,,,,,,,금액,,,,
서울대정병원,,,,,,,,항목,,,,
서울대정병원,,,,,,,,금액,,,,
서울대정병원,,,,,,,,항목,,,,
서울대정병원,,,,,,,,금액,,,,
서울대정병원,,,,,,,,항목,,,,
서울대정병원,,,,,,,,금액,,,,
서울대정병원,,,,,,,,항목,,,,
서울대정병원,,,,,,,,금액,,,,
서울대정병원,,,,,,,,항목,,,,
서울대정병원,,,,,,,,금액,,,,
서울대정병원,,,,,,,,항목,,,,
서울대정병원,,,,,,,,금액,,,,
서울대정병원,,,,,,,,항목,,,,
서울대정병원,,,,,,,,금액,,,,
서울대정병원,,,,,,,,항목,,,,
서울대정병원,,,,,,,,금액,,,,
서울대정병원,,,,,,,,항목,,,,
서울대정병원,,,,,,,,금액,,,,
서울대정병원,,,,,,,,항목,,,,
서울대정병원,,,,,,,,금액,,,,
서울대정병원,,,,,,,,항목,,,,
서울대정병원,,,,,,,,금액,,,,
서울대정병원,,,,,,,,항목,,,,
서울대정병원,,,,,,,,금액,,,,
서울대정병원,,,,,,,,항목,,,,
서울대정병원,,,,,,,,금액,,,,
서울대정병원,,,,,,,,항목,,,,
서울대정병원,,,,,,,,금액,,,,
서울대정병원,,,,,,,,항목,,,,
서울대정병원,,,,,,,,금액,,,,
서울대정병원,,,,,,,,항목,,,,
서울대정병원,,,,,,,,금액,,,,
서울대정병원,,,,,,,,항목,,,,
서울대정병원,,,,,,,,금액,,,,
서울대정병원,,,,,,,,항목,,,,
서울대정병원,,,,,,,,금액,,,,
서울대정병원,,,,,,,,항목,,,,
서울대정병원,,,,,,,,금액,,,,
서울대정병원,,,,,,,,항목,,,,
서울대정병원,,,,,,,,금액,,,,
서울대정병원,,,,,,,,항목,,,,
서울대정병원,,,,,,,,금액,,,,
서울대정병원,,,,,,,,항목,,,,
서울대정병원,,,,,,,,금액,,,,
서울대정병원,,,,,,,,항목,,,,
서울대정병원,,,,,,,,금액,,,,
서울대정병원,,,,,,,,항목,,,,
서울대정병원,,,,,,,,금액,,,,
서울대정병원,,,,,,,,항목,,,,
서울대정병원,,,,,,,,금액,,,,
서울대정병원,,,,,,,,항목,,,,
서울대정병원,,,,,,,,금액,,,,
서울대정병원,,,,,,,,항목,,,,
서울대정병원,,,,,,,,금액,,,,
서울대정병원,,,,,,,,항목,,,,
서울대정병원,,,,,,,,금액,,,,
서울대정병원,,,,,,,,항목,,,,
서울대정병원,,,,,,,,금액,,,,
서울대정병원,,,,,,,,항목,,,,
서울대정병원,,,,,,,,금액,,,,
서울대정병원,,,,,,,,항목,,,,
서울대정병원,,,,,,,,금액,,,,
서울대정병원,,,,,,,,항목,,,,
서울대정병원,,,,,,,,금액,,,,
서울대정병원,,,,,,,,항목,,,,
서울대정병원,,,,,,,,금액,,,,
서울대정병원,,,,,,,,항목,,,,
서울대정병원,,,,,,,,금액,,,,
서울대정병원,,,,,,,,항목,,,,
서울대정병원,,,,,,,,금액,,,,
서울대정병원,,,,,,,,항목,,,,
서울대정병원,,,,,,,,금액,,,,
서울대정병원,,,,,,,,항목,,,,
서울대정병원,,,,,,,,금액,,,,
서울대정병원,,,,,,,,항목,,,,
서울대정병원,,,,,,,,금액,,,,
서울대정병원,,,,,,,,항목,,,,
서울대정병원,,,,,,,,금액,,,,
서울대정병원,,,,,,,,항목,,,,
서울대정병원,,,,,,,,금액,,,,
서울대정병원,,,,,,,,항목,,,,
서울대정병원,,,,,,,,금액,,,,
서울대정병원,,,,,,,,항목,,,,
서울대정병원,,,,,,,,금액,,,,
서울대정병원,,,,,,,,항목,,,,
서울대정병원,,,,,,,,금액,,,,
서울대정병원,,,,,,,,항목,,,,
서울대정병원,,,,,,,,금액,,,,
서울대정병원,,,,,,,,항목,,,,
서울대정병원,,,,,,,,금액,,,,
서울대정병원,,,,,,,,항목,,,,
서울대정병원,,,,,,,,금액,,,,
서울대정병원,,,,,,,,항목,,,,
서울대정병원,,,,,,,,금액,,,,
서울대정병원,,,,,,,,항목,,,,
서울대정병원,,,,,,,,금액,,,,
서울대정병원,,,,,,,,항목,,,,
서울대정병원,,,,,,,,금액,,,,
서울대정병원,,,,,,,,항목,,,,
서울대정병원,,,,,,,,금액,,,,
서울대정병원,,,,,,,,항목,,,,
서울대정병원,,,,,,,,금액,,,,
서울대정병원,,,,,,,,항목,,,,
서울대정병원,,,,,,,,금액,,,,
서울대정병원,,,,,,,,항목,,,,
서울대정병원,,,,,,,,금액,,,,
서울대정병원,,,,,,,,항목,,,,
서울대정병원,,,,,,,,금액,,,,
서울대정병원,,,,,,,,항목,,,,
서울대정병원,,,,,,,,금액,,,,
서울대정병원,,,,,,,,항목,,,,
서울대정병원,,,,,,,,금액,,,,
서울대정병원,,,,,,,,항목,,,,
서울대정병원,,,,,,,,금액,,,,
서울대정병원,,,,,,,,항목,,,,
서울대정병원,,,,,,,,금액,,,,
서울대정병원,,,,,,,,항목,,,,
서울대정병원,,,,,,,,금액,,,,
서울대정병원,,,,,,,,항목,,,,
서울대정병원,,,,,,,,금액,,,,
서울대정병원,,,,,,,,항목,,,,
서울대정병원,,,,,,,,금액,,,,
서울대정병원,,,,,,,,항목,,,,
서울대정병원,,,,,,,,금액,,,,
서울대정병원,,,,,,,,항목,,,,
서울대정병원,,,,,,,,금액,,,,
서울대정병원,,,,,,,,항목,,,,
서울대정병원,,,,,,,,금액,,,,
서울대정병원,,,,,,,,항목,,,,
서울대정병원,,,,,,,,금액,,,,
서울대정병원,,,,,,,,항목,,,,
서울대정병원,,,,,,,,금액,,,,
서울대정병원,,,,,,,,항목,,,,
서울대정병원,,,,,,,,금액,,,,
서울대정병원,,,,,,,,항목,,,,
서울대정병원,,,,,,,,금액,,,,
서울대정병원,,,,,,,,항목,,,,
서울대정병원,,,,,,,,금액,,,,
서울대정병원,,,,,,,,항목,,,,
서울대정병원,,,,,,,,금액,,,,
서울대정병원,,,,,,,,항목,,,,
서울대정병원,,,,,,,,금액,,,,
서울대정병원,,,,,,,,항목,,,,
서울대정병원,,,,,,,,금액,,,,
서울대정병원,,,,,,,,항목,,,,
서울대정병원,,,,,,,,금액,,,,
서울대정병원,,,,,,,,항목,,,,
서울대정병원,,,,,,,,금액,,,,
서울대정병원,,,,,,,,항목,,,,
서울대정병원,,,,,,,,금액,,,,
서울대정병원,,,,,,,,항목,,,,
서울대정병원,,,,,,,,금액,,,,
서울대정병원,,,,,,,,항목,,,,
서울대정병원,,,,,,,,금액,,,,
서울대정병원,,,,,,,,항목,,,,
서울대정병원,,,,,,,,금액,,,,
서울대정병원,,,,,,,,항목,,,,
서울대정병원,,,,,,,,금액,,,,
서울대정병원,,,,,,,,항목,,,,
서울대정병원,,,,,,,,금액,,,,
서울대정병원,,,,,,,,항목,,,,
서울대정병원,,,,,,,,금액,,,,
서울대정병원,,,,,,,,항목,,,,
서울대정병원,,,,,,,,금액,,,,
서울대정병원,,,,,,,,항목,,,,
서울대정병원,,,,,,,,금액,,,,
서울대정병원,,,,,,,,항목,,,,
서울대정병원,,,,,,,,금액,,,,
서울대정병원,,,,,,,,항목,,,,
서울대정병원,,,,,,,,금액,,,,
서울대정병원,,,,,,,,항목,,,,
서울대정병원,,,,,,,,금액,,,,
서울대정병원,,,,,,,,항목,,,,
서울대정병원,,,,,,,,금액,,,,
서울대정병원,,,,,,,,항목,,,,
서울대정병원,,,,,,,,금액,,,,
서울대정병원,,,,,,,,항목,,,,
서울대정병원,,,,,,,,금액,,,,
서울대정병원,,,,,,,,항목,,,,
서울대정병원,,,,,,,,금액,,,,
서울대정병원,,,,,,,,항목,,,,
서울대정병원,,,,,,,,금액,,,,
서울대정병원,,,,,,,,항목,,,,
서울대정병원,,,,,,,,금액,,,,
서울대정병원,,,,,,,,항목,,,,
서울대정병원,,,,,,,,금액,,,,
서울대정병원,,,,,,,,항목,,,,
서울대정병원,,,,,,,,금액,,,,
서울대정병원,,,,,,,,항목,,,,
서울대정병원,,,,,,,,금액,,,,
서울대정병원,,,,,,,,항목,,,,
서울대정병원,,,,,,,,금액,,,,
서울대정병원,,,,,,,,항목,,,,
서울대정병원,,,,,,,,금액,,,,
서울대정병원,,,,,,,,항목,,,,
서울대정병원,,,,,,,,금액,,,,
서울대정병원,,,,,,,,항목,,,,
서울대정병원,,,,,,,,금액,,,,
서울대정병원,,,,,,,,항목,,,,
서울대정병원,,,,,,,,금액,,,,
서울대정병원,,,,,,,,항목,,,,
서울대정병원,,,,,,,,금액,,,,
서울대정병원,,,,,,,,항목,,,,
서울대정병원,,,,,,,,금액,,,,
서울대정병원,,,,,,,,항목,,,,
서울대정병원,,,,,,,,금액,,,,
서울대정병원,,,,,,,,항목,,,,
서울대정병원,,,,,,,,금액,,,,
서울대정병원,,,,,,,,항목,,,,
서울대정병원,,,,,,,,금액,,,,
서울대정병원,,,,,,,,항목,,,,
서울대정병원,,,,,,,,금액,,,,
서울대정병원,"(비)RT,Ankle MRI (조영제포함)",,,,"500,000 원",,,,,,,
서울대정병원,"(비)LT,Ankle MRI (조영제포함)(19.1.01적용)",,,,"550,000 원",,,,,,,
서울대정병원,"(비)LT,Knee MRI (조영제포함)(19.1.01적용)",,,,"550,000 원",,,,,,,
서울대정병원,"(비)RT,Knee MRI (조영제포함)(19.1.01적용)",,,,"550,000 원",,,,,,,
서울대정병원,"(비)RT,Shoulder MRI (조영제포함)(19.1.01적용)",,,,"550,000 원",,,,,,,
서울대정병원,"(비)LT,Shoulder MRI (조영제포함)(19.1.01적용)",,,,"550,000 원",,,,,,,
서울대정병원,(비)L-Spine MRI (조영제포함)(19.1.01적용),,,,"550,000 원",,,,,,,
서울대정병원,(비)T-Spine MRI (조영제포함)(19.1.01적용),,,,"550,000 원",,,,,,,
서울대정병원,(비)C-Spine MRI (조영제포함)(19.1.01적용),,,,"550,000 원",,,,,,,
서울대정병원,"(비)RT,Foot MRI(19.1.01적용)",,,,"450,000 원",,,,,,,
서울대정병원,"(비)LT,Foot MRI(19.1.01적용)",,,,"450,000 원",,,,,,,
서울대정병원,(비)Lower Extremity MRI (하지)(19.1.01적용),,,,"450,000 원",,,,,,,
서울대정병원,(비)Upper Extrmity MRI (상지)(19.1.01적용),,,,"450,000 원",,,,,,,
서울대정병원,"(비)RT,Forearm MRI",,,,"400,000 원",,,,,,,
서울대정병원,"(비)LT,Forearm MRI(19.1.01적용)",,,,"450,000 원",,,,,,,
서울대정병원,"(비)RT,Hand MRI(19.1.01적용)",,,,"450,000 원",,,,,,,
서울대정병원,"(비)LT,Hand MRI(19.1.01적용)",,,,"450,000 원",,,,,,,
서울대정병원,"(비)RT,Ankle MRI(19.1.01적용)",,,,"450,000 원",,,,,,,
서울대정병원,"(비)LT,Ankle MRI(19.1.01적용)",,,,"450,000 원",,,,,,,
서울대정병원,"(비)RT,Knee MRI (술후)",,,,"300,000 원",,,,,,,
서울대정병원,"(비)LT,Knee MRI (술후)",,,,"300,000 원",,,,,,,
서울대정병원,(비)LT Knee MRI (TKRA용)(19.1.01적용),,,,"300,000 원",,,,,,,
서울대정병원,(비)RT Knee MRI (TKRA용)(19.1.01적용),,,,"300,000 원",,,,,,,
서울대정병원,"(비)RT,Knee MRI(19.1.01적용)",,,,"450,000 원",,,,,,,
서울대정병원,"(비)LT,Knee MRI(19.1.01적용)",,,,"450,000 원",,,,,,,
서울대정병원,"(비)RT,Wrist MRI(19.1.01적용)",,,,"450,000 원",,,,,,,
서울대정병원,"(비)LT,Wrist MRI(19.1.01적용)",,,,"450,000 원",,,,,,,
서울대정병원,"(비)RT,Elbow MRI(19.1.01적용)",,,,"450,000 원",,,,,,,
서울대정병원,"(비)LT,Elbow MRI(19.1.01적용)",,,,"450,000 원",,,,,,,
서울대정병원,(비)L-Spine MRI(19.1.01적용),,,,"450,000 원",,,,,,,
서울대정병원,(비)T-Spine MRI(19.1.01적용),,,,"450,000 원",,,,,,,
서울대정병원,(비)C-Spine MRI(19.1.01적용),,,,"450,000 원",,,,,,,
서울대정병원,(비)Brain MRI,,,,"550,000 원",,,,,,,
서울대정병원,뇌-MRI,,,,"500,000 원",,,MRB,,,,
서울대정병원,경추-MRI,,,,"400,000 원",,,MRC,,,,
서울대정병원,STERI-STRIP 12mm/R1547 (10cm),,,,2500 원,,,BM5003EM,,,,
서울대정병원,STERI-STRIP 6mm/R1546 (10cm),,,,2500 원,,,BM5003EM,,,,
서울대정병원,"COBAN 2"" - 10cm당",,,,300 원,,,BK7101EA,,,,
서울대정병원,"COBAN 1"" - 10cm당",,,,300 원,,,BK7101EA,,,,
서울대정병원,청구밴드 5호 (10x20),,,,3500 원,,,BM5024AM,,,,
서울대정병원,청구밴드 3호 (10x10),,,,2000 원,,,BM5022AM,,,,
서울대정병원,청구밴드 2호 (7x10),,,,1500 원,,,BM5021AM,,,,
서울대정병원,청구밴드 1호 (6x8),,,,1000 원,,,BM5020AM,,,,
서울대정병원,NEO DRESSING (9*10CM),,,,250 원,,,BM5019HF,,,,
서울대정병원,NEO DRESSING ( 6*7CM),,,,150 원,,,BM5019HF,,,,
서울대정병원,NEO DRESSING (9*7CM),,,,300 원,,,BM5019HF,,,,
서울대정병원,NEO DRESSING (9*25CM),,,,650 원,,,BM5019HF,,,,
서울대정병원,[삭제일2/26] SONO-BPB femoral,,,,"100,000 원",,,B-SN9+,,,,
서울대정병원,[삭제일2/26] SONO-OS,,,,"30,000 원",,,B-SN8+,,,,
서울대정병원,[삭제일2/26] SONO-OS SONO(injection),,,,"50,000 원",,,B-SN7+,,,,
서울대정병원,[삭제일2/26]  SONO-musculoskeletal,,,,"80,000 원",,,B-SN7,,,,
서울대정병원,SONO-Neck,,,,"60,000 원",,,B-SN6,,,,
서울대정병원,SONO-Breast,,,,"80,000 원",,,B-SN5,,,,
서울대정병원,SONO-Thyroid,,,,"60,000 원",,,B-SN4,,,,
서울대정병원,SONO-Appendix,,,,"60,000 원",,,B-SN3,,,,
서울대정병원,SONO-Echocardiogram,,,,"150,000 원",,,B-SN2,,,,
서울대정병원,SONO-popliteal with doppler(하지),,,,"100,000 원",,,B-SN11,,,,
서울대정병원,SONO-Doppler (Carotid),,,,"100,000 원",,,B-SN10,,,,
서울대정병원,SONO-Abdomen,,,,"100,000 원",,,B-SN1,,,,
서울대정병원,스티몰액 10ml,,,,3000 원,,,659900090,,,,
서울대정병원,,,,,,,,항목,,,,
서울대정병원,,,,,,,,금액,,,,
서울대정병원,,,,,,,,항목,,,,
서울대정병원,,,,,,,,금액,,,,
서울대정병원,,,,,,,,항목,,,,
서울대정병원,,,,,,,,금액,,,,
서울대정병원,,,,,,,,항목,,,,
서울대정병원,,,,,,,,금액,,,,
서울대정병원,,,,,,,,항목,,,,
서울대정병원,,,,,,,,금액,,,,
서울대정병원,,,,,,,,항목,,,,
서울대정병원,,,,,,,,금액,,,,
서울대정병원,,,,,,,,항목,,,,
서울대정병원,,,,,,,,금액,,,,
서울대정병원,,,,,,,,항목,,,,
서울대정병원,,,,,,,,금액,,,,
서울대정병원,,,,,,,,항목,,,,
서울대정병원,,,,,,,,금액,,,,
서울대정병원,,,,,,,,항목,,,,
서울대정병원,,,,,,,,금액,,,,
서울대정병원,,,,,,,,항목,,,,
서울대정병원,,,,,,,,금액,,,,
서울대정병원,,,,,,,,항목,,,,
서울대정병원,,,,,,,,금액,,,,
서울대정병원,,,,,,,,항목,,,,
서울대정병원,,,,,,,,금액,,,,
서울대정병원,,,,,,,,항목,,,,
서울대정병원,,,,,,,,금액,,,,
서울대정병원,,,,,,,,항목,,,,
서울대정병원,,,,,,,,금액,,,,
서울대정병원,,,,,,,,항목,,,,
서울대정병원,,,,,,,,금액,,,,
서울대정병원,,,,,,,,항목,,,,
서울대정병원,,,,,,,,금액,,,,
서울대정병원,,,,,,,,항목,,,,
서울대정병원,,,,,,,,금액,,,,
서울대정병원,,,,,,,,항목,,,,
서울대정병원,,,,,,,,금액,,,,
나누리병원,프리세덱주,,,약제,,"75,000",,,,1개.2019.7. 수가인상,Χ,Χ
나누리병원,Laryngeal Mask (I-Gel Supraglottic Airway),,,치료재료,,"140,000",,,,1개,Χ,Χ
나누리병원,EGF Plus Cream 3g,,,처치재료,,"28,000",,,,1개,Χ,Χ
나누리병원,항CCP항체[IgG],,,기타검사,,"49,500",,,,1회,Χ,Χ
나누리병원,각종증명서 원본,,,증명료,,"3,000",,,,1매,Χ,Χ
나누리병원,진단서 원본,,,증명료,,"20,000",,,,1매,Χ,Χ
나누리병원,입퇴원확인서 원본,,,증명료,,"3,000",,,,1매,Χ,Χ
나누리병원,Dermabond,,,처치재료,,"75,000",,,,1EA,Χ,Χ
나누리병원,Sterlized strip,,,처치재료,,"1,500",,,,1EA,Χ,Χ
나누리병원,메딕스벤드(Size별),,,처치재료,,350,"1,500",,,1EA,Χ,Χ
나누리병원,유박스B주/ 1ml,,,약제,,"17,000",,,,1EA,Χ,Χ
나누리병원,A형간염 백신,,,약제,,"70,000",,,,"1회 (하브릭스주 성인용, 박타프리필드등 )",○,Χ
나누리병원,SK 티디백신주,,,약제,,"30,000",,,,1EA,Χ,Χ
나누리병원,근로능력평가용진단서,,,증명료,,"10,000",,,,1매,Χ,Χ
나누리병원,Sonography (유방),,,초음파영상검사(US),,"90,000","90,000",,,1회,Χ,Χ
나누리병원,Episol H Polyurethane (경피적풍선 카테터),,,치료재료,,"1,300,000",,,,1개,Χ,Χ
나누리병원,Op site post op (Size별),,,처치재료,,"1,500","5,000",,,1EA,Χ,Χ
나누리병원,그린픽스,,,처치재료,,"2,500",,,,"1개, 2019.1. 수가인상",Χ,Χ
나누리병원,필터수액세트,,,처치재료,,"7,000","9,000",,,1EA,Χ,Χ
나누리병원,FIMS(기능적 근육내 자극치료) - 2부위,,,기타,,"180,000",,,,1회,Χ,Χ
나누리병원,FIMS(기능적 근육내 자극치료) - 1부위,,,기타,,"120,000",,,,1회,Χ,Χ
나누리병원,당화 알부민 검사,,,기타검사,,"33,000",,,,1회,Χ,Χ
나누리병원,Neo Dermal Activator 1g,,,처치재료,,"22,000",,,,1EA,Χ,Χ
나누리병원,카비그라니세트론주 3ml,,,약제,,"18,667",,,,1EA,Χ,Χ
나누리병원,라메아주 0.3MG,,,약제,,"23,096",,,,1EA,Χ,Χ
나누리병원,1인실(특실),,,병실료,,"300,000",,,,"1일, 2019.7.수가변경",Χ,Χ
나누리병원,추간판내 고주파 열치료술- 1부위(카테터포함),,,수술,,"2,600,000",,,,"1회, 재료대 포함",Χ,○
나누리병원,ESWT - 전신,,,기타,,"200,000",,,,1회,Χ,Χ
나누리병원,추간판내 고주파 열치료술- 2부위(카테터포함),,,수술,,"2,800,000",,,,"1회 ,재료대 포함",Χ,○
나누리병원,COSMA -SST+Manual therapy,,,이학요법료,,"90,000",,,,1회,Χ,Χ
나누리병원,하이배리 1.5ml,,,치료재료,,"250,000",,,,1EA,Χ,Χ
나누리병원,하이배리 3.0ml,,,치료재료,,"500,000",,,,1EA,Χ,Χ
나누리병원,조스타박스주,,,약제,,"190,000",,,,1회,Χ,Χ
나누리병원,Baguera C,,,치료재료,,"5,000,000",,,,1EA,Χ,Χ
나누리병원,법원요청소견의뢰 회신비용,,,증명료,,"100,000",,,,1매,Χ,Χ
나누리병원,DVD  Copy(보험회사요청-1장),,,증명료,,"15,000",,,,1매,Χ,Χ
나누리병원,차트복사(보험회사요청-6매초과1매당),,,증명료,,100,,,,1매,Χ,Χ
나누리병원,차트복사(보험회사요청 1매~5매까지),,,증명료,,"1,000",,,,1매,Χ,Χ
나누리병원,소견서(보험회사요청),,,증명료,,"20,000",,,,1매,Χ,Χ
나누리병원,진단서(보험회사요청),,,증명료,,"20,000",,,,1매,Χ,Χ
나누리병원,Filter needle&syringe,,,처치재료,,"1,000",,,,"1ea,",Χ,Χ
나누리병원,루플라주,,,치료재료,,"150,000",,,,"1개,2020.2 수가인상",Χ,Χ
나누리병원,DBX(putty) 2.5cc,,,치료재료,,"1,100,000",,,,1EA,Χ,Χ
나누리병원,부스트릭스 프리필드시린지(DTP백신),,,약제,,"40,000",,,,1회,Χ,Χ
나누리병원,메디락디에스장용캅셀,,,약제,,96,,,,1cap,Χ,Χ
서울대정병원,,,,,,,,항목,,,,
서울대정병원,,,,,,,,금액,,,,
서울대정병원,,,,,,,,항목,,,,
서울대정병원,,,,,,,,금액,,,,
서울대정병원,,,,,,,,항목,,,,
서울대정병원,,,,,,,,금액,,,,
서울대정병원,,,,,,,,항목,,,,
서울대정병원,,,,,,,,금액,,,,
서울대정병원,,,,,,,,항목,,,,
서울대정병원,,,,,,,,금액,,,,
서울대정병원,,,,,,,,항목,,,,
서울대정병원,,,,,,,,금액,,,,
나누리병원,발보호대,,,보호대,,"50,000",,,,1EA,Χ,Χ
나누리병원,사망진단서 원본,,,증명료,,"10,000",,,,1매,Χ,Χ
나누리병원,도수치료(1회)-1일당,,,이학요법료,,"70,000",,MX122,,"1회 ,부위별",Χ,Χ
나누리병원,통증역치-인지검사 ( PEC & CPT),,,기타검사,,"50,000",,,,1회,Χ,Χ
나누리병원,신경재활 (NRT),,,이학요법료,,"50,000",,,,1회,Χ,Χ
나누리병원,조직 Slide(가져감),,,복사료,,"20,000",,,,1 ea,Χ,Χ
나누리병원,카티젤겔 8.5g,,,약제,,"17,000",,,,1 ea,Χ,Χ
나누리병원,DBX(putty) 5cc,,,치료재료,,"2,000,000",,,,1EA,Χ,Χ
나누리병원,Sonography(기타연부조직),,,초음파영상검사(US),,"100,000","100,000",,,1회,Χ,Χ
나누리병원,초음파+유도(큰부위),,,초음파영상검사(US),,"100,000",,,,1회,Χ,Χ
나누리병원,Chest MRI,,,자기공명영상촬영(MRI),,"500,000",,,,"1회, 2020.2.1..수가인상",Χ,Χ
나누리병원,Pelvis MRI,,,자기공명영상촬영(MRI),,"500,000",,,,"1회, 2020.2.수가인상",Χ,Χ
나누리병원,Myelogram MRI,,,자기공명영상촬영(MRI),,"200,000",,,,1회,Χ,Χ
나누리병원,"Brain MRI+MRA (조영제주입 전,후촬영)",,,자기공명영상촬영(MRI),,"940,000",,,,1회.2019.1.수가인상,Χ,Χ
나누리병원,Contiplex Tuohy Set,,,치료재료,,"100,000",,,,1EA,Χ,Χ
나누리병원,Anyplus cage inserter (ACDF),,,치료재료,,"2,900,000",,,,1EA,Χ,Χ
나누리병원,Allomatrix,,,치료재료,,"880,000",,,,1 ea,Χ,Χ
나누리병원,리젠씰 6% 3cc,,,치료재료,,"2,500,000",,,,1EA,Χ,Χ
나누리병원,coban 1 inch,,,치료재료,,"2,500",,,,1 ea,Χ,Χ
나누리병원,Spina & Epidural combined set,,,치료재료,,"55,000",,,,1ea,Χ,Χ
나누리병원,외부병원 필름 판독료,,,자기공명영상촬영(MRI),,"40,000",,,,1회,Χ,Χ
나누리병원,Shoulder arthro MRI,,,자기공명영상촬영(MRI),,"570,000",,,,1회,Χ,Χ
나누리병원,Coban 2 inch,,,치료재료,,"3,500",,,,1 ea,Χ,Χ
나누리병원,Anyplus cage inserter (ALIF),,,치료재료,,"4,000,000",,BC0104ED,,1EA,Χ,Χ
나누리병원,내시경적 경막외강 신경근성형술(1부위)-카테터포함,,,수술,,"3,800,000","3,800,000",,,"1회,Needleview CH 재료대 포함",Χ,○
나누리병원,수면내시경시환자관리료,,,기타,,"50,000",,,,1회,Χ,Χ
나누리병원,Thermogram  Upper   extremity,,,체온열검사,,"200,000",,,,1회,Χ,Χ
나누리병원,인플루엔자 A·B 바이러스항원검사 [현장검사],,,기타검사,,"30,000",,CZ394,,1회,Χ,Χ
나누리병원,영문진단서 원본,,,증명료,,"20,000",,,,1매,Χ,Χ
나누리병원,상해진단서(3주이상),,,증명료,,"150,000",,,,1매,Χ,Χ
나누리병원,Doppler-Extrimity (A+V 양측),,,초음파영상검사(US),,"250,000",,,,1회,Χ,Χ
나누리병원,리젠씰 3% 1cc,,,치료재료,,"290,000",,,,1EA,Χ,Χ
나누리병원,Filter needle&syringe 10cc(의약품주입여과기),,,처치재료,,"1,000",,,,1EA,Χ,Χ
나누리병원,INVOSA-K inj (코오롱제약),,,치료재료,,"7,000,000",,,,1개,Χ,Χ
나누리병원,JM-Corset,,,보조기,,"50,000",,,,1EA,Χ,Χ
나누리병원,L-S Spine MRI,,,자기공명영상촬영(MRI),,"500,000",,,,"1회, 2020.2.수가인상",Χ,Χ
나누리병원,초음파+유도(작은부위),,,초음파영상검사(US),,"80,000",,,,1회,Χ,Χ
나누리병원,인플루엔자주,,,약제,,"30,000","30,000",,,"1EA, 4가",Χ,Χ
나누리병원,Floseal,,,치료재료,,"700,000",,,,1EA,Χ,Χ
나누리병원,노자임캡슐,,,약제,,650,,,,1Cap,Χ,Χ
나누리병원,타우로린주,,,약제,,"100,000",,,,1병 2019.7. 수가인상,Χ,Χ
나누리병원,가다실주프리필드0.5ml,,,약제,,"170,000",,,,1회,Χ,Χ
나누리병원,진료영상 Copy (DVD),,,증명료,,"15,000",,,,1EA,Χ,Χ
나누리병원,CHART복사(6매이상부터 ),,,증명료,,100,,,,1매당,Χ,Χ
나누리병원,CHART복사 (1~5매까지),,,증명료,,"1,000",,,,1매당,Χ,Χ
나누리병원,병무용진단서,,,증명료,,"20,000",,,,1매,Χ,Χ
나누리병원,국민연금장애진단서,,,증명료,,"15,000",,,,1매,Χ,Χ
나누리병원,향후치료비추정서(천만원이상),,,증명료,,"100,000",,,,1매,Χ,Χ
나누리병원,향후치료비추정서(천만원미만),,,증명료,,"50,000",,,,1매,Χ,Χ
나누리병원,입퇴원확인서(부본),,,증명료,,"1,000",,,,1매,Χ,Χ
나누리병원,후유장애진단서 원본,,,증명료,,"100,000",,,,1매,Χ,Χ
나누리병원,장애진단서 원본(동사무소용),,,증명료,,"15,000",,,,1매,Χ,Χ
나누리병원,진단서 원본,,,증명료,,"20,000",,,,1매,Χ,Χ
나누리병원,(3M) Soft cloth tape 10*15cm(6inch),,,처치재료,,200,,,,1EA,Χ,Χ
나누리병원,(3M) Soft cloth tape 10*10cm(4inch),,,처치재료,,160,,,,1EA,Χ,Χ
나누리병원,Neodressing OP SITE(9*25),,,처치재료,,"1,500",,,,장당,Χ,Χ
나누리병원,Neodressing OP SITE(9*15),,,처치재료,,"1,200",,,,장당,Χ,Χ
나누리병원,Neodressing IV 6cmx7cm,,,처치재료,,500,,,,장당,Χ,Χ
나누리병원,A-DERM OP SITE ( 9*15),,,처치재료,,"2,000",,,,장당,Χ,Χ
나누리병원,A-DERM OP SITE ( 6*7),,,처치재료,,"1,200",,,,장당,Χ,Χ
나누리병원,Fixing roll 2.5cmx10cm,,,처치재료,,100,,,,1EA,Χ,Χ
나누리병원,데카민주(수액수수료포함),,,약제,,"35,000","50,000",,,1병,Χ,Χ
나누리병원,성인용 프리베나13주,,,약제,,"150,000",,,,1회,Χ,Χ
나누리병원,아데노피주 1A,,,약제,,"35,000",,,,1EA,Χ,Χ
나누리병원,모노퍼주,,,약제,,"100,000",,,,1EA,Χ,Χ
나누리병원,에셀민주250ml(수액수기료포함),,,약제,,"35,000",,,,1병,Χ,Χ
나누리병원,레티몰,,,약제,,"2,500",,,,1포,Χ,Χ
나누리병원,하이스탈정,,,약제,,103,,,,1정,Χ,Χ
나누리병원,Frozen Gel (프로즌겔),,,약제,,"17,000",,,,1개( Roll 또는 Tube 타입  ),Χ,Χ
나누리병원,경피적 풍선확장 경막외강 신경성형-1부위 (카테터별도),,,수술,,"1,200,000","1,200,000",,,1회,Χ,Χ
나누리병원,DBX(putty) 1cc,,,치료재료,,"550,000",,,,1EA,Χ,Χ
나누리병원,Trigger-Flex Bipolar,,,치료재료,,"1,300,000",,,,1EA,Χ,Χ
나누리병원,Spongostan standard,,,치료재료,,"10,000",,,,1EA,Χ,Χ
나누리병원,Ostene,,,치료재료,,"90,660",,,,1EA,Χ,Χ
나누리병원,Cancellous Bone Chip,,,치료재료,,"329,600",,,,1EA,Χ,Χ
나누리병원,피엔믹스페리 주2호 500ml-수액수기료 포함,,,약제,,"75,000",,,,1EA,Χ,Χ
나누리병원,MOBI-C,,,치료재료,,"5,500,000",,,,1EA,Χ,Χ
나누리병원,Neck Soft Collar Brace,,,보조기,,"21,000",,,,1EA,Χ,Χ
나누리병원,Wrist & Thumb Brace,,,보조기,,"40,000",,,,1EA,Χ,Χ
나누리병원,Prolotherapy (사지관절),,,이학요법료,,"30,000","30,000",MY142,,"1회, 관절 부위별",Χ,Χ
나누리병원,IMS,,,주사치료,,"10,000","80,000",,,1회당,Χ,Χ
나누리병원,경피적경막외강신경성형술(카테터포함) -요추,,,수술,,"1,550,000","1,550,000",SZ634,,1회,Χ,○
나누리병원,ESWT- 두부위 (1회 체외충격파치료),,,기타,,"200,000",,,,1회,Χ,Χ
나누리병원,Color Cast Shoes,,,보호대,,"10,000",,,,1EA,Χ,Χ
나누리병원,쇄골밴드,,,보호대,,"10,000",,,,1EA,Χ,Χ
나누리병원,Ankle  Brace,,,보조기,,"30,000",,,,1EA,Χ,Χ
나누리병원,Thumb Brace,,,보조기,,"30,000",,,,1EA,Χ,Χ
나누리병원,Cruch (알루미늄),,,보조기,,"18,000","25,000",,,1쌍 (Size별 금액상이),Χ,Χ
나누리병원,Wrist brace,,,보조기,,"30,000",,,,1EA,Χ,Χ
나누리병원,암 슬링(귀가용),,,보호대,,"5,000",,,,1EA,Χ,Χ
나누리병원,"T-L spine MRI+E (조영제주입 전,후촬영)",,,자기공명영상촬영(MRI),,"600,000",,,,"1회, 2020.1수가인상",Χ,Χ
나누리병원,T-L spine MRI,,,자기공명영상촬영(MRI),,"500,000",,,,"1회,2020.1 수가인상",Χ,Χ
나누리병원,Shoulder MRI,,,자기공명영상촬영(MRI),,"500,000",,,,"1회, 2020.1.수가인상",Χ,Χ
나누리병원,Lower extremity MRI,,,자기공명영상촬영(MRI),,"500,000",,,,"1회, 2020.1.수가인상",Χ,Χ
나누리병원,Foraminal view MRI,,,자기공명영상촬영(MRI),,"130,000",,,,1회,Χ,Χ
나누리병원,MRI(HIP추가),,,자기공명영상촬영(MRI),,"160,000",,,,"1회, 2019.1.수가인상",Χ,Χ
나누리병원,Hip MRI,,,자기공명영상촬영(MRI),,"500,000",,,,1회.2020.1.수가인상,Χ,Χ
나누리병원,L-S Spine MRI +E + CTL,,,자기공명영상촬영(MRI),,"720,000",,,,"1회, 2019.1.수가인상",Χ,Χ
나누리병원,"L-Spine MRI+E (조영제주입 전,후촬영)",,,자기공명영상촬영(MRI),,"600,000",,,,"1회, 조영제 비용 포함. 2020.1수가인상",Χ,Χ
나누리병원,L-Spine MRI + CTL,,,자기공명영상촬영(MRI),,"630,000",,,,"1회, 2020.1.수가인상",Χ,Χ
나누리병원,L-Spine MRI,,,자기공명영상촬영(MRI),,"500,000",,,,"1회, 2020.1.수가인상",Χ,Χ
나누리병원,Knee Joint MRI (편측),,,자기공명영상촬영(MRI),,"500,000",,,,"1회, 2020.1.수가인상",Χ,Χ
나누리병원,MRI(C-T-L) 추가,,,자기공명영상촬영(MRI),,"130,000",,,,1회,Χ,Χ
나누리병원,"C-Spine MRI +E (조영제주입 전,후촬영)",,,자기공명영상촬영(MRI),,"600,000",,,,"1회, 1회, 조영제 비용 포함,2020.1수가인상",Χ,Χ
나누리병원,C-Spine MRI,,,자기공명영상촬영(MRI),,"500,000",,,,1회.2020.1. 수가인상,Χ,Χ
나누리병원,C-Spine MRI + E + CTL,,,자기공명영상촬영(MRI),,"720,000",,,,"1회, 2019.1.수가인상",Χ,Χ
나누리병원,Brain MRI+MRA,,,자기공명영상촬영(MRI),,"840,000",,,,"1회, 2019.1.수가인상",Χ,Χ
나누리병원,Brain MRA,,,자기공명영상촬영(MRI),,"360,000",,,,1회.2020.1 수가인상,Χ,Χ
나누리병원,"Brain MRI (조영제주입 전,후촬영)",,,자기공명영상촬영(MRI),,"600,000",,,,"1회, 2020.1.수가인상",Χ,Χ
나누리병원,Brain MRI,,,자기공명영상촬영(MRI),,"500,000",,,,1회.2020.1수가인상,Χ,Χ
나누리병원,Doppler-Extremity(양측),,,초음파영상검사(US),,"200,000",,,,1회,Χ,Χ
나누리병원,Doppler-Extremity(편측),,,초음파영상검사(US),,"150,000",,,,1회,Χ,Χ
나누리병원,Carotid Doppler (경동맥도플러),,,초음파영상검사(US),,"150,000",,,,1회,Χ,Χ
나누리병원,Sonography (심장),,,초음파영상검사(US),,"200,000","200,000",,,1회,Χ,Χ
나누리병원,Sonography (경부 및 갑상선),,,초음파영상검사(US),,"100,000",,,,1회,Χ,Χ
나누리병원,골반,,,초음파영상검사(US),,"80,000",,,,1회,Χ,Χ
나누리병원,초음파-근골격계(큰부위),,,초음파영상검사(US),,"100,000",,,,1회,Χ,Χ
나누리병원,초음파-근골격계(작은부위),,,초음파영상검사(US),,"80,000",,,,1회,Χ,Χ
나누리병원,Thermogram  lower  extremity,,,체온열검사,,"200,000",,,,1회.2019.9.1. 수가인상,Χ,Χ
나누리병원,Thermogram lumbar,,,체온열검사,,"200,000",,,,"1회,2019.9.1. 수가인상",Χ,Χ
