병원명,명칭,분류,소분류,중분류,중복컬럼_1,비용,최저비용,최고비용,코드,구분,특이사항,약제비포함여부,치료재료대포함여부
부산본병원,항 CCP항체 [IgG],,검사료,,,"47,000",0,0,,,,,
부산본병원,Eosinophil cationic protein(ECP),,검사료,,,"107,100",0,0,,,,,
부산본병원,HDV DNA PCR검사,,검사료,,,"100,900",0,0,,,,,
부산본병원,인플루엔자 A·B 바이러스항원검사 [현장검사],,검사료,,,"30,000",0,0,,,,,
부산본병원,실시간역전사중합효소연쇄반응법-인플루엔자바이러스 A,,검사료,,,"145,000",0,0,,,,,
부산본병원,DITI (체온열검사) - 상지및 하지,,검사료,,,"100,000",0,0,,,,,
부산본병원,DITI(체온열검사) 전신,,검사료,,,"200,000",0,0,,,,,
부산본병원,표본대여(Slide copy),,검사료,,,"10,000",0,0,,,,,
부산본병원,IgG-GM1,,검사료,,,"58,600",0,0,,,,,
부산본병원,IgM-GM1,,검사료,,,"58,600",0,0,,,,,
의료법인 백천의료재단 바로본병원,None,,,,,,,,,,,None,None
의료법인 백천의료재단 바로본병원,None,,,,,,,,,,,None,None
의료법인 백천의료재단 바로본병원,None,,,,,,,,,,,None,None
의료법인 백천의료재단 바로본병원,None,,,,,,,,,,,None,None
의료법인 백천의료재단 바로본병원,None,,,,,,,,,,,None,None
의료법인 백천의료재단 바로본병원,None,,,,,,,,,,,None,None
의료법인 백천의료재단 바로본병원,None,,,,,,,,,,,None,None
의료법인 백천의료재단 바로본병원,None,,,,,,,,,,,None,None
의료법인 백천의료재단 바로본병원,None,,,,,,,,,,,None,None
의료법인 백천의료재단 바로본병원,None,,,,,,,,,,,None,None
의료법인 백천의료재단 바로본병원,None,,,,,,,,,,,None,None
의료법인 백천의료재단 바로본병원,None,,,,,,,,,,,None,None
의료법인 백천의료재단 바로본병원,None,,,,,,,,,,,None,None
의료법인 백천의료재단 바로본병원,None,,,,,,,,,,,None,None
의료법인 백천의료재단 바로본병원,None,,,,,,,,,,,None,None
의료법인 백천의료재단 바로본병원,None,,,,,,,,,,,None,None
의료법인 백천의료재단 바로본병원,None,,,,,,,,,,,None,None
의료법인 백천의료재단 바로본병원,None,,,,,,,,,,,None,None
의료법인 백천의료재단 바로본병원,None,,,,,,,,,,,None,None
의료법인 백천의료재단 바로본병원,None,,,,,,,,,,,None,None
의료법인 백천의료재단 바로본병원,None,,,,,,,,,,,None,None
의료법인 백천의료재단 바로본병원,None,,,,,,,,,,,None,None
의료법인 백천의료재단 바로본병원,None,,,,,,,,,,,None,None
의료법인 백천의료재단 바로본병원,None,,,,,,,,,,,None,None
의료법인 백천의료재단 바로본병원,None,,,,,,,,,,,None,None
의료법인 백천의료재단 바로본병원,None,,,,,,,,,,,None,None
의료법인 백천의료재단 바로본병원,None,,,,,,,,,,,None,None
의료법인 백천의료재단 바로본병원,None,,,,,,,,,,,None,None
의료법인 백천의료재단 바로본병원,None,,,,,,,,,,,None,None
의료법인 백천의료재단 바로본병원,None,,,,,,,,,,,None,None
의료법인 백천의료재단 바로본병원,None,,,,,,,,,,,None,None
의료법인 백천의료재단 바로본병원,None,,,,,,,,,,,None,None
의료법인 백천의료재단 바로본병원,None,,,,,,,,,,,None,None
의료법인 백천의료재단 바로본병원,None,,,,,,,,,,,None,None
의료법인 백천의료재단 바로본병원,,,,,,,,,,,,1매,
의료법인 백천의료재단 바로본병원,상해진단서(3주미만),,,,,,,,,,,,수술확인서
의료법인 백천의료재단 바로본병원,None,,,,,,,,,,,None,None
의료법인 백천의료재단 바로본병원,None,,,,,,,,,,,None,None
의료법인 백천의료재단 바로본병원,None,,,,,,,,,,,None,None
의료법인 백천의료재단 바로본병원,None,,,,,,,,,,,None,None
의료법인 백천의료재단 바로본병원,None,,,,,,,,,,,None,None
의료법인 백천의료재단 바로본병원,None,,,,,,,,,,,None,None
의료법인 백천의료재단 바로본병원,None,,,,,,,,,,,None,None
의료법인 백천의료재단 바로본병원,None,,,,,,,,,,,None,None
의료법인 백천의료재단 바로본병원,None,,,,,,,,,,,None,None
의료법인 백천의료재단 바로본병원,None,,,,,,,,,,,None,None
의료법인 백천의료재단 바로본병원,,,,,,,,,,,,1매,
의료법인 백천의료재단 바로본병원,None,,,,,,,,,,,None,None
의료법인 백천의료재단 바로본병원,None,,,,,,,,,,,None,None
의료법인 백천의료재단 바로본병원,20J35,,,,,,,,,,,"1,000원",20J43-4
의료법인 백천의료재단 바로본병원,None,,,,,,,,,,,None,None
의료법인 백천의료재단 바로본병원,None,,,,,,,,,,,None,None
의료법인 백천의료재단 바로본병원,None,,,,,,,,,,,None,None
의료법인 백천의료재단 바로본병원,None,,,,,,,,,,,None,None
의료법인 백천의료재단 바로본병원,None,,,,,,,,,,,None,None
의료법인 백천의료재단 바로본병원,None,,,,,,,,,,,None,None
의료법인 백천의료재단 바로본병원,None,,,,,,,,,,,None,None
의료법인 백천의료재단 바로본병원,None,,,,,,,,,,,None,None
의료법인 백천의료재단 바로본병원,None,,,,,,,,,,,None,None
의료법인 백천의료재단 바로본병원,None,,,,,,,,,,,None,None
의료법인 백천의료재단 바로본병원,None,,,,,,,,,,,None,None
의료법인 백천의료재단 바로본병원,None,,,,,,,,,,,None,None
의료법인 백천의료재단 바로본병원,None,,,,,,,,,,,None,None
의료법인 백천의료재단 바로본병원,None,,,,,,,,,,,None,None
의료법인 백천의료재단 바로본병원,None,,,,,,,,,,,None,None
의료법인 백천의료재단 바로본병원,None,,,,,,,,,,,None,None
의료법인 백천의료재단 바로본병원,None,,,,,,,,,,,None,None
의료법인 백천의료재단 바로본병원,None,,,,,,,,,,,None,None
의료법인 백천의료재단 바로본병원,None,,,,,,,,,,,None,None
의료법인 백천의료재단 바로본병원,None,,,,,,,,,,,None,None
의료법인 백천의료재단 바로본병원,None,,,,,,,,,,,None,None
의료법인 백천의료재단 바로본병원,None,,,,,,,,,,,None,None
의료법인 백천의료재단 바로본병원,None,,,,,,,,,,,None,None
의료법인 백천의료재단 바로본병원,None,,,,,,,,,,,None,None
의료법인 백천의료재단 바로본병원,None,,,,,,,,,,,None,None
의료법인 백천의료재단 바로본병원,None,,,,,,,,,,,None,None
의료법인 백천의료재단 바로본병원,None,,,,,,,,,,,None,None
의료법인 백천의료재단 바로본병원,None,,,,,,,,,,,None,None
의료법인 백천의료재단 바로본병원,None,,,,,,,,,,,None,None
의료법인 백천의료재단 바로본병원,None,,,,,,,,,,,None,None
의료법인 백천의료재단 바로본병원,None,,,,,,,,,,,None,None
의료법인 백천의료재단 바로본병원,None,,,,,,,,,,,None,None
의료법인 백천의료재단 바로본병원,None,,,,,,,,,,,None,None
의료법인 백천의료재단 바로본병원,None,,,,,,,,,,,None,None
의료법인 백천의료재단 바로본병원,None,,,,,,,,,,,None,None
의료법인 백천의료재단 바로본병원,None,,,,,,,,,,,None,None
의료법인 백천의료재단 바로본병원,None,,,,,,,,,,,None,None
의료법인 백천의료재단 바로본병원,None,,,,,,,,,,,None,None
의료법인 백천의료재단 바로본병원,None,,,,,,,,,,,None,None
의료법인 백천의료재단 바로본병원,670602631,,,,,,,,,,,"10,000원",669803300
의료법인 백천의료재단 바로본병원,None,,,,,,,,,,,None,None
의료법인 백천의료재단 바로본병원,None,,,,,,,,,,,None,None
의료법인 백천의료재단 바로본병원,None,,,,,,,,,,,None,None
의료법인 백천의료재단 바로본병원,None,,,,,,,,,,,None,None
의료법인 백천의료재단 바로본병원,None,,,,,,,,,,,None,None
의료법인 백천의료재단 바로본병원,None,,,,,,,,,,,None,None
의료법인 백천의료재단 바로본병원,None,,,,,,,,,,,None,None
의료법인 백천의료재단 바로본병원,None,,,,,,,,,,,None,None
의료법인 백천의료재단 바로본병원,None,,,,,,,,,,,None,None
의료법인 백천의료재단 바로본병원,None,,,,,,,,,,,None,None
의료법인 백천의료재단 바로본병원,None,,,,,,,,,,,None,None
의료법인 백천의료재단 바로본병원,None,,,,,,,,,,,None,None
의료법인 백천의료재단 바로본병원,None,,,,,,,,,,,None,None
의료법인 백천의료재단 바로본병원,None,,,,,,,,,,,None,None
의료법인 백천의료재단 바로본병원,None,,,,,,,,,,,None,None
의료법인 백천의료재단 바로본병원,None,,,,,,,,,,,None,None
의료법인 백천의료재단 바로본병원,None,,,,,,,,,,,None,None
의료법인 백천의료재단 바로본병원,None,,,,,,,,,,,None,None
의료법인 백천의료재단 바로본병원,None,,,,,,,,,,,None,None
의료법인 백천의료재단 바로본병원,None,,,,,,,,,,,None,None
의료법인 백천의료재단 바로본병원,None,,,,,,,,,,,None,None
의료법인 백천의료재단 바로본병원,None,,,,,,,,,,,None,None
의료법인 백천의료재단 바로본병원,None,,,,,,,,,,,None,None
의료법인 백천의료재단 바로본병원,None,,,,,,,,,,,None,None
의료법인 백천의료재단 바로본병원,None,,,,,,,,,,,None,None
의료법인 백천의료재단 바로본병원,None,,,,,,,,,,,None,None
의료법인 백천의료재단 바로본병원,None,,,,,,,,,,,None,None
의료법인 백천의료재단 바로본병원,None,,,,,,,,,,,None,None
의료법인 백천의료재단 바로본병원,None,,,,,,,,,,,None,None
의료법인 백천의료재단 바로본병원,None,,,,,,,,,,,None,None
의료법인 백천의료재단 바로본병원,None,,,,,,,,,,,None,None
의료법인 백천의료재단 바로본병원,None,,,,,,,,,,,None,None
의료법인 백천의료재단 바로본병원,None,,,,,,,,,,,None,None
의료법인 백천의료재단 바로본병원,None,,,,,,,,,,,None,None
의료법인 백천의료재단 바로본병원,None,,,,,,,,,,,None,None
의료법인 백천의료재단 바로본병원,None,,,,,,,,,,,None,None
의료법인 백천의료재단 바로본병원,None,,,,,,,,,,,None,None
의료법인 백천의료재단 바로본병원,None,,,,,,,,,,,None,None
의료법인 백천의료재단 바로본병원,None,,,,,,,,,,,None,None
의료법인 백천의료재단 바로본병원,None,,,,,,,,,,,None,None
의료법인 백천의료재단 바로본병원,None,,,,,,,,,,,None,None
의료법인 백천의료재단 바로본병원,None,,,,,,,,,,,None,None
의료법인 백천의료재단 바로본병원,None,,,,,,,,,,,None,None
의료법인 백천의료재단 바로본병원,None,,,,,,,,,,,None,None
의료법인 백천의료재단 바로본병원,None,,,,,,,,,,,None,None
의료법인 백천의료재단 바로본병원,None,,,,,,,,,,,None,None
의료법인 백천의료재단 바로본병원,None,,,,,,,,,,,None,None
의료법인 백천의료재단 바로본병원,None,,,,,,,,,,,None,None
의료법인 백천의료재단 바로본병원,None,,,,,,,,,,,None,None
의료법인 백천의료재단 바로본병원,None,,,,,,,,,,,None,None
의료법인 백천의료재단 바로본병원,None,,,,,,,,,,,None,None
의료법인 백천의료재단 바로본병원,None,,,,,,,,,,,None,None
의료법인 백천의료재단 바로본병원,None,,,,,,,,,,,None,None
의료법인 백천의료재단 바로본병원,공기밥추가,,,,,,,,,,,"6,000원",
의료법인 백천의료재단 바로본병원,None,,,,,,,,,,,None,None
의료법인 백천의료재단 바로본병원,None,,,,,,,,,,,None,None
의료법인 백천의료재단 바로본병원,None,,,,,,,,,,,None,None
의료법인 백천의료재단 바로본병원,None,,,,,,,,,,,None,None
의료법인 백천의료재단 바로본병원,None,,,,,,,,,,,None,None
의료법인 백천의료재단 바로본병원,None,,,,,,,,,,,None,None
의료법인 백천의료재단 바로본병원,None,,,,,,,,,,,None,None
의료법인 백천의료재단 바로본병원,None,,,,,,,,,,,None,None
의료법인 백천의료재단 바로본병원,None,,,,,,,,,,,None,None
의료법인 백천의료재단 바로본병원,None,,,,,,,,,,,None,None
의료법인 백천의료재단 바로본병원,None,,,,,,,,,,,None,None
의료법인 백천의료재단 바로본병원,None,,,,,,,,,,,None,None
의료법인 백천의료재단 바로본병원,None,,,,,,,,,,,None,None
의료법인 백천의료재단 바로본병원,None,,,,,,,,,,,None,None
의료법인 백천의료재단 바로본병원,None,,,,,,,,,,,None,None
의료법인 백천의료재단 바로본병원,None,,,,,,,,,,,None,None
의료법인 백천의료재단 바로본병원,None,,,,,,,,,,,None,None
의료법인 백천의료재단 바로본병원,None,,,,,,,,,,,None,None
의료법인 백천의료재단 바로본병원,None,,,,,,,,,,,None,None
의료법인 백천의료재단 바로본병원,None,,,,,,,,,,,None,None
의료법인 백천의료재단 바로본병원,None,,,,,,,,,,,None,None
의료법인 백천의료재단 바로본병원,None,,,,,,,,,,,None,None
의료법인 백천의료재단 바로본병원,None,,,,,,,,,,,None,None
의료법인 백천의료재단 바로본병원,None,,,,,,,,,,,None,None
의료법인 백천의료재단 바로본병원,None,,,,,,,,,,,None,None
의료법인 백천의료재단 바로본병원,None,,,,,,,,,,,None,None
의료법인 백천의료재단 바로본병원,None,,,,,,,,,,,None,None
의료법인 백천의료재단 바로본병원,None,,,,,,,,,,,None,None
의료법인 백천의료재단 바로본병원,None,,,,,,,,,,,None,None
의료법인 백천의료재단 바로본병원,None,,,,,,,,,,,None,None
의료법인 백천의료재단 바로본병원,None,,,,,,,,,,,None,None
의료법인 백천의료재단 바로본병원,None,,,,,,,,,,,None,None
의료법인 백천의료재단 바로본병원,None,,,,,,,,,,,None,None
의료법인 백천의료재단 바로본병원,None,,,,,,,,,,,None,None
의료법인 백천의료재단 바로본병원,None,,,,,,,,,,,None,None
의료법인 백천의료재단 바로본병원,None,,,,,,,,,,,None,None
의료법인 백천의료재단 바로본병원,None,,,,,,,,,,,None,None
의료법인 백천의료재단 바로본병원,None,,,,,,,,,,,None,None
의료법인 백천의료재단 바로본병원,None,,,,,,,,,,,None,None
의료법인 백천의료재단 바로본병원,None,,,,,,,,,,,None,None
의료법인 백천의료재단 바로본병원,None,,,,,,,,,,,None,None
의료법인 백천의료재단 바로본병원,None,,,,,,,,,,,None,None
의료법인 백천의료재단 바로본병원,None,,,,,,,,,,,None,None
의료법인 백천의료재단 바로본병원,None,,,,,,,,,,,None,None
의료법인 백천의료재단 바로본병원,None,,,,,,,,,,,None,None
의료법인 백천의료재단 바로본병원,None,,,,,,,,,,,None,None
의료법인 백천의료재단 바로본병원,None,,,,,,,,,,,None,None
의료법인 백천의료재단 바로본병원,None,,,,,,,,,,,None,None
의료법인 백천의료재단 바로본병원,None,,,,,,,,,,,None,None
의료법인 백천의료재단 바로본병원,None,,,,,,,,,,,None,None
의료법인 백천의료재단 바로본병원,None,,,,,,,,,,,None,None
의료법인 백천의료재단 바로본병원,None,,,,,,,,,,,None,None
의료법인 백천의료재단 바로본병원,None,,,,,,,,,,,None,None
의료법인 백천의료재단 바로본병원,None,,,,,,,,,,,None,None
의료법인 백천의료재단 바로본병원,None,,,,,,,,,,,None,None
의료법인 백천의료재단 바로본병원,CAREFIXALPHA(10cm*30cm),,,,,,,,,,,BM2621RA,
의료법인 백천의료재단 바로본병원,None,,,,,,,,,,,None,None
의료법인 백천의료재단 바로본병원,None,,,,,,,,,,,None,None
의료법인 백천의료재단 바로본병원,None,,,,,,,,,,,None,None
의료법인 백천의료재단 바로본병원,None,,,,,,,,,,,None,None
의료법인 백천의료재단 바로본병원,None,,,,,,,,,,,None,None
의료법인 백천의료재단 바로본병원,None,,,,,,,,,,,None,None
의료법인 백천의료재단 바로본병원,None,,,,,,,,,,,None,None
의료법인 백천의료재단 바로본병원,None,,,,,,,,,,,None,None
의료법인 백천의료재단 바로본병원,None,,,,,,,,,,,None,None
의료법인 백천의료재단 바로본병원,None,,,,,,,,,,,None,None
의료법인 백천의료재단 바로본병원,None,,,,,,,,,,,None,None
의료법인 백천의료재단 바로본병원,None,,,,,,,,,,,None,None
의료법인 백천의료재단 바로본병원,None,,,,,,,,,,,None,None
의료법인 백천의료재단 바로본병원,None,,,,,,,,,,,None,None
의료법인 백천의료재단 바로본병원,None,,,,,,,,,,,None,None
의료법인 백천의료재단 바로본병원,None,,,,,,,,,,,None,None
의료법인 백천의료재단 바로본병원,None,,,,,,,,,,,None,None
의료법인 백천의료재단 바로본병원,None,,,,,,,,,,,None,None
의료법인 백천의료재단 바로본병원,None,,,,,,,,,,,None,None
의료법인 백천의료재단 바로본병원,None,,,,,,,,,,,None,None
의료법인 백천의료재단 바로본병원,None,,,,,,,,,,,None,None
의료법인 백천의료재단 바로본병원,None,,,,,,,,,,,None,None
의료법인 백천의료재단 바로본병원,None,,,,,,,,,,,None,None
의료법인 백천의료재단 바로본병원,None,,,,,,,,,,,None,None
의료법인 백천의료재단 바로본병원,None,,,,,,,,,,,None,None
의료법인 백천의료재단 바로본병원,None,,,,,,,,,,,None,None
의료법인 백천의료재단 바로본병원,None,,,,,,,,,,,None,None
의료법인 백천의료재단 바로본병원,None,,,,,,,,,,,None,None
의료법인 백천의료재단 바로본병원,None,,,,,,,,,,,None,None
의료법인 백천의료재단 바로본병원,None,,,,,,,,,,,None,None
의료법인 백천의료재단 바로본병원,None,,,,,,,,,,,None,None
의료법인 백천의료재단 바로본병원,None,,,,,,,,,,,None,None
의료법인 백천의료재단 바로본병원,None,,,,,,,,,,,None,None
의료법인 백천의료재단 바로본병원,None,,,,,,,,,,,None,None
의료법인 백천의료재단 바로본병원,None,,,,,,,,,,,None,None
의료법인 백천의료재단 바로본병원,None,,,,,,,,,,,None,None
의료법인 백천의료재단 바로본병원,None,,,,,,,,,,,None,None
의료법인 백천의료재단 바로본병원,None,,,,,,,,,,,None,None
의료법인 백천의료재단 바로본병원,None,,,,,,,,,,,None,None
의료법인 백천의료재단 바로본병원,None,,,,,,,,,,,None,None
의료법인 백천의료재단 바로본병원,None,,,,,,,,,,,None,None
의료법인 백천의료재단 바로본병원,None,,,,,,,,,,,None,None
의료법인 백천의료재단 바로본병원,None,,,,,,,,,,,None,None
의료법인 백천의료재단 바로본병원,None,,,,,,,,,,,None,None
의료법인 백천의료재단 바로본병원,None,,,,,,,,,,,None,None
의료법인 백천의료재단 바로본병원,None,,,,,,,,,,,None,None
의료법인 백천의료재단 바로본병원,None,,,,,,,,,,,None,None
의료법인 백천의료재단 바로본병원,None,,,,,,,,,,,None,None
의료법인 백천의료재단 바로본병원,None,,,,,,,,,,,None,None
의료법인 백천의료재단 바로본병원,None,,,,,,,,,,,None,None
의료법인 백천의료재단 바로본병원,None,,,,,,,,,,,None,None
의료법인 백천의료재단 바로본병원,None,,,,,,,,,,,None,None
의료법인 백천의료재단 바로본병원,None,,,,,,,,,,,None,None
의료법인 백천의료재단 바로본병원,None,,,,,,,,,,,None,None
의료법인 백천의료재단 바로본병원,None,,,,,,,,,,,None,None
의료법인 백천의료재단 바로본병원,None,,,,,,,,,,,None,None
의료법인 백천의료재단 바로본병원,None,,,,,,,,,,,None,None
의료법인 백천의료재단 바로본병원,None,,,,,,,,,,,None,None
의료법인 백천의료재단 바로본병원,None,,,,,,,,,,,None,None
의료법인 백천의료재단 바로본병원,None,,,,,,,,,,,None,None
의료법인 백천의료재단 바로본병원,None,,,,,,,,,,,None,None
의료법인 백천의료재단 바로본병원,None,,,,,,,,,,,None,None
의료법인 백천의료재단 바로본병원,None,,,,,,,,,,,None,None
의료법인 백천의료재단 바로본병원,None,,,,,,,,,,,None,None
의료법인 백천의료재단 바로본병원,None,,,,,,,,,,,None,None
의료법인 백천의료재단 바로본병원,None,,,,,,,,,,,None,None
의료법인 백천의료재단 바로본병원,None,,,,,,,,,,,None,None
의료법인 백천의료재단 바로본병원,None,,,,,,,,,,,None,None
의료법인 백천의료재단 바로본병원,None,,,,,,,,,,,None,None
의료법인 백천의료재단 바로본병원,None,,,,,,,,,,,None,None
의료법인 백천의료재단 바로본병원,None,,,,,,,,,,,None,None
의료법인 백천의료재단 바로본병원,None,,,,,,,,,,,None,None
의료법인 백천의료재단 바로본병원,None,,,,,,,,,,,None,None
의료법인 백천의료재단 바로본병원,None,,,,,,,,,,,None,None
의료법인 백천의료재단 바로본병원,None,,,,,,,,,,,None,None
의료법인 백천의료재단 바로본병원,None,,,,,,,,,,,None,None
의료법인 백천의료재단 바로본병원,None,,,,,,,,,,,None,None
의료법인 백천의료재단 바로본병원,None,,,,,,,,,,,None,None
의료법인 백천의료재단 바로본병원,None,,,,,,,,,,,None,None
의료법인 백천의료재단 바로본병원,None,,,,,,,,,,,None,None
의료법인 백천의료재단 바로본병원,None,,,,,,,,,,,None,None
의료법인 백천의료재단 바로본병원,None,,,,,,,,,,,,
의료법인 백천의료재단 바로본병원,None,,,,,,,,,,,,
의료법인 백천의료재단 바로본병원,None,,,,,,,,,,,,
의료법인 백천의료재단 바로본병원,None,,,,,,,,,,,,
의료법인 백천의료재단 바로본병원,None,,,,,,,,,,,,
의료법인 백천의료재단 바로본병원,None,,,,,,,,,,,,
의료법인 백천의료재단 바로본병원,None,,,,,,,,,,,,
의료법인 백천의료재단 바로본병원,None,,,,,,,,,,,,
의료법인 백천의료재단 바로본병원,None,,,,,,,,,,,,
의료법인 백천의료재단 바로본병원,None,,,,,,,,,,,,
의료법인 백천의료재단 바로본병원,None,,,,,,,,,,,,
의료법인 백천의료재단 바로본병원,None,,,,,,,,,,,,
의료법인 백천의료재단 바로본병원,None,,,,,,,,,,,,
의료법인 백천의료재단 바로본병원,None,,,,,,,,,,,,
의료법인 백천의료재단 바로본병원,None,,,,,,,,,,,,
의료법인 백천의료재단 바로본병원,None,,,,,,,,,,,,
의료법인 백천의료재단 바로본병원,None,,,,,,,,,,,,
의료법인 백천의료재단 바로본병원,None,,,,,,,,,,,,
의료법인 백천의료재단 바로본병원,None,,,,,,,,,,,,
의료법인 백천의료재단 바로본병원,None,,,,,,,,,,,,
의료법인 백천의료재단 바로본병원,None,,,,,,,,,,,,
의료법인 백천의료재단 바로본병원,None,,,,,,,,,,,,
의료법인 백천의료재단 바로본병원,None,,,,,,,,,,,,
의료법인 백천의료재단 바로본병원,None,,,,,,,,,,,,
의료법인 백천의료재단 바로본병원,None,,,,,,,,,,,,
의료법인 백천의료재단 바로본병원,None,,,,,,,,,,,,
의료법인 백천의료재단 바로본병원,None,,,,,,,,,,,,
의료법인 백천의료재단 바로본병원,None,,,,,,,,,,,,
의료법인 백천의료재단 바로본병원,None,,,,,,,,,,,,
의료법인 백천의료재단 바로본병원,None,,,,,,,,,,,,
의료법인 백천의료재단 바로본병원,None,,,,,,,,,,,,
의료법인 백천의료재단 바로본병원,None,,,,,,,,,,,,
의료법인 백천의료재단 바로본병원,None,,,,,,,,,,,,
의료법인 백천의료재단 바로본병원,None,,,,,,,,,,,,
의료법인 백천의료재단 바로본병원,1매,,,,,,,,,,,,
의료법인 백천의료재단 바로본병원,1매,,,,,,,,,,,,
의료법인 백천의료재단 바로본병원,None,,,,,,,,,,,,
의료법인 백천의료재단 바로본병원,None,,,,,,,,,,,,
의료법인 백천의료재단 바로본병원,None,,,,,,,,,,,,
의료법인 백천의료재단 바로본병원,None,,,,,,,,,,,,
의료법인 백천의료재단 바로본병원,None,,,,,,,,,,,,
의료법인 백천의료재단 바로본병원,None,,,,,,,,,,,,
의료법인 백천의료재단 바로본병원,None,,,,,,,,,,,,
의료법인 백천의료재단 바로본병원,None,,,,,,,,,,,,
의료법인 백천의료재단 바로본병원,None,,,,,,,,,,,,
의료법인 백천의료재단 바로본병원,None,,,,,,,,,,,,
의료법인 백천의료재단 바로본병원,20J19,,,,,,,,,,,,
의료법인 백천의료재단 바로본병원,None,,,,,,,,,,,,
의료법인 백천의료재단 바로본병원,None,,,,,,,,,,,,
의료법인 백천의료재단 바로본병원,진료확인서,,,,,,,,,,,,
의료법인 백천의료재단 바로본병원,None,,,,,,,,,,,,
의료법인 백천의료재단 바로본병원,None,,,,,,,,,,,,
의료법인 백천의료재단 바로본병원,None,,,,,,,,,,,,
의료법인 백천의료재단 바로본병원,None,,,,,,,,,,,,
의료법인 백천의료재단 바로본병원,None,,,,,,,,,,,,
의료법인 백천의료재단 바로본병원,None,,,,,,,,,,,,
의료법인 백천의료재단 바로본병원,None,,,,,,,,,,,,
의료법인 백천의료재단 바로본병원,None,,,,,,,,,,,,
의료법인 백천의료재단 바로본병원,None,,,,,,,,,,,,
의료법인 백천의료재단 바로본병원,None,,,,,,,,,,,,
의료법인 백천의료재단 바로본병원,None,,,,,,,,,,,,
의료법인 백천의료재단 바로본병원,None,,,,,,,,,,,,
의료법인 백천의료재단 바로본병원,None,,,,,,,,,,,,
의료법인 백천의료재단 바로본병원,None,,,,,,,,,,,,
의료법인 백천의료재단 바로본병원,None,,,,,,,,,,,,
의료법인 백천의료재단 바로본병원,None,,,,,,,,,,,,
의료법인 백천의료재단 바로본병원,None,,,,,,,,,,,,
의료법인 백천의료재단 바로본병원,None,,,,,,,,,,,,
의료법인 백천의료재단 바로본병원,None,,,,,,,,,,,,
의료법인 백천의료재단 바로본병원,None,,,,,,,,,,,,
의료법인 백천의료재단 바로본병원,None,,,,,,,,,,,,
의료법인 백천의료재단 바로본병원,None,,,,,,,,,,,,
의료법인 백천의료재단 바로본병원,None,,,,,,,,,,,,
의료법인 백천의료재단 바로본병원,None,,,,,,,,,,,,
의료법인 백천의료재단 바로본병원,None,,,,,,,,,,,,
의료법인 백천의료재단 바로본병원,None,,,,,,,,,,,,
의료법인 백천의료재단 바로본병원,None,,,,,,,,,,,,
의료법인 백천의료재단 바로본병원,None,,,,,,,,,,,,
의료법인 백천의료재단 바로본병원,None,,,,,,,,,,,,
의료법인 백천의료재단 바로본병원,None,,,,,,,,,,,,
의료법인 백천의료재단 바로본병원,None,,,,,,,,,,,,
의료법인 백천의료재단 바로본병원,None,,,,,,,,,,,,
의료법인 백천의료재단 바로본병원,None,,,,,,,,,,,,
의료법인 백천의료재단 바로본병원,None,,,,,,,,,,,,
의료법인 백천의료재단 바로본병원,None,,,,,,,,,,,,
의료법인 백천의료재단 바로본병원,None,,,,,,,,,,,,
의료법인 백천의료재단 바로본병원,None,,,,,,,,,,,,
의료법인 백천의료재단 바로본병원,None,,,,,,,,,,,,
의료법인 백천의료재단 바로본병원,None,,,,,,,,,,,,
의료법인 백천의료재단 바로본병원,마이어스칵테일주,,,,,,,,,,,,
의료법인 백천의료재단 바로본병원,None,,,,,,,,,,,,
의료법인 백천의료재단 바로본병원,None,,,,,,,,,,,,
의료법인 백천의료재단 바로본병원,None,,,,,,,,,,,,
의료법인 백천의료재단 바로본병원,None,,,,,,,,,,,,
의료법인 백천의료재단 바로본병원,None,,,,,,,,,,,,
의료법인 백천의료재단 바로본병원,None,,,,,,,,,,,,
의료법인 백천의료재단 바로본병원,None,,,,,,,,,,,,
의료법인 백천의료재단 바로본병원,None,,,,,,,,,,,,
의료법인 백천의료재단 바로본병원,None,,,,,,,,,,,,
의료법인 백천의료재단 바로본병원,None,,,,,,,,,,,,
의료법인 백천의료재단 바로본병원,None,,,,,,,,,,,,
의료법인 백천의료재단 바로본병원,None,,,,,,,,,,,,
의료법인 백천의료재단 바로본병원,None,,,,,,,,,,,,
의료법인 백천의료재단 바로본병원,None,,,,,,,,,,,,
의료법인 백천의료재단 바로본병원,None,,,,,,,,,,,,
의료법인 백천의료재단 바로본병원,None,,,,,,,,,,,,
의료법인 백천의료재단 바로본병원,None,,,,,,,,,,,,
의료법인 백천의료재단 바로본병원,None,,,,,,,,,,,,
의료법인 백천의료재단 바로본병원,None,,,,,,,,,,,,
의료법인 백천의료재단 바로본병원,None,,,,,,,,,,,,
의료법인 백천의료재단 바로본병원,None,,,,,,,,,,,,
의료법인 백천의료재단 바로본병원,None,,,,,,,,,,,,
의료법인 백천의료재단 바로본병원,None,,,,,,,,,,,,
의료법인 백천의료재단 바로본병원,None,,,,,,,,,,,,
의료법인 백천의료재단 바로본병원,None,,,,,,,,,,,,
의료법인 백천의료재단 바로본병원,None,,,,,,,,,,,,
의료법인 백천의료재단 바로본병원,None,,,,,,,,,,,,
의료법인 백천의료재단 바로본병원,None,,,,,,,,,,,,
의료법인 백천의료재단 바로본병원,None,,,,,,,,,,,,
의료법인 백천의료재단 바로본병원,None,,,,,,,,,,,,
의료법인 백천의료재단 바로본병원,None,,,,,,,,,,,,
의료법인 백천의료재단 바로본병원,None,,,,,,,,,,,,
의료법인 백천의료재단 바로본병원,None,,,,,,,,,,,,
의료법인 백천의료재단 바로본병원,None,,,,,,,,,,,,
의료법인 백천의료재단 바로본병원,None,,,,,,,,,,,,
의료법인 백천의료재단 바로본병원,None,,,,,,,,,,,,
의료법인 백천의료재단 바로본병원,None,,,,,,,,,,,,
의료법인 백천의료재단 바로본병원,None,,,,,,,,,,,,
의료법인 백천의료재단 바로본병원,None,,,,,,,,,,,,
의료법인 백천의료재단 바로본병원,None,,,,,,,,,,,,
의료법인 백천의료재단 바로본병원,None,,,,,,,,,,,,
의료법인 백천의료재단 바로본병원,None,,,,,,,,,,,,
의료법인 백천의료재단 바로본병원,None,,,,,,,,,,,,
의료법인 백천의료재단 바로본병원,None,,,,,,,,,,,,
의료법인 백천의료재단 바로본병원,None,,,,,,,,,,,,
의료법인 백천의료재단 바로본병원,None,,,,,,,,,,,,
의료법인 백천의료재단 바로본병원,None,,,,,,,,,,,,
의료법인 백천의료재단 바로본병원,None,,,,,,,,,,,,
의료법인 백천의료재단 바로본병원,None,,,,,,,,,,,,
의료법인 백천의료재단 바로본병원,None,,,,,,,,,,,,
의료법인 백천의료재단 바로본병원,None,,,,,,,,,,,,
의료법인 백천의료재단 바로본병원,None,,,,,,,,,,,,
의료법인 백천의료재단 바로본병원,None,,,,,,,,,,,,
의료법인 백천의료재단 바로본병원,,,,,,,,,,,,,
의료법인 백천의료재단 바로본병원,None,,,,,,,,,,,,
의료법인 백천의료재단 바로본병원,None,,,,,,,,,,,,
의료법인 백천의료재단 바로본병원,None,,,,,,,,,,,,
의료법인 백천의료재단 바로본병원,None,,,,,,,,,,,,
의료법인 백천의료재단 바로본병원,None,,,,,,,,,,,,
의료법인 백천의료재단 바로본병원,None,,,,,,,,,,,,
의료법인 백천의료재단 바로본병원,None,,,,,,,,,,,,
의료법인 백천의료재단 바로본병원,None,,,,,,,,,,,,
의료법인 백천의료재단 바로본병원,None,,,,,,,,,,,,
의료법인 백천의료재단 바로본병원,None,,,,,,,,,,,,
의료법인 백천의료재단 바로본병원,None,,,,,,,,,,,,
의료법인 백천의료재단 바로본병원,None,,,,,,,,,,,,
의료법인 백천의료재단 바로본병원,None,,,,,,,,,,,,
의료법인 백천의료재단 바로본병원,None,,,,,,,,,,,,
의료법인 백천의료재단 바로본병원,None,,,,,,,,,,,,
의료법인 백천의료재단 바로본병원,None,,,,,,,,,,,,
의료법인 백천의료재단 바로본병원,None,,,,,,,,,,,,
의료법인 백천의료재단 바로본병원,None,,,,,,,,,,,,
의료법인 백천의료재단 바로본병원,None,,,,,,,,,,,,
의료법인 백천의료재단 바로본병원,None,,,,,,,,,,,,
의료법인 백천의료재단 바로본병원,None,,,,,,,,,,,,
의료법인 백천의료재단 바로본병원,None,,,,,,,,,,,,
의료법인 백천의료재단 바로본병원,None,,,,,,,,,,,,
의료법인 백천의료재단 바로본병원,None,,,,,,,,,,,,
의료법인 백천의료재단 바로본병원,None,,,,,,,,,,,,
의료법인 백천의료재단 바로본병원,None,,,,,,,,,,,,
의료법인 백천의료재단 바로본병원,None,,,,,,,,,,,,
의료법인 백천의료재단 바로본병원,None,,,,,,,,,,,,
의료법인 백천의료재단 바로본병원,None,,,,,,,,,,,,
의료법인 백천의료재단 바로본병원,None,,,,,,,,,,,,
의료법인 백천의료재단 바로본병원,None,,,,,,,,,,,,
의료법인 백천의료재단 바로본병원,None,,,,,,,,,,,,
의료법인 백천의료재단 바로본병원,None,,,,,,,,,,,,
의료법인 백천의료재단 바로본병원,None,,,,,,,,,,,,
의료법인 백천의료재단 바로본병원,None,,,,,,,,,,,,
의료법인 백천의료재단 바로본병원,None,,,,,,,,,,,,
의료법인 백천의료재단 바로본병원,None,,,,,,,,,,,,
의료법인 백천의료재단 바로본병원,None,,,,,,,,,,,,
의료법인 백천의료재단 바로본병원,None,,,,,,,,,,,,
의료법인 백천의료재단 바로본병원,None,,,,,,,,,,,,
의료법인 백천의료재단 바로본병원,None,,,,,,,,,,,,
의료법인 백천의료재단 바로본병원,None,,,,,,,,,,,,
의료법인 백천의료재단 바로본병원,None,,,,,,,,,,,,
의료법인 백천의료재단 바로본병원,None,,,,,,,,,,,,
의료법인 백천의료재단 바로본병원,None,,,,,,,,,,,,
의료법인 백천의료재단 바로본병원,None,,,,,,,,,,,,
의료법인 백천의료재단 바로본병원,None,,,,,,,,,,,,
의료법인 백천의료재단 바로본병원,None,,,,,,,,,,,,
의료법인 백천의료재단 바로본병원,None,,,,,,,,,,,,
의료법인 백천의료재단 바로본병원,None,,,,,,,,,,,,
의료법인 백천의료재단 바로본병원,None,,,,,,,,,,,,
의료법인 백천의료재단 바로본병원,None,,,,,,,,,,,,
의료법인 백천의료재단 바로본병원,None,,,,,,,,,,,,
의료법인 백천의료재단 바로본병원,None,,,,,,,,,,,,
의료법인 백천의료재단 바로본병원,None,,,,,,,,,,,,
의료법인 백천의료재단 바로본병원,,,,,,,,,,,,,
의료법인 백천의료재단 바로본병원,None,,,,,,,,,,,,
의료법인 백천의료재단 바로본병원,None,,,,,,,,,,,,
의료법인 백천의료재단 바로본병원,None,,,,,,,,,,,,
의료법인 백천의료재단 바로본병원,None,,,,,,,,,,,,
의료법인 백천의료재단 바로본병원,None,,,,,,,,,,,,
의료법인 백천의료재단 바로본병원,None,,,,,,,,,,,,
의료법인 백천의료재단 바로본병원,None,,,,,,,,,,,,
의료법인 백천의료재단 바로본병원,None,,,,,,,,,,,,
의료법인 백천의료재단 바로본병원,None,,,,,,,,,,,,
의료법인 백천의료재단 바로본병원,None,,,,,,,,,,,,
의료법인 백천의료재단 바로본병원,None,,,,,,,,,,,,
의료법인 백천의료재단 바로본병원,None,,,,,,,,,,,,
의료법인 백천의료재단 바로본병원,None,,,,,,,,,,,,
의료법인 백천의료재단 바로본병원,None,,,,,,,,,,,,
의료법인 백천의료재단 바로본병원,None,,,,,,,,,,,,
의료법인 백천의료재단 바로본병원,None,,,,,,,,,,,,
의료법인 백천의료재단 바로본병원,None,,,,,,,,,,,,
의료법인 백천의료재단 바로본병원,None,,,,,,,,,,,,
의료법인 백천의료재단 바로본병원,None,,,,,,,,,,,,
의료법인 백천의료재단 바로본병원,None,,,,,,,,,,,,
의료법인 백천의료재단 바로본병원,None,,,,,,,,,,,,
의료법인 백천의료재단 바로본병원,None,,,,,,,,,,,,
의료법인 백천의료재단 바로본병원,None,,,,,,,,,,,,
의료법인 백천의료재단 바로본병원,None,,,,,,,,,,,,
의료법인 백천의료재단 바로본병원,None,,,,,,,,,,,,
의료법인 백천의료재단 바로본병원,None,,,,,,,,,,,,
의료법인 백천의료재단 바로본병원,None,,,,,,,,,,,,
의료법인 백천의료재단 바로본병원,None,,,,,,,,,,,,
의료법인 백천의료재단 바로본병원,None,,,,,,,,,,,,
의료법인 백천의료재단 바로본병원,None,,,,,,,,,,,,
의료법인 백천의료재단 바로본병원,None,,,,,,,,,,,,
의료법인 백천의료재단 바로본병원,None,,,,,,,,,,,,
의료법인 백천의료재단 바로본병원,None,,,,,,,,,,,,
의료법인 백천의료재단 바로본병원,None,,,,,,,,,,,,
의료법인 백천의료재단 바로본병원,None,,,,,,,,,,,,
의료법인 백천의료재단 바로본병원,None,,,,,,,,,,,,
의료법인 백천의료재단 바로본병원,None,,,,,,,,,,,,
의료법인 백천의료재단 바로본병원,None,,,,,,,,,,,,
의료법인 백천의료재단 바로본병원,None,,,,,,,,,,,,
의료법인 백천의료재단 바로본병원,None,,,,,,,,,,,,
의료법인 백천의료재단 바로본병원,None,,,,,,,,,,,,
의료법인 백천의료재단 바로본병원,None,,,,,,,,,,,,
의료법인 백천의료재단 바로본병원,None,,,,,,,,,,,,
의료법인 백천의료재단 바로본병원,None,,,,,,,,,,,,
의료법인 백천의료재단 바로본병원,None,,,,,,,,,,,,
의료법인 백천의료재단 바로본병원,None,,,,,,,,,,,,
의료법인 백천의료재단 바로본병원,None,,,,,,,,,,,,
의료법인 백천의료재단 바로본병원,None,,,,,,,,,,,,
의료법인 백천의료재단 바로본병원,None,,,,,,,,,,,,
의료법인 백천의료재단 바로본병원,None,,,,,,,,,,,,
의료법인 백천의료재단 바로본병원,None,,,,,,,,,,,,
의료법인 백천의료재단 바로본병원,None,,,,,,,,,,,,
의료법인 백천의료재단 바로본병원,None,,,,,,,,,,,,
의료법인 백천의료재단 바로본병원,None,,,,,,,,,,,,
의료법인 백천의료재단 바로본병원,None,,,,,,,,,,,,
의료법인 백천의료재단 바로본병원,None,,,,,,,,,,,,
의료법인 백천의료재단 바로본병원,None,,,,,,,,,,,,
의료법인 백천의료재단 바로본병원,None,,,,,,,,,,,,
의료법인 백천의료재단 바로본병원,None,,,,,,,,,,,,
의료법인 백천의료재단 바로본병원,None,,,,,,,,,,,,
의료법인 백천의료재단 바로본병원,None,,,,,,,,,,,,
의료법인 백천의료재단 바로본병원,None,,,,,,,,,,,,
의료법인 백천의료재단 바로본병원,None,,,,,,,,,,,,
의료법인 백천의료재단 바로본병원,None,,,,,,,,,,,,
의료법인 백천의료재단 바로본병원,None,,,,,,,,,,,,
의료법인 백천의료재단 바로본병원,None,,,,,,,,,,,,
의료법인 백천의료재단 바로본병원,None,,,,,,,,,,,,
의료법인 백천의료재단 바로본병원,None,,,,,,,,,,,,
의료법인 백천의료재단 바로본병원,None,,,,,,,,,,,,
의료법인 백천의료재단 바로본병원,None,,,,,,,,,,,,
의료법인 백천의료재단 바로본병원,None,,,,,,,,,,,,
의료법인 백천의료재단 바로본병원,None,,,,,,,,,,,,
의료법인 백천의료재단 바로본병원,None,,,,,,,,,,,,
의료법인 백천의료재단 바로본병원,None,,,,,,,,,,,,
의료법인 백천의료재단 바로본병원,None,,,,,,,,,,,,
의료법인 백천의료재단 바로본병원,None,,,,,,,,,,,,
의료법인 백천의료재단 바로본병원,None,,,,,,,,,,,,
의료법인 백천의료재단 바로본병원,None,,,,,,,,,,,,
의료법인 백천의료재단 바로본병원,None,,,,,,,,,,,,
의료법인 백천의료재단 바로본병원,None,,,,,,,,,,,,
의료법인 백천의료재단 바로본병원,None,,,,,,,,,,,,
의료법인 백천의료재단 바로본병원,,,,,,,,,,,,,
의료법인 백천의료재단 바로본병원,병원소식언론보도포토앨범동영상바로본이야기진료노트직원공간채용공고,,,,,,,,,,,,
의료법인 백천의료재단 바로본병원,,,,,,,,,,,,행위료,제증명수수료
의료법인 백천의료재단 바로본병원,,,,,,,,,,,,행위료,제증명수수료
의료법인 백천의료재단 바로본병원,,,,,,,,,,,,행위료,제증명수수료
의료법인 백천의료재단 바로본병원,,,,,,,,,,,,행위료,제증명수수료
의료법인 백천의료재단 바로본병원,,,,,,,,,,,,행위료,제증명수수료
의료법인 백천의료재단 바로본병원,,,,,,,,,,,,행위료,제증명수수료
의료법인 백천의료재단 바로본병원,,,,,,,,,,,,행위료,제증명수수료
의료법인 백천의료재단 바로본병원,,,,,,,,,,,,행위료,제증명수수료
의료법인 백천의료재단 바로본병원,,,,,,,,,,,,약제비,치료재료대
의료법인 백천의료재단 바로본병원,,,,,,,,,,,,최종수정일 : 2020.03.30,최종수정일 : 2020.03.30
의료법인 백천의료재단 바로본병원,,,,,,,,,,,,최종수정일 : 2020.03.30,None
의료법인 백천의료재단 바로본병원,,,,,,,,,,,,None,None
의료법인 백천의료재단 바로본병원,,,,,,,,,,,,항목,진료비용 등(단위:원)
의료법인 백천의료재단 바로본병원,,,,,,,,,,,,항목,진료비용 등(단위:원)
의료법인 백천의료재단 바로본병원,,,,,,,,,,,,명칭,비용
의료법인 백천의료재단 바로본병원,,,,,,,,,,,,None,None
의료법인 백천의료재단 바로본병원,,,,,,,,,,,,1매,
의료법인 백천의료재단 바로본병원,,,,,,,,,,,,1매,
의료법인 백천의료재단 바로본병원,,,,,,,,,,,,1매,
의료법인 백천의료재단 바로본병원,,,,,,,,,,,,1매,
의료법인 백천의료재단 바로본병원,,,,,,,,,,,,1매,
의료법인 백천의료재단 바로본병원,,,,,,,,,,,,1매,
의료법인 백천의료재단 바로본병원,,,,,,,,,,,,1매,
의료법인 백천의료재단 바로본병원,,,,,,,,,,,,1매,
의료법인 백천의료재단 바로본병원,,,,,,,,,,,,1매,
의료법인 백천의료재단 바로본병원,,,,,,,,,,,,1매,
의료법인 백천의료재단 바로본병원,,,,,,,,,,,,1매,
의료법인 백천의료재단 바로본병원,,,,,,,,,,,,1매,
의료법인 백천의료재단 바로본병원,,,,,,,,,,,,1매,
의료법인 백천의료재단 바로본병원,,,,,,,,,,,,1매,
의료법인 백천의료재단 바로본병원,,,,,,,,,,,,1매,
의료법인 백천의료재단 바로본병원,,,,,,,,,,,,1매,
의료법인 백천의료재단 바로본병원,,,,,,,,,,,,1매,
의료법인 백천의료재단 바로본병원,,,,,,,,,,,,1매,
의료법인 백천의료재단 바로본병원,,,,,,,,,,,,1매,
의료법인 백천의료재단 바로본병원,,,,,,,,,,,,1매,
의료법인 백천의료재단 바로본병원,,,,,,,,,,,,1매,
의료법인 백천의료재단 바로본병원,,,,,,,,,,,,1매,
의료법인 백천의료재단 바로본병원,,,,,,,,,,,,1매,
의료법인 백천의료재단 바로본병원,,,,,,,,,,,,1매,
의료법인 백천의료재단 바로본병원,,,,,,,,,,,,1매,추가검사비용
의료법인 백천의료재단 바로본병원,,,,,,,,,,,,1매,
의료법인 백천의료재단 바로본병원,,,,,,,,,,,,1매,
의료법인 백천의료재단 바로본병원,,,,,,,,,,,,1매,추가검사비용
의료법인 백천의료재단 바로본병원,,,,,,,,,,,,1매,추가검사비용
의료법인 백천의료재단 바로본병원,,,,,,,,,,,,1매,추가검사비용
의료법인 백천의료재단 바로본병원,,,,,,,,,,,,1매,
의료법인 백천의료재단 바로본병원,,,,,,,,,,,,1매,
의료법인 백천의료재단 바로본병원,,,,,,,,,,,,1매,
의료법인 백천의료재단 바로본병원,,,,,,,,,,,,1매,
의료법인 백천의료재단 바로본병원,,,,,,,,,,,,1매,
의료법인 백천의료재단 바로본병원,,,,,,,,,,,,None,None
의료법인 백천의료재단 바로본병원,,,,,,,,,,,,항목,진료비용 등(단위:원)
의료법인 백천의료재단 바로본병원,,,,,,,,,,,,항목,진료비용 등(단위:원)
의료법인 백천의료재단 바로본병원,,,,,,,,,,,,명칭,비용
의료법인 백천의료재단 바로본병원,,,,,,,,,,,,"80,000원",
의료법인 백천의료재단 바로본병원,,,,,,,,,,,,"30,000원",
의료법인 백천의료재단 바로본병원,,,,,,,,,,,,"150,000원",
의료법인 백천의료재단 바로본병원,,,,,,,,,,,,"150,000원",
의료법인 백천의료재단 바로본병원,,,,,,,,,,,,"25,000원",
의료법인 백천의료재단 바로본병원,,,,,,,,,,,,"55,000원",
의료법인 백천의료재단 바로본병원,,,,,,,,,,,,"60,000원",
의료법인 백천의료재단 바로본병원,,,,,,,,,,,,"10,000원",
의료법인 백천의료재단 바로본병원,,,,,,,,,,,,"62,000원",
의료법인 백천의료재단 바로본병원,,,,,,,,,,,,"150,000원",
의료법인 백천의료재단 바로본병원,,,,,,,,,,,,"50,000원",
의료법인 백천의료재단 바로본병원,,,,,,,,,,,,"5,000원",
의료법인 백천의료재단 바로본병원,,,,,,,,,,,,"40,000원",
의료법인 백천의료재단 바로본병원,,,,,,,,,,,,"40,000원",
의료법인 백천의료재단 바로본병원,,,,,,,,,,,,"5,000원",
의료법인 백천의료재단 바로본병원,,,,,,,,,,,,"180,000원",
의료법인 백천의료재단 바로본병원,,,,,,,,,,,,"140,000원",
의료법인 백천의료재단 바로본병원,,,,,,,,,,,,"10,000원",
의료법인 백천의료재단 바로본병원,,,,,,,,,,,,"40,000원",
의료법인 백천의료재단 바로본병원,,,,,,,,,,,,"50,000원",
의료법인 백천의료재단 바로본병원,,,,,,,,,,,,"80,000원",
의료법인 백천의료재단 바로본병원,,,,,,,,,,,,"120,000원",
의료법인 백천의료재단 바로본병원,,,,,,,,,,,,"32,000원",
의료법인 백천의료재단 바로본병원,,,,,,,,,,,,"30,000원",
의료법인 백천의료재단 바로본병원,,,,,,,,,,,,"50,000원",
의료법인 백천의료재단 바로본병원,,,,,,,,,,,,"40,000원",
의료법인 백천의료재단 바로본병원,,,,,,,,,,,,80000원,
의료법인 백천의료재단 바로본병원,,,,,,,,,,,,"250,000원",
의료법인 백천의료재단 바로본병원,,,,,,,,,,,,"50,000원",
의료법인 백천의료재단 바로본병원,,,,,,,,,,,,"130,000원",
의료법인 백천의료재단 바로본병원,,,,,,,,,,,,"25,000원",
의료법인 백천의료재단 바로본병원,,,,,,,,,,,,"100,000원",
의료법인 백천의료재단 바로본병원,,,,,,,,,,,,"75,000원",
의료법인 백천의료재단 바로본병원,,,,,,,,,,,,500원,
의료법인 백천의료재단 바로본병원,,,,,,,,,,,,200원,
의료법인 백천의료재단 바로본병원,,,,,,,,,,,,300원,
의료법인 백천의료재단 바로본병원,,,,,,,,,,,,"1,000원",
의료법인 백천의료재단 바로본병원,,,,,,,,,,,,400원,
의료법인 백천의료재단 바로본병원,,,,,,,,,,,,"8,780원",
의료법인 백천의료재단 바로본병원,,,,,,,,,,,,"6,700원",
의료법인 백천의료재단 바로본병원,,,,,,,,,,,,70원,
의료법인 백천의료재단 바로본병원,,,,,,,,,,,,"40,000원",
의료법인 백천의료재단 바로본병원,,,,,,,,,,,,400원,
의료법인 백천의료재단 바로본병원,,,,,,,,,,,,"20,000원",
의료법인 백천의료재단 바로본병원,,,,,,,,,,,,30원,
의료법인 백천의료재단 바로본병원,,,,,,,,,,,,"20,000원",
의료법인 백천의료재단 바로본병원,,,,,,,,,,,,600원,
의료법인 백천의료재단 바로본병원,,,,,,,,,,,,600원,
의료법인 백천의료재단 바로본병원,,,,,,,,,,,,200원,
의료법인 백천의료재단 바로본병원,,,,,,,,,,,,345원,
의료법인 백천의료재단 바로본병원,,,,,,,,,,,,None,None
의료법인 백천의료재단 바로본병원,,,,,,,,,,,,중분류,항목
의료법인 백천의료재단 바로본병원,,,,,,,,,,,,소분류,항목
의료법인 백천의료재단 바로본병원,,,,,,,,,,,,코드,구분
의료법인 백천의료재단 바로본병원,,,,,,,,,,,,ABZ01,
의료법인 백천의료재단 바로본병원,,,,,,,,,,,,PR-DG,
의료법인 백천의료재단 바로본병원,,,,,,,,,,,,PR-D,
의료법인 백천의료재단 바로본병원,,,,,,,,,,,,ABARO103,
의료법인 백천의료재단 바로본병원,,,,,,,,,,,,ABARO102,
의료법인 백천의료재단 바로본병원,,,,,,,,,,,,ABARO104,
의료법인 백천의료재단 바로본병원,,,,,,,,,,,,EB402,
의료법인 백천의료재단 바로본병원,,,,,,,,,,,,EB402,
의료법인 백천의료재단 바로본병원,,,,,,,,,,,,EB487,
의료법인 백천의료재단 바로본병원,,,,,,,,,,,,EB488,
의료법인 백천의료재단 바로본병원,,,,,,,,,,,,EB489,
의료법인 백천의료재단 바로본병원,,,,,,,,,,,,EB415,
의료법인 백천의료재단 바로본병원,,,,,,,,,,,,EB482,
의료법인 백천의료재단 바로본병원,,,,,,,,,,,,EB470,
의료법인 백천의료재단 바로본병원,,,,,,,,,,,,EB444,
의료법인 백천의료재단 바로본병원,,,,,,,,,,,,EB432,
의료법인 백천의료재단 바로본병원,,,,,,,,,,,,EB421,
의료법인 백천의료재단 바로본병원,,,,,,,,,,,,EB489,
의료법인 백천의료재단 바로본병원,,,,,,,,,,,,CZ241,
의료법인 백천의료재단 바로본병원,,,,,,,,,,,,CZ432,
의료법인 백천의료재단 바로본병원,,,,,,,,,,,,22400,
의료법인 백천의료재단 바로본병원,,,,,,,,,,,,22300,
의료법인 백천의료재단 바로본병원,,,,,,,,,,,,22200,
의료법인 백천의료재단 바로본병원,,,,,,,,,,,,22400-2,
의료법인 백천의료재단 바로본병원,,,,,,,,,,,,CZ394,
의료법인 백천의료재단 바로본병원,,,,,,,,,,,,EZ776,
의료법인 백천의료재단 바로본병원,,,,,,,,,,,,EZ776,
의료법인 백천의료재단 바로본병원,,,,,,,,,,,,EZ776,
의료법인 백천의료재단 바로본병원,,,,,,,,,,,,CZ246,
의료법인 백천의료재단 바로본병원,,,,,,,,,,,,BZ078,
의료법인 백천의료재단 바로본병원,,,,,,,,,,,,CZ133,
의료법인 백천의료재단 바로본병원,,,,,,,,,,,,HI136,
의료법인 백천의료재단 바로본병원,,,,,,,,,,,,HI236,
의료법인 백천의료재단 바로본병원,,,,,,,,,,,,HE120,
의료법인 백천의료재단 바로본병원,,,,,,,,,,,,70103,
의료법인 백천의료재단 바로본병원,,,,,,,,,,,,HE111,
의료법인 백천의료재단 바로본병원,,,,,,,,,,,,EZ985,
의료법인 백천의료재단 바로본병원,,,,,,,,,,,,SZ634,
의료법인 백천의료재단 바로본병원,,,,,,,,,,,,SZ641,
의료법인 백천의료재단 바로본병원,,,,,,,,,,,,SZ083,
의료법인 백천의료재단 바로본병원,,,,,,,,,,,,SZ085,
의료법인 백천의료재단 바로본병원,,,,,,,,,,,,SZ084,
의료법인 백천의료재단 바로본병원,,,,,,,,,,,,MX122,
의료법인 백천의료재단 바로본병원,,,,,,,,,,,,MX122,
의료법인 백천의료재단 바로본병원,,,,,,,,,,,,MX122,
의료법인 백천의료재단 바로본병원,,,,,,,,,,,,MX122,
의료법인 백천의료재단 바로본병원,,,,,,,,,,,,MX122,
의료법인 백천의료재단 바로본병원,,,,,,,,,,,,MY142,
의료법인 백천의료재단 바로본병원,,,,,,,,,,,,MY142,
의료법인 백천의료재단 바로본병원,,,,,,,,,,,,MY143,
의료법인 백천의료재단 바로본병원,,,,,,,,,,,,MY143,
의료법인 백천의료재단 바로본병원,,,,,,,,,,,,MY143,
의료법인 백천의료재단 바로본병원,,,,,,,,,,,,None,None
의료법인 백천의료재단 바로본병원,,,,,,,,,,,,항목,진료비용 등(단위:원)
의료법인 백천의료재단 바로본병원,,,,,,,,,,,,항목,진료비용 등(단위:원)
의료법인 백천의료재단 바로본병원,,,,,,,,,,,,구분,최저비용
의료법인 백천의료재단 바로본병원,,,,,,,,,,,,,
의료법인 백천의료재단 바로본병원,,,,,,,,,,,,,
의료법인 백천의료재단 바로본병원,,,,,,,,,,,,,
의료법인 백천의료재단 바로본병원,,,,,,,,,,,,,
의료법인 백천의료재단 바로본병원,,,,,,,,,,,,,
의료법인 백천의료재단 바로본병원,,,,,,,,,,,,,
의료법인 백천의료재단 바로본병원,,,,,,,,,,,,,
의료법인 백천의료재단 바로본병원,,,,,,,,,,,,,
의료법인 백천의료재단 바로본병원,,,,,,,,,,,,,
의료법인 백천의료재단 바로본병원,,,,,,,,,,,,,
의료법인 백천의료재단 바로본병원,,,,,,,,,,,,,
의료법인 백천의료재단 바로본병원,,,,,,,,,,,,,
의료법인 백천의료재단 바로본병원,,,,,,,,,,,,,
의료법인 백천의료재단 바로본병원,,,,,,,,,,,,,
의료법인 백천의료재단 바로본병원,,,,,,,,,,,,,
의료법인 백천의료재단 바로본병원,,,,,,,,,,,,,
의료법인 백천의료재단 바로본병원,,,,,,,,,,,,,
의료법인 백천의료재단 바로본병원,,,,,,,,,,,,,
의료법인 백천의료재단 바로본병원,,,,,,,,,,,,,
의료법인 백천의료재단 바로본병원,,,,,,,,,,,,,
의료법인 백천의료재단 바로본병원,,,,,,,,,,,,,
의료법인 백천의료재단 바로본병원,,,,,,,,,,,,,
의료법인 백천의료재단 바로본병원,,,,,,,,,,,,,
의료법인 백천의료재단 바로본병원,,,,,,,,,,,,,
의료법인 백천의료재단 바로본병원,,,,,,,,,,,,,
의료법인 백천의료재단 바로본병원,,,,,,,,,,,,,
의료법인 백천의료재단 바로본병원,,,,,,,,,,,,,
의료법인 백천의료재단 바로본병원,,,,,,,,,,,,,
의료법인 백천의료재단 바로본병원,,,,,,,,,,,,,
의료법인 백천의료재단 바로본병원,,,,,,,,,,,,,
의료법인 백천의료재단 바로본병원,,,,,,,,,,,,,
의료법인 백천의료재단 바로본병원,,,,,,,,,,,,,
의료법인 백천의료재단 바로본병원,,,,,,,,,,,,,
의료법인 백천의료재단 바로본병원,,,,,,,,,,,,,
의료법인 백천의료재단 바로본병원,,,,,,,,,,,,,
의료법인 백천의료재단 바로본병원,,,,,,,,,,,,,
의료법인 백천의료재단 바로본병원,,,,,,,,,,,,,
의료법인 백천의료재단 바로본병원,,,,,,,,,,,,,
의료법인 백천의료재단 바로본병원,,,,,,,,,,,,,
의료법인 백천의료재단 바로본병원,,,,,,,,,,,,,
의료법인 백천의료재단 바로본병원,,,,,,,,,,,,,
의료법인 백천의료재단 바로본병원,,,,,,,,,,,,,
의료법인 백천의료재단 바로본병원,,,,,,,,,,,,,
의료법인 백천의료재단 바로본병원,,,,,,,,,,,,,
의료법인 백천의료재단 바로본병원,,,,,,,,,,,,,
의료법인 백천의료재단 바로본병원,,,,,,,,,,,,,
의료법인 백천의료재단 바로본병원,,,,,,,,,,,,,
의료법인 백천의료재단 바로본병원,,,,,,,,,,,,,
의료법인 백천의료재단 바로본병원,,,,,,,,,,,,,
의료법인 백천의료재단 바로본병원,,,,,,,,,,,,,
의료법인 백천의료재단 바로본병원,,,,,,,,,,,,,
의료법인 백천의료재단 바로본병원,,,,,,,,,,,,,
의료법인 백천의료재단 바로본병원,,,,,,,,,,,,,
의료법인 백천의료재단 바로본병원,,,,,,,,,,,,,
의료법인 백천의료재단 바로본병원,,,,,,,,,,,,,
의료법인 백천의료재단 바로본병원,,,,,,,,,,,,,
의료법인 백천의료재단 바로본병원,,,,,,,,,,,,,
의료법인 백천의료재단 바로본병원,,,,,,,,,,,,,
의료법인 백천의료재단 바로본병원,,,,,,,,,,,,,
의료법인 백천의료재단 바로본병원,,,,,,,,,,,,,
의료법인 백천의료재단 바로본병원,,,,,,,,,,,,,
의료법인 백천의료재단 바로본병원,,,,,,,,,,,,,
의료법인 백천의료재단 바로본병원,,,,,,,,,,,,,
의료법인 백천의료재단 바로본병원,,,,,,,,,,,,,
의료법인 백천의료재단 바로본병원,,,,,,,,,,,,,
의료법인 백천의료재단 바로본병원,,,,,,,,,,,,,
의료법인 백천의료재단 바로본병원,,,,,,,,,,,,,
의료법인 백천의료재단 바로본병원,,,,,,,,,,,,,
의료법인 백천의료재단 바로본병원,,,,,,,,,,,,,
의료법인 백천의료재단 바로본병원,,,,,,,,,,,,,
의료법인 백천의료재단 바로본병원,,,,,,,,,,,,,
의료법인 백천의료재단 바로본병원,,,,,,,,,,,,,
의료법인 백천의료재단 바로본병원,,,,,,,,,,,,,
의료법인 백천의료재단 바로본병원,,,,,,,,,,,,,
의료법인 백천의료재단 바로본병원,,,,,,,,,,,,,
의료법인 백천의료재단 바로본병원,,,,,,,,,,,,,
의료법인 백천의료재단 바로본병원,,,,,,,,,,,,,
의료법인 백천의료재단 바로본병원,,,,,,,,,,,,,
의료법인 백천의료재단 바로본병원,,,,,,,,,,,,,
의료법인 백천의료재단 바로본병원,코드,제증명수수료,,,명칭,,,,,,,,
의료법인 백천의료재단 바로본병원,None,제증명수수료,,,None,,,,,,None,,
의료법인 백천의료재단 바로본병원,20J01,제증명수수료,,,진단서,,,,,,,,
의료법인 백천의료재단 바로본병원,20J02,제증명수수료,,,상해진단서(3주미만),,,,,,,,
의료법인 백천의료재단 바로본병원,20J03,제증명수수료,,,상해진단서(3주이상),,,,,,,,
의료법인 백천의료재단 바로본병원,20J17,제증명수수료,,,입·퇴원확인서,,,,,,,,
의료법인 백천의료재단 바로본병원,20J19,제증명수수료,,,수술확인서,,,,,,,,
의료법인 백천의료재단 바로본병원,20J35,제증명수수료,,,진료확인서,,,,,,,,
의료법인 백천의료재단 바로본병원,20J44,제증명수수료,,,통원확인서,,,,,,,,
의료법인 백천의료재단 바로본병원,BARO-007,제증명수수료,,,서류재발행,,,,,,,,
의료법인 백천의료재단 바로본병원,20J43-4,제증명수수료,,,차트복사(5장이내),,,,,,,,
의료법인 백천의료재단 바로본병원,20J43-1,제증명수수료,,,차트복사(5장초과-장당),,,,,,,,
의료법인 백천의료재단 바로본병원,20J06,제증명수수료,,,병무용 진단서,,,,,,,,
의료법인 백천의료재단 바로본병원,20J32,제증명수수료,,,장해진단서(보험사),,,,,,,,
의료법인 백천의료재단 바로본병원,20J06C,제증명수수료,,,후유장애진단서,,,,,,,,
의료법인 백천의료재단 바로본병원,20J10,제증명수수료,,,장애진단서(동사무소),,,,,,,,
의료법인 백천의료재단 바로본병원,20J60,제증명수수료,,,근로능력평가용 진단서,,,,,,,,
의료법인 백천의료재단 바로본병원,20J57,제증명수수료,,,향후치료비추정서(천만원미만),,,,,,,,
의료법인 백천의료재단 바로본병원,20J58,제증명수수료,,,향후치료비추정서(천만원이상),,,,,,,,
의료법인 백천의료재단 바로본병원,20J07,제증명수수료,,,건강진단서,,,,,,,,
의료법인 백천의료재단 바로본병원,baro-190,제증명수수료,,,입소자건강진단서,,,,,,,,
의료법인 백천의료재단 바로본병원,21J04C,제증명수수료,,,전염성질환건강진단서,,,,,,,,
의료법인 백천의료재단 바로본병원,20J04,제증명수수료,,,사망진단서,,,,,,,,
의료법인 백천의료재단 바로본병원,20J05,제증명수수료,,,시체검안서,,,,,,,,
의료법인 백천의료재단 바로본병원,70097,제증명수수료,,,방사선 등 영상진단 CD 복사수수료,,,,,,,,
의료법인 백천의료재단 바로본병원,SDGJ0602,제증명수수료,,,채용-공무원,,,,,,,,
의료법인 백천의료재단 바로본병원,SDGJ0602,제증명수수료,,,채용-경찰공무원,,,,,,추가검사비용,,
의료법인 백천의료재단 바로본병원,SDGJ0603,제증명수수료,,,채용-일반,,,,,,,,
의료법인 백천의료재단 바로본병원,Baro-006,제증명수수료,,,채용-일반(B형간염 포함),,,,,,,,
의료법인 백천의료재단 바로본병원,20J92,제증명수수료,,,외국인채용신체검사(E-2),,,,,,추가검사비용,,
의료법인 백천의료재단 바로본병원,20J92,제증명수수료,,,외국인채용신체검사(H-2),,,,,,추가검사비용,,
의료법인 백천의료재단 바로본병원,20J96,제증명수수료,,,"외국인채용신체검사(E-6, G1)",,,,,,추가검사비용,,
의료법인 백천의료재단 바로본병원,20J93,제증명수수료,,,외국인채용신체검사(E-9),,,,,,,,
의료법인 백천의료재단 바로본병원,20J18,제증명수수료,,,소견서,,,,,,,,
의료법인 백천의료재단 바로본병원,20J110,제증명수수료,,,소견서(보험회사 소견의뢰에 대한 확인),,,,,,,,
의료법인 백천의료재단 바로본병원,20J01-1,제증명수수료,,,영문 일반진단서,,,,,,,,
의료법인 백천의료재단 바로본병원,20J33,제증명수수료,,,국민연금장애진단서,,,,,,,,
의료법인 백천의료재단 바로본병원,명칭,코드,,,비용,,,,,,,,
의료법인 백천의료재단 바로본병원,A형간염예방접종,650001800,,,"80,000원",,,,,,,,
의료법인 백천의료재단 바로본병원,B형간염예방접종,668902160,,,"30,000원",,,,,,,,
의료법인 백천의료재단 바로본병원,대상포진(조스타박스),655500900,,,"150,000원",,,,,,,,
의료법인 백천의료재단 바로본병원,디클라제주 3mg,668900070,,,"150,000원",,,,,,,,
의료법인 백천의료재단 바로본병원,라이넥주 2ml,681100020,,,"25,000원",,,,,,,,
의료법인 백천의료재단 바로본병원,마이어스칵테일주,670602631,,,"55,000원",,,,,,,,
의료법인 백천의료재단 바로본병원,멀티플렉스페리주 550ml,681100241,,,"60,000원",,,,,,,,
의료법인 백천의료재단 바로본병원,메가그린 500mg/20ml,681100241,,,"10,000원",,,,,,,,
의료법인 백천의료재단 바로본병원,메디라제주 1500IU,669803300,,,"62,000원",,,,,,,,
의료법인 백천의료재단 바로본병원,브리디온주 2ml,655501750,,,"150,000원",,,,,,,,
의료법인 백천의료재단 바로본병원,비타민 D3 비오엔주,641805170,,,"50,000원",,,,,,,,
의료법인 백천의료재단 바로본병원,비타민씨주 10g/20ml,669900560,,,"5,000원",,,,,,,,
의료법인 백천의료재단 바로본병원,새로나민 250ml,645101720,,,"40,000원",,,,,,,,
의료법인 백천의료재단 바로본병원,신델라주(아이델라),654004500,,,"40,000원",,,,,,,,
의료법인 백천의료재단 바로본병원,원포팜주,53300031,,,"5,000원",,,,,,,,
의료법인 백천의료재단 바로본병원,자궁경부(가다실프리필드),655500020,,,"180,000원",,,,,,,,
의료법인 백천의료재단 바로본병원,자궁경부(서바릭스),650001880,,,"140,000원",,,,,,,,
의료법인 백천의료재단 바로본병원,지씨멀티12주,681100270,,,"10,000원",,,,,,,,
의료법인 백천의료재단 바로본병원,지씨타치온주,681100141,,,"40,000원",,,,,,,,
의료법인 백천의료재단 바로본병원,징가주,653102910,,,"50,000원",,,,,,,,
의료법인 백천의료재단 바로본병원,치매영양제,681100171,,,"80,000원",,,,,,,,
의료법인 백천의료재단 바로본병원,타우로린 주사 250ml,647801080,,,"120,000원",,,,,,,,
의료법인 백천의료재단 바로본병원,트롬보젝트주,676800020,,,"32,000원",,,,,,,,
의료법인 백천의료재단 바로본병원,파상풍(디티부스터),650001960,,,"30,000원",,,,,,,,
의료법인 백천의료재단 바로본병원,파킨슨영양제,681100141,,,"50,000원",,,,,,,,
의료법인 백천의료재단 바로본병원,페라미플루주 15ml,643604611,,,"40,000원",,,,,,,,
의료법인 백천의료재단 바로본병원,페린젝트주 2ml,644913130,,,80000원,,,,,,,,
의료법인 백천의료재단 바로본병원,페린젝트주 10ml,644913140,,,"250,000원",,,,,,,,
의료법인 백천의료재단 바로본병원,폐렴(프로디악스),655500610,,,"50,000원",,,,,,,,
의료법인 백천의료재단 바로본병원,폐렴(프리베나13),648902270,,,"130,000원",,,,,,,,
의료법인 백천의료재단 바로본병원,푸르설타민주 10ml,643601740,,,"25,000원",,,,,,,,
의료법인 백천의료재단 바로본병원,하이디알,654802271,,,"100,000원",,,,,,,,
의료법인 백천의료재단 바로본병원,하이랙스 주,654802210,,,"75,000원",,,,,,,,
의료법인 백천의료재단 바로본병원,둘코락스S정,653501140,,,500원,,,,,,,,
의료법인 백천의료재단 바로본병원,미가펜캡슐,670100470,,,200원,,,,,,,,
의료법인 백천의료재단 바로본병원,비오플250캡슐,646802540,,,300원,,,,,,,,
의료법인 백천의료재단 바로본병원,아로나민씨플러스정,642901010,,,"1,000원",,,,,,,,
의료법인 백천의료재단 바로본병원,알벤다졸정 400mg,641600780,,,400원,,,,,,,,
의료법인 백천의료재단 바로본병원,알보칠콘센트레이트액,696300360,,,"8,780원",,,,,,,,
의료법인 백천의료재단 바로본병원,오라메디연고,653400790,,,"6,700원",,,,,,,,
의료법인 백천의료재단 바로본병원,유락신연고 1g,643601400,,,70원,,,,,,,,
의료법인 백천의료재단 바로본병원,이지에프 새살연고 10g,641604660,,,"40,000원",,,,,,,,
의료법인 백천의료재단 바로본병원,임팩타민파워정,641602940,,,400원,,,,,,,,
의료법인 백천의료재단 바로본병원,제타프렉스겔82g,689000061,,,"20,000원",,,,,,,,
의료법인 백천의료재단 바로본병원,칼라민로오션1ml,A03900711,,,30원,,,,,,,,
의료법인 백천의료재단 바로본병원,코네티비나겔,684400040,,,"20,000원",,,,,,,,
의료법인 백천의료재단 바로본병원,트레스오릭스포르테캡슐,653805010,,,600원,,,,,,,,
의료법인 백천의료재단 바로본병원,트레스탄캡슐,647802340,,,600원,,,,,,,,
의료법인 백천의료재단 바로본병원,후라신연고    1g,651902460,,,200원,,,,,,,,
의료법인 백천의료재단 바로본병원,훼스탈    플러스 정,652101720,,,345원,,,,,,,,
의료법인 백천의료재단 바로본병원,코드,행위료,,,명칭,,,,,,,,
의료법인 백천의료재단 바로본병원,ABZ01,행위료,상급병실료,상급병실료,상급병실(1인실),,,,,,,,
의료법인 백천의료재단 바로본병원,PR-DG,행위료,일반,일반,공기밥추가,,,,,,,,
의료법인 백천의료재단 바로본병원,PR-D,행위료,일반,일반,보호자식대,,,,,,,,
의료법인 백천의료재단 바로본병원,ABARO103,행위료,이송료,이송료,앰블런스10km 이내,,,,,,,,
의료법인 백천의료재단 바로본병원,ABARO102,행위료,이송료,이송료,앰블런스10km 초과시1km당,,,,,,,,
의료법인 백천의료재단 바로본병원,ABARO104,행위료,이송료,이송료,간호사 or의사 동승,,,,,,,,
의료법인 백천의료재단 바로본병원,EB402,행위료,초음파검사료,초음파검사료,NerveBlock-sono,,,,,,,,
의료법인 백천의료재단 바로본병원,EB402,행위료,초음파검사료,초음파검사료,CVP sono,,,,,,,,
의료법인 백천의료재단 바로본병원,EB487,행위료,초음파검사료,초음파검사료,Doppler(도플러)-편측,,,,,,,,
의료법인 백천의료재단 바로본병원,EB488,행위료,초음파검사료,초음파검사료,Doppler(도플러)-양측,,,,,,,,
의료법인 백천의료재단 바로본병원,EB489,행위료,초음파검사료,초음파검사료,V.V mapping,,,,,,,,
의료법인 백천의료재단 바로본병원,EB415,행위료,초음파검사료,초음파검사료,갑상선 초음파,,,,,,,,
의료법인 백천의료재단 바로본병원,EB482,행위료,초음파검사료,초음파검사료,경동맥(carotid),,,,,,,,
의료법인 백천의료재단 바로본병원,EB470,행위료,초음파검사료,초음파검사료,근·골격계초음파,,,,,,,,
의료법인 백천의료재단 바로본병원,EB444,행위료,초음파검사료,초음파검사료,복부초음파,,,,,,,,
의료법인 백천의료재단 바로본병원,EB432,행위료,초음파검사료,초음파검사료,심장초음파,,,,,,,,
의료법인 백천의료재단 바로본병원,EB421,행위료,초음파검사료,초음파검사료,유방초음파,,,,,,,,
의료법인 백천의료재단 바로본병원,EB489,행위료,초음파검사료,초음파검사료,정맥류 초음파,,,,,,,,
의료법인 백천의료재단 바로본병원,CZ241,행위료,검사료,검사료,당화알부민검사,,,,,,,,
의료법인 백천의료재단 바로본병원,CZ432,행위료,검사료,검사료,류마티스성관절염진단검사,,,,,,,,
의료법인 백천의료재단 바로본병원,22400,행위료,내시경,검사료,무통 내시경-(위+대장),,,,,,,,
의료법인 백천의료재단 바로본병원,22300,행위료,내시경,검사료,무통 내시경-대장,,,,,,,,
의료법인 백천의료재단 바로본병원,22200,행위료,내시경,검사료,무통 내시경-위,,,,,,,,
의료법인 백천의료재단 바로본병원,22400-2,행위료,내시경,검사료,설사약 안먹는 내시경,,,,,,,,
의료법인 백천의료재단 바로본병원,CZ394,행위료,검사료,검사료,인플루엔자바이러스A&B(Kit법),,,,,,,,
의료법인 백천의료재단 바로본병원,EZ776,행위료,검사료,검사료,적외선체열진단촬영DITI(상체또는하체),,,,,,,,
의료법인 백천의료재단 바로본병원,EZ776,행위료,검사료,검사료,적외선체열진단촬영DITI(한부위),,,,,,,,
의료법인 백천의료재단 바로본병원,EZ776,행위료,검사료,검사료,적외선체열진단촬영DITI(전신),,,,,,,,
의료법인 백천의료재단 바로본병원,CZ246,행위료,검사료,검사료,허혈성변형 알부민,,,,,,,,
의료법인 백천의료재단 바로본병원,BZ078,행위료,검사료,검사료,혈소판응집능검사,,,,,,,,
의료법인 백천의료재단 바로본병원,CZ133,행위료,검사료,검사료,Homocystein,,,,,,,,
의료법인 백천의료재단 바로본병원,HI136,행위료,혈관,MRI,MRA,,,,,,,,
의료법인 백천의료재단 바로본병원,HI236,행위료,혈관,MRI,MRI (조영제 사용시),,,,,,,,
의료법인 백천의료재단 바로본병원,HE120,행위료,부위별,MRI,MRI각 부위별,,,,,,,,
의료법인 백천의료재단 바로본병원,70103,행위료,판독료,MRI,MRI외부판독료,,,,,,,,
의료법인 백천의료재단 바로본병원,HE111,행위료,척추,MRI,MRI+WHOLE SPINE,,,,,,,,
의료법인 백천의료재단 바로본병원,EZ985,행위료,신경,처치 및수술료,BPB(상박신경총),,,,,,,,
의료법인 백천의료재단 바로본병원,SZ634,행위료,척추,처치 및수술료,경피적 경막외강 신경성형술,,,,,,재료:BJ4801GV,,
의료법인 백천의료재단 바로본병원,SZ641,행위료,척추,처치 및수술료,경피적 풍선확장 경막외강 신경성형,,,,,,재료:BJ4802NX,,
의료법인 백천의료재단 바로본병원,SZ083,행위료,척추,처치 및수술료,추간판내고주파열치료술(IDET),,,,,,재료:BF0201OB,,
의료법인 백천의료재단 바로본병원,SZ085,행위료,근골,처치 및수술료,줄기세포치료술,,,,,,,,
의료법인 백천의료재단 바로본병원,SZ084,행위료,근골,처치 및수술료,체외충격파치료(ESWT),,,,,,,,
의료법인 백천의료재단 바로본병원,MX122,행위료,기타이학요법료,이학요법료,도수치료(Spine)(1일당),,,,,,,,
의료법인 백천의료재단 바로본병원,MX122,행위료,기타이학요법료,이학요법료,도수치료(무릎-양측)(1일당),,,,,,,,
의료법인 백천의료재단 바로본병원,MX122,행위료,기타이학요법료,이학요법료,도수치료(무릎이외)(1일당),,,,,,,,
의료법인 백천의료재단 바로본병원,MX122,행위료,기타이학요법료,이학요법료,도수치료(무릎-편측)(1일당),,,,,,,,
의료법인 백천의료재단 바로본병원,MX122,행위료,기타이학요법료,이학요법료,도수치료(1일당),,,,,,,,
의료법인 백천의료재단 바로본병원,MY142,행위료,기타이학요법료,이학요법료,증식치료(Prolotherapy)IA(관절),,,,,,,,
의료법인 백천의료재단 바로본병원,MY142,행위료,기타이학요법료,이학요법료,증식치료(Prolotherapy)Muscular(근육),,,,,,,,
의료법인 백천의료재단 바로본병원,MY143,행위료,기타이학요법료,학요법료,증식치료(Prolotherapy)척추 1레벨,,,,,,,,
의료법인 백천의료재단 바로본병원,MY143,행위료,기타이학요법료,이학요법료,증식치료(Prolotherapy)척추 2레벨,,,,,,,,
의료법인 백천의료재단 바로본병원,MY143,행위료,기타이학요법료,이학요법료,증식치료(Prolotherapy)척추 3레벨,,,,,,,,
의료법인 백천의료재단 바로본병원,코드,치료재료대,,,명칭,,,,,,,,
의료법인 백천의료재단 바로본병원,BC1101VP,치료재료대,,,Air Walker,,,,,,,,
의료법인 백천의료재단 바로본병원,BC1101VP,치료재료대,,,Air Walker(Heel),,,,,,,,
의료법인 백천의료재단 바로본병원,BM5001BY,치료재료대,,,CAREFIXALPHA(10cm*15cm),,,,,,,,
의료법인 백천의료재단 바로본병원,BM5001BY,치료재료대,,,CAREFIXALPHA(10cm*30cm),,,,,,,,
의료법인 백천의료재단 바로본병원,BM5001BY,치료재료대,,,CAREFIX ALPHA(D),,,,,,,,
의료법인 백천의료재단 바로본병원,BM2621RA,치료재료대,,,CARTIFILL,,,,,,,,
의료법인 백천의료재단 바로본병원,BARO-40,치료재료대,,,Cast Shoes (캐스트신발),,,,,,,,
의료법인 백천의료재단 바로본병원,VM070,치료재료대,,,Cast-shoes 고급형,,,,,,,,
의료법인 백천의료재단 바로본병원,BM2601OP,치료재료대,,,Colla Shield 1cc,,,,,,,,
의료법인 백천의료재단 바로본병원,BM2601OP,치료재료대,,,Colla Shield(Black)1cc,,,,,,,,
의료법인 백천의료재단 바로본병원,BM2601OP,치료재료대,,,Colla Shield(Black)3cc,,,,,,,,
의료법인 백천의료재단 바로본병원,Baro-100,치료재료대,,,Cool pack,,,,,,,,
의료법인 백천의료재단 바로본병원,BC0107BU,치료재료대,,,BIO-PASTE II 0.5cc,,,,,,,,
의료법인 백천의료재단 바로본병원,BC0107BU,치료재료대,,,BIO-PASTE II 3cc,,,,,,,,
의료법인 백천의료재단 바로본병원,BC0104BU,치료재료대,,,MEDYFUSE1cc,,,,,,,,
의료법인 백천의료재단 바로본병원,BJ4801GV,치료재료대,,,EDEN,,,,,,,,
의료법인 백천의료재단 바로본병원,BK7112DQ,치료재료대,,,ELAFIT(탄력밴드)(4*20cm),,,,,,,,
의료법인 백천의료재단 바로본병원,BK7112DQ,치료재료대,,,ELAFIT(탄력밴드)(6*20cm),,,,,,,,
의료법인 백천의료재단 바로본병원,BJ1002BI,치료재료대,,,FixDERM,,,,,,,,
의료법인 백천의료재단 바로본병원,BK7001WT,치료재료대,,,HEKAFAST3인치(7.5*30cm),,,,,,,,
의료법인 백천의료재단 바로본병원,BK7001WT,치료재료대,,,HEKAFAST4인치(7.5*30cm),,,,,,,,
의료법인 백천의료재단 바로본병원,BM1305BY,치료재료대,,,IV Filter Line,,,,,,,,
의료법인 백천의료재단 바로본병원,BARO-550,치료재료대,,,K-Sling,,,,,,,,
의료법인 백천의료재단 바로본병원,BM1303PW,치료재료대,,,Mini volume line,,,,,,,,
의료법인 백천의료재단 바로본병원,BM3001RQ,치료재료대,,,NDA PLUS 1g,,,,,,,,
의료법인 백천의료재단 바로본병원,BK7111DQ,치료재료대,,,PEHA-HAFT(4*20cm),,,,,,,,
의료법인 백천의료재단 바로본병원,BM5304NT,치료재료대,,,P-STOP,,,,,,,,
의료법인 백천의료재단 바로본병원,BM3001AO,치료재료대,,,PulseLavage Total Hip Set,,,,,,,,
의료법인 백천의료재단 바로본병원,BF0201OB,치료재료대,,,"RFTIP (Disc-Care,행위료별도)",,,,,,,,
의료법인 백천의료재단 바로본병원,BJ4801GV,치료재료대,,,EDEN(PEN)(행위료별도),,,,,,,,
의료법인 백천의료재단 바로본병원,BJ4802NX,치료재료대,,,ASAN-ZINEUFBALLON CATHETER(행위료별도),,,,,,,,
의료법인 백천의료재단 바로본병원,BARO-170,치료재료대,,,CELINA(행위료별도),,,,,,,,
의료법인 백천의료재단 바로본병원,BJ1001GU,치료재료대,,,Statlock,,,,,,,,
의료법인 백천의료재단 바로본병원,BC1203WY,치료재료대,,,Total care pack,,,,,,,,
의료법인 백천의료재단 바로본병원,BM5106EM,치료재료대,,,TransporeWhite(2.5cm*1.37m),,,,,,,,
의료법인 백천의료재단 바로본병원,BM5106EM,치료재료대,,,TransporeWhite(2.5cm*9.14m),,,,,,,,
의료법인 백천의료재단 바로본병원,BM5002BY,치료재료대,,,WELFIX ALPHA(10cm*10cm),,,,,,,,
의료법인 백천의료재단 바로본병원,BM5002BY,치료재료대,,,WELFIX ALPHA(10cm*15cm),,,,,,,,
의료법인 백천의료재단 바로본병원,BM5002BY,치료재료대,,,WELFIX ALPHA(4.5cm*5.5cm),,,,,,,,
의료법인 백천의료재단 바로본병원,BARO-3,치료재료대,,,넥칼라,,,,,,,,
의료법인 백천의료재단 바로본병원,20330,치료재료대,,,목발,,,,,,,,
의료법인 백천의료재단 바로본병원,ZABO2,치료재료대,,,무릎보호대,,,,,,,,
의료법인 백천의료재단 바로본병원,ZABO,치료재료대,,,발목보호대,,,,,,,,
의료법인 백천의료재단 바로본병원,BARO-157,치료재료대,,,발목보호대(파란색),,,,,,,,
의료법인 백천의료재단 바로본병원,ARO-70,치료재료대,,,고급방석,,,,,,,,
의료법인 백천의료재단 바로본병원,ARO-72,치료재료대,,,원좌방석,,,,,,,,
의료법인 백천의료재단 바로본병원,ARO-71,치료재료대,,,크로바방석,,,,,,,,
의료법인 백천의료재단 바로본병원,BARO-1,치료재료대,,,밸포밴드,,,,,,,,
의료법인 백천의료재단 바로본병원,BARO-10,치료재료대,,,손목보호대,,,,,,,,
의료법인 백천의료재단 바로본병원,BARO-15E,치료재료대,,,손목보호대,,,,,,,,
의료법인 백천의료재단 바로본병원,BARO-15,치료재료대,,,손목스프린트,,,,,,,,
의료법인 백천의료재단 바로본병원,BARO-15C,치료재료대,,,손목스프린트,,,,,,,,
의료법인 백천의료재단 바로본병원,BM5104DN,치료재료대,,,스킨포어 (10*10cm),,,,,,,,
의료법인 백천의료재단 바로본병원,BM5105DN,치료재료대,,,스킨포어 (15*10cm),,,,,,,,
의료법인 백천의료재단 바로본병원,622700790,치료재료대,,,써지가드거즈(넌우븐),,,,,,,,
의료법인 백천의료재단 바로본병원,622700750,치료재료대,,,써지가드거즈(피브릴라),,,,,,,,
의료법인 백천의료재단 바로본병원,Baro-14,치료재료대,,,요통대(코르셋),,,,,,,,
의료법인 백천의료재단 바로본병원,675100012,치료재료대,,,인스틸라젤겔 11ml,,,,,,,,
의료법인 백천의료재단 바로본병원,BM5302VT,치료재료대,,,젠타큐,,,,,,,,
의료법인 백천의료재단 바로본병원,BM5033CU,치료재료대,,,지혈용 멸균밴드,,,,,,,,
의료법인 백천의료재단 바로본병원,BC1200AS,치료재료대,,,찜질팩,,,,,,,,
의료법인 백천의료재단 바로본병원,622900010,치료재료대,,,카티스템 1.5ml,,,,,,,,
의료법인 백천의료재단 바로본병원,BC1301PE,치료재료대,,,케이디(KD)CLAMP,,,,,,,,
의료법인 백천의료재단 바로본병원,BM2601LN,치료재료대,,,큐어젠,,,,,,,,
의료법인 백천의료재단 바로본병원,BARO-40B,치료재료대,,,토우가드 캐스트신발,,,,,,,,
의료법인 백천의료재단 바로본병원,BARO-9,치료재료대,,,팔걸이,,,,,,,,
의료법인 백천의료재단 바로본병원,BARO-2,치료재료대,,,팔꿈치보호대,,,,,,,,
의료법인 백천의료재단 바로본병원,BARO-002,치료재료대,,,팔꿈치보호대(청색),,,,,,,,
의료법인 백천의료재단 바로본병원,BC1203VM,치료재료대,,,필라델피아,,,,,,,,
의료법인 백천의료재단 바로본병원,BF0101VT,치료재료대,,,하이배리1.5cc,,,,,,,,
의료법인 백천의료재단 바로본병원,BF0101VT,치료재료대,,,하이배리5cc,,,,,,,,
의료법인 백천의료재단 바로본병원,668901330,치료재료대,,,히알플러스주 1.0ml,,,,,,,,
의료법인 백천의료재단 바로본병원,BJ7000UG,치료재료대,,,STANPAD10매,,,,,,,,
의료법인 백천의료재단 바로본병원,BJ1000LU,치료재료대,,,F-K1,,,,,,,,
의료법인 백천의료재단 바로본병원,BK7001EV,치료재료대,,,리오켓하지,,,,,,,,
의료법인 백천의료재단 바로본병원,BK7001EV,치료재료대,,,리오켓상지,,,,,,,,
의료법인 백천의료재단 바로본병원,BJ1000JN,치료재료대,,,석션튜브세트,,,,,,,,
의료법인 백천의료재단 바로본병원,BJ1001ZC,치료재료대,,,PIL,,,,,,,,
의료법인 백천의료재단 바로본병원,BM5109HF,치료재료대,,,A-DERM ROLL(에이덤롤),,,,,,,,
스마일본병원,"20,000",W681100040,,,"10,000",,녹십자 라이넥 2ml,,,,약제,,
스마일본병원,"3,000",W670602630,,,"1,500",,하이코민주 5mg/2ml,,,,약제,,
스마일본병원,"20,000",W681100241,,,"10,000",,메가그린주 20ml,,,,약제,,
스마일본병원,"60,000",W681100270,,,"30,000",,지씨멀티12주,,,,약제,,
스마일본병원,"10,000",W681100250,,,"5,000",,지씨비본주,,,,약제,,
스마일본병원,"20,000",W681100261,,,"10,000",,히시파겐씨주 20ml,,,,약제,,
스마일본병원,"10,000",W681100110,,,"5,000",,지씨카르틴주,,,,약제,,
스마일본병원,"20,000",W681100120,,,"10,000",,지씨치옥트산주,,,,약제,,
스마일본병원,"40,000",WMEGA7,,,,,항산화+비타민 D 수액,,,,약제,,
스마일본병원,"90,000",WMEGA4,,,,,직장인 수액,,,,약제,,
스마일본병원,"80,000",WMEGA6,,,,,갱년기 수액,,,,약제,,
스마일본병원,"40,000",WMEGA2,,,,,감기 수액,,,,약제,,
스마일본병원,"50,000",WMEGA8,,,,,총명 수액,,,,약제,,
스마일본병원,"50,000",WMEGA3,,,,,피로회복주사,,,,약제,,
스마일본병원,"137,000",WMEGA5,,,,,수술전후 주사(병동),,,,약제,,
스마일본병원,"50,000",WMEGA1,,,,,마이어스칵테일(멀티비타민칵테일),,,,약제,,
스마일본병원,"20,000",W662501520,,,"10,000",,징크린주,,,,약제,,
스마일본병원,"40,000",W645906060,,,"20,000",,본디업주(콜레칼시페롤),,,,약제,,
스마일본병원,"50,000",W050000010,,,"25,000",,"D3베이스주 100,000IU(콜레칼시페롤)",,,,약제,,
스마일본병원,"80,000",W050000020,,,"40,000",,"D3베이스주 300,000IU(콜레칼시페롤)",,,,약제,,
스마일본병원,"25,000",W622801630,,,"12,500",,훼렉스주 5ml,,,,약제,,
스마일본병원,"30,000",W654802300,,,"15,000",,에스블루5주,,,,약제,,
스마일본병원,"70,000",W669904600,,,"35,000",,대한뉴팜 리포라제,,,,약제,,
스마일본병원,"100,000",W654802110,,,"50,000",,액상하이랙스주 0.5ml 750IU,,,,약제,,
스마일본병원,"200,000",W654802040,,,"100,000",,액상하이랙스주 1ml 1500IU,,,,약제,,
스마일본병원,"200,000",W675500010,,,,,메디톡신주 100단위-보톡스,,,,약제,,
스마일본병원,"6,000",W655403400,,,,,일성 에스팜주 2ml,,,,약제,,
스마일본병원,"50,000",W644901750,,,"25,000",,유바솔주 250밀리리터,,,,약제,,
스마일본병원,"50,000",W644703680,,,"25,000",,헬파워솔 250ml,,,,약제,,
스마일본병원,"80,000",W640000281,,,"40,000",,리바후라민주_(500mL),,,,약제,,
스마일본병원,"80,000",W678901010,,,"40,000",,콤비플렉스 리피드 384ml,,,,약제,,
스마일본병원,"100,000",WMEGA-3,,,,,입원 영양제,,,,약제,,
스마일본병원,"50,000",WMEGA-4,,,,,외래 영양제,,,,약제,,
스마일본병원,"5,000",W681100073,,,,,메가네슘주 10% 5ml,,,,약제,,
스마일본병원,"10,000",W672900360,,,,,(비급여)생리식염키트주사 250 ml,,,,약제,,
스마일본병원,"10,000",W672900350,,,,,(비급여)5%포도당키트주사 250ml,,,,약제,,
스마일본병원,"100,000",W640006850,,,"50,000",,오마프원페리주_(1448mL),,,,약제,,
스마일본병원,"100,000",W642404060,,,"50,000",,뉴클레오주,,,,약제,,
스마일본병원,"80,000",W665002211,,,,,옴니덱스주,,,,약제,,
스마일본병원,"150,000",W655501750,,,,,브리디온주 2ml,,,,약제,,
스마일본병원,"180,000",W655500900,,,"150,000",,조스타박스주,,,,약제,,
스마일본병원,"150,000",W648902270,,,"110,000",,프리베나13주,,,,약제,,
스마일본병원,"130,000",W650002410,,,"90,000",,신플로릭스 프리필드시린지,,,,약제,,
스마일본병원,"70,000",W655501740,,,"54,000",,박타프리필드시린지,,,,약제,,
스마일본병원,"40,000",W650001960,,,"30,000",,부스트릭스 0.5ml(파상풍),,,,약제,,
스마일본병원,"70,000",W665900200,,,"52,000",,이모젭주(일본뇌염),,,,약제,,
스마일본병원,"150,000",W056400040,,,"110,000",,스카이조스터주,,,,약제,,
스마일본병원,"35,000",W644704290,,,,,스카이셀플루 4가 0.5ml,,,,약제,,
스마일본병원,"6,000",D653401640,,,,,마데카솔케어연고,,,,약제,,
스마일본병원,"6,000",D642703970,,,,,후시딘연고,,,,약제,,
스마일본병원,"3,000",D625500120,,,,,리스토액(시트룰린말산염),,,,약제,,
스마일본병원,"20,000",D657400630,,,,,헥시탄 0.5%액(클로르헥시딘글루콘산염액),,,,약제,,
스마일본병원,700,D647802340,,,,,트레스탄캅셀,,,,약제,,
스마일본병원,"6,500,000",W051300011,,,,,인보사케이주,,,,약제,,
스마일본병원,"7,000,000",X622900010,,,,,카티스템(동종 제대혈유래 중간엽줄기세포),,,,약제,,
스마일본병원,"5,000",D681800010,,,,,박티그라 10*10cm,,,,약제,,
스마일본병원,"10,000",X684900010,,,,,카티젤겔(염산리도카인),,,,약제,,
인본병원,1인실상급병실료,,기본,,,,"170,000","170,000",ABZ01,,,,
인본병원,특실상급병실료,,기본,,,,"300,000","300,000",ABZ02,,,,
인본병원,Urine HCG-요임신반응검사(정성),,기본,,,,"10,000","10,000",B0260,,산전진찰 범주 외,,
인본병원,항CCP항체[IgG],,기본,,,,"50,000","50,000",CZ432,,,,
인본병원,Homocysteine,,기본,,,,"40,000","40,000",CZ133,,2019.7.1부터 급여전환,,
인본병원,인플루엔자 A·B 바이러스항원검사[현장검사],,기본,,,,"30,000","30,000",CZ394,,,,
인본병원,"종합검진 남, 여 각각",,기본,,,,"140,000","140,000",BG6,,,,
인본병원,당알부민,,기본,,,,"30,000","30,000",CZ241,,,,
인본병원,골다공증+비타민D 정밀,,기본,,,,"70,000",70.000,BG4,,,,
인본병원,골다공증+뼈대사호르몬6종,,기본,,,,"90,000",90.000,BG5,,,,
인본병원,성장판검사,,기본,,,,"50,000","50,000",BB-02,,,,
인본병원,뼈대사호르몬6종,,기본,,,,"40,000","40,000",B-H,,,,
인본병원,알레르기 93종[정밀면역검사],,기본,,,,"110,000","110,000",GD7600,,,,
인본병원,(남) 성조숙검사,,기본,,,,"160,000","160,000",BG92,,,,
인본병원,(여) 성조숙검사,,기본,,,,"180,000","180,000",BG91,,,,
인본병원,갑상선초음파,,기본,,,,"70,000","70,000",Sono-01,,급여 인정기준 외 실시한 경우 비급여,,
인본병원,경동맥초음파,,기본,,,,"80,000","80,000",sono-02,,급여 인정기준 외 실시한 경우 비급여,,
인본병원,SONO-Rib,,기본,,,,"50,000",50.000,EB422,,급여 인정기준 외 실시한 경우 비급여,,
인본병원,SONO-Rib,,기본,,,,"50,000","50,000",SONO-29,,급여 인정기준 외 실시한 경우 비급여,,
인본병원,심장-경흉부 심초음파,,기본,,,,"200,000","200,000",Sono-04,,급여 인정기준 외 실시한 경우 비급여,,
오정본병원,MRI (조영제 미사용),,,,,"350,000",,,,MRI,,,
오정본병원,MRI (조영제 사용),,,,,"450,000",,,,MRI,,,
오정본병원,Brain MRI + MRA,,,,,"600,000",,,,MRI,,,
오정본병원,Brain MRI(조영제사용) + MRA,,,,,"700,000",,,,MRI,,,
오정본병원,Repeat MRI (부위별),,,,,"250,000",,,,MRI,,,
오정본병원,C-Spine Post OP MRI,,,,,"250,000",,,,MRI,,,
오정본병원,Elbow Post OP MRI,,,,,"250,000",,,,MRI,,,
오정본병원,Knee Post OP MRI,,,,,"250,000",,,,MRI,,,
오정본병원,L-Spine Post OP MRI,,,,,"250,000",,,,MRI,,,
오정본병원,Neck Post OP MRI,,,,,"250,000",,,,MRI,,,
오정본병원,Shoulder Post OP MRI,,,,,"250,000",,,,MRI,,,
오정본병원,T-Spine Post OP MRI,,,,,"250,000",,,,MRI,,,
오정본병원,Wrist Post OP MRI,,,,,"250,000",,,,MRI,,,
오정본병원,Whole Spine MRI,,,,,"150,000~350,000",,,,MRI,,,
오정본병원,C형간염항체(일반) HCV Ab,,,,,"45,000",,,,검사,,,
오정본병원,노로바이러스 항원검사[간이검사],,,,,"15,000",,,,검사,,,
오정본병원,CLO Test (Helicobacter Pylori-내시경하),,,,,"15,000",,,,검사,,,
오정본병원,폐렴 연쇄상구균 소변항원 [간이검사],,,,,"35,000",,,,검사,,,
오정본병원,호모시스테인검사,,,,,"50,000",,,,검사,,,
오정본병원,Kit Test-인플루엔자 A·B 바이러스항원검사,,,,,"30,000",,,,검사,,,
오정본병원,체온열검사(DITI-전신),,,,,"120,000",,,,검사,,,
오정본병원,체온열검사(DITI-상지),,,,,"100,000",,,,검사,,,
오정본병원,체온열검사(DITI-하지),,,,,"100,000",,,,검사,,,
오정본병원,항CCP항체[IgG],,,,,"40,000",,,,검사,,,
오정본병원,아락실 과립,,,,,300,,,,약제,,,
오정본병원,*프로즌 겔(Frozen Gel) 80g,,,,,"19,000",,,,약제,,,
오정본병원,*콘트라브서방정,,,,,"1,000",,,,약제,,,
오정본병원,비거스 액(비),,,,,"2,500",,,,약제,,,
오정본병원,모노퍼 주 2ml,,,,,"95,000",,,,약제,,,
오정본병원,*둘코락스 에스 장용정,,,,,300,,,,약제,,,
오정본병원,다제스캅셀,,,,,400,,,,약제,,,
오정본병원,트레스탄 캡슐(삼진),,,,,450,,,,약제,,,
오정본병원,액티피드정,,,,,100,,,,약제,,,
오정본병원,후시딘 연고,,,,,"5,500",,,,약제,,,
오정본병원,프랜큐 연질갭슐,,,,,500,,,,약제,,,
오정본병원,프랜큐 연질갭슐,,,,,500,,,,약제,,,
오정본병원,Cryo Spray Therapy,,,,,"20,000",,,,이학요법료,,,
오정본병원,ESWT 체외충격파치료[근골격계질환],,,,,"50,000~120,000",,,,이학요법료,,,
오정본병원,도수치료[1일당]-레이져,,,,,"30,000",,,,이학요법료,,,
오정본병원,도수치료[1일당]-척추 / 관절,,,,,"50,000~100,000",,,,이학요법료,,,
오정본병원,증식치료,,,,,"30,000~100,000",,,,이학요법료,,,
오정본병원,노바콜피브릴라 1g,,,,,"600,000",,,,수술 및 처치재료,,,
오정본병원,목발 1쌍,,,,,"20,000",,,,수술 및 처치재료,,,
오정본병원,스폰고스탄 Special(70x50x1mm),,,,,"20,000",,,,수술 및 처치재료,,,
오정본병원,스폰고스탄 Standard(70x50x10mm),,,,,"25,000",,,,수술 및 처치재료,,,
오정본병원,인스틸라젤겔 6ml,,,,,"18,000",,,,수술 및 처치재료,,,
오정본병원,리젠실(Regenseal),,,,,"300,000",,,,수술 및 처치재료,,,
오정본병원,젠타큐 5*5(Genta Q),,,,,"220,000",,,,수술 및 처치재료,,,
오정본병원,팔걸이(귀가용),,,,,"5,000",,,,수술 및 처치재료,,,
오정본병원,카티스템(동종 제대혈유래 중간엽줄기세포),,,,,"8,000,000",,,,수술 및 처치재료,,,
오정본병원,힐컵(Heel cup),,,,,"40,000",,,,수술 및 처치재료,,,
오정본병원,플로실 (Hemostatic Matrix),,,,,"600,000",,,,수술 및 처치재료,,,
오정본병원,하이배리 1.5g(Hibarry),,,,,"330,000",,,,수술 및 처치재료,,,
오정본병원,AIR CAST,,,,,"70,000",,,,수술 및 처치재료,,,
오정본병원,발목 보조기(Ankle Brace),,,,,"30,000",,,,수술 및 처치재료,,,
오정본병원,캐스트 신발,,,,,"8,000",,,,수술 및 처치재료,,,
오정본병원,Safcon Filter,,,,,"4,000",,,,수술 및 처치재료,,,
오정본병원,Megafix2 Rod,,,,,"250,000",,,,수술 및 처치재료,,,
오정본병원,Megafix2 Screw Set,,,,,"540,000",,,,수술 및 처치재료,,,
오정본병원,Peak Cervical Cage,,,,,"1,200,000",,,,수술 및 처치재료,,,
오정본병원,Unicon,,,,,"120,000",,,,수술 및 처치재료,,,
오정본병원,BIOPASTE II 1CC(오스타케디컬),,,,,"1,000,000",,,,수술 및 처치재료,,,
오정본병원,Coban,,,,,"2,000~5,500",,,,수술 및 처치재료,,,
오정본병원,노바콜 피브릴라 1g(큐어시스),,,,,"600,000",,,,수술 및 처치재료,,,
오정본병원,원에이드플랙스밴드(지혈밴드),,,,,"2,500",,,,수술 및 처치재료,,,
오정본병원,성우픽스 IV (SW Fix IV),,,,,"5,000",,,,수술 및 처치재료,,,
오정본병원,Demios(DBM),,,,,"400,000~1,100,000",,,,수술 및 처치재료,,,
오정본병원,Derma Flex QS,,,,,"150,000",,,,수술 및 처치재료,,,
오정본병원,Embolism 스타킹(밴드형),,,,,"80,000",,,,수술 및 처치재료,,,
오정본병원,Hypafix 2cm 기준,,,,,"2,000",,,,수술 및 처치재료,,,
오정본병원,KLOTPAD(지혈거즈)-TJC,,,,,"250,000",,,,수술 및 처치재료,,,
오정본병원,Nafix Plus,,,,,"4,000",,,,수술 및 처치재료,,,
오정본병원,K-D Clamp (발톱고정용),,,,,"200,000",,,,수술 및 처치재료,,,
오정본병원,LMA,,,,,"70,000",,,,수술 및 처치재료,,,
오정본병원,Mega Cartilage,,,,,"2,800,000",,,,수술 및 처치재료,,,
오정본병원,필터주사기,,,,,"1,800~2,000",,,,수술 및 처치재료,,,
오정본병원,Opsite post-Op,,,,,"3,000~4,500",,,,수술 및 처치재료,,,
오정본병원,Neo Dermal Activator,,,,,"30,000",,,,수술 및 처치재료,,,
오정본병원,"대한멸균드레싱밴드(에이,비)",,,,,"2,000",,,,수술 및 처치재료,,,
오정본병원,Soft Cervical Collar,,,,,"15,000",,,,수술 및 처치재료,,,
오정본병원,Clavicle Splint,,,,,"20,000",,,,수술 및 처치재료,,,
오정본병원,Doctor Derma,,,,,"70,000",,,,수술 및 처치재료,,,
오정본병원,Foley Clip,,,,,"10,000",,,,수술 및 처치재료,,,
오정본병원,Drain Cilp,,,,,"20,000",,,,수술 및 처치재료,,,
오정본병원,Dermabond Prineo(L&H 바이오),,,,,"200,000",,,,수술 및 처치재료,,,
오정본병원,Tennis Elbow-보조기,,,,,"43,000",,,,수술 및 처치재료,,,
오정본병원,팔꿈치 보조기(Elbow Brace),,,,,"20,000",,,,수술 및 처치재료,,,
오정본병원,엄지 손가락 보조기(Thumb Brace),,,,,"15,000",,,,수술 및 처치재료,,,
오정본병원,실리콘(무지외반증),,,,,"18,000",,,,수술 및 처치재료,,,
오정본병원,벨포 밴드(velpeau band),,,,,"20,000",,,,수술 및 처치재료,,,
오정본병원,손목 보조기(Wrist Brace),,,,,"30,000",,,,수술 및 처치재료,,,
오정본병원,간편 손목 보조기(Wrist support),,,,,"12,000",,,,수술 및 처치재료,,,
오정본병원,Tennis Elbow,,,,,"43,000",,,,수술 및 처치재료,,,
오정본병원,Rotaio (Cervical Disc Prosthesis)(비),,,,,"4,500,000",,,,수술 및 처치재료,,,
오정본병원,SANAT 2.8,,,,,"1,500,000",,,,수술 및 처치재료,,,
오정본병원,Bio BMP2 (미래)(비),,,,,"2,000,000",,,,수술 및 처치재료,,,
오정본병원,DIAM (미래),,,,,"3,000,000",,,,수술 및 처치재료,,,
오정본병원,Frozen Gel,,,,,"190,000",,,,수술 및 처치재료,,,
오정본병원,OXIPLEX,,,,,"800,000",,,,수술 및 처치재료,,,
오정본병원,PENOSS(골대체제),,,,,"980,000",,,,수술 및 처치재료,,,
오정본병원,SOL Spinous Process Fixation System,,,,,"2,500,000",,,,수술 및 처치재료,,,
오정본병원,Flos Cervical 14/5,,,,,"1,200,000",,,,수술 및 처치재료,,,
오정본병원,옥시플렉스(Oxiplex-유착방지제)-미래,,,,,"800,000",,,,수술 및 처치재료,,,
오정본병원,Steri Strip Skin Closure,,,,,"1,500",,,,수술 및 처치재료,,,
오정본병원,Super Fix,,,,,"1,000",,,,수술 및 처치재료,,,
오정본병원,EZ-FIX PIUS,,,,,"20,000",,,,수술 및 처치재료,,,
오정본병원,Tissue Aid,,,,,"250,000",,,,수술 및 처치재료,,,
오정본병원,Soft Cervical Collar (토마스칼라)-Dr.Med,,,,,"15,000",,,,수술 및 처치재료,,,
오정본병원,Allomatrix Bone Putty,,,,,"900,000~2,800,000",,,,수술 및 처치재료,,,
오정본병원,PrimaLok,,,,,"3,250,000",,,,수술 및 처치재료,,,
오정본병원,IDET(2 Level까지),,,,,"2,000,000~3,500,000",,,,수술 및 처치재료,,,
오정본병원,IDET(3 Level부터 추가),,,,,"300,000",,,,수술 및 처치재료,,,
오정본병원,"경피적 경박외강신경성형술(P.E.N-요추,흉추)",,,,,"1,200,000",,,,수술 및 처치재료,,,
오정본병원,경피적 경박외강신경성형술(P.E.N-경추),,,,,"1,300,000",,,,수술 및 처치재료,,,
오정본병원,경피적경박외강신경성형술(Foraminoplasty),,,,,"1,500,000",,,,수술 및 처치재료,,,
오정본병원,경피적 풍선확장 경막외강 신경성형술,,,,,"2,000,000",,,,수술 및 처치재료,,,
오정본병원,내시경적 경막외강 신경근성형술(1부위),,,,,"3,000,000~3,500,000",,,,수술 및 처치재료,,,
오정본병원,내시경적 경막외강 신경근성형술(2부위부터 추가),,,,,"500,000",,,,수술 및 처치재료,,,
오정본병원,수면내시경 환자관리료(결장경폴립절제술),,,,,"50,000",,,,수술 및 처치재료,,,
오정본병원,"수면내시경 환자관리료(위,대장)",,,,,"50,000~100,000",,,,수술 및 처치재료,,,
오정본병원,A형 간염예방주사,,,,,"70,000",,,,주사제,,,
오정본병원,B형 간염예방주사,,,,,"25,000",,,,주사제,,,
오정본병원,뉴트리헥스 주,,,,,"21,000~55,000",,,,주사제,,,
오정본병원,아모부로펜주(이부프로펜)8ml,,,,,"40,000",,,,주사제,,,
오정본병원,안티옥시주사,,,,,"20,000",,,,주사제,,,
오정본병원,독감예방접종,,,,,"30,000",,,,주사제,,,
오정본병원,루치온주,,,,,"25,000",,,,주사제,,,
오정본병원,마늘주사(쎈타민주),,,,,"30,000",,,,주사제,,,
오정본병원,메리트씨 20ml - 비타민 C,,,,,"30,000",,,,주사제,,,
오정본병원,아루센주 (아세트아미노펜),,,,,"30,000",,,,주사제,,,
오정본병원,콤비플렉스엠시티페리주_(375mL),,,,,"100,000",,,,주사제,,,
오정본병원,페라미플루주 15ml,,,,,"32,000",,,,주사제,,,
오정본병원,비엠히루니다제 주 1500IU/V,,,,,"20,000~70,000",,,,주사제,,,
오정본병원,셀레뉴원주사 10ml,,,,,"30,000",,,,주사제,,,
오정본병원,비타민 D 주사,,,,,"50,000",,,,주사제,,,
오정본병원,티디 퓨어 주 0.5㎖(파상풍예방주사),,,,,"30,000",,,,주사제,,,
오정본병원,명문 네포팜염산염주 2ml(PCA용),,,,,"8,000",,,,주사제,,,
오정본병원,액상 하이랙스 주 1500IU,,,,,"50,000~100,000",,,,주사제,,,
오정본병원,에스멀티비타 주,,,,,"50,000",,,,주사제,,,
오정본병원,에티피-에스 주 2mg,,,,,"30,000",,,,주사제,,,
오정본병원,조스타박스 주(대상포진예방),,,,,"160,000",,,,주사제,,,
오정본병원,타우로린주사 2% 250ml(타우로리딘),,,,,"60,000",,,,주사제,,,
오정본병원,프리베나 13(폐렴백신주사),,,,,"130,000",,,,주사제,,,
오정본병원,하이코민주,,,,,"12,000",,,,주사제,,,
오정본병원,아다멜 엔 주,,,,,"50,000",,,,주사제,,,
오정본병원,SONO-Heart(Echocardiogrphy),,,,,"150,000",,,,초음파,,,
오정본병원,"SONO-하복부,골반",,,,,"100,000",,,,초음파,,,
오정본병원,SONO-Abdomen,,,,,"100,000",,,,초음파,,,
오정본병원,SONO-Lower Extremity(양측),,,,,"150,000",,,,초음파,,,
오정본병원,SONO-Upper Extremity(편측),,,,,"100,000",,,,초음파,,,
오정본병원,SONO-Carotid Doppler,,,,,"100,000",,,,초음파,,,
오정본병원,SONO-Muscle(large area),,,,,"100,000",,,,초음파,,,
오정본병원,SONO-Muscle(soft Tissue),,,,,"50,000",,,,초음파,,,
오정본병원,SONO-Muscle(Small area),,,,,"80,000",,,,초음파,,,
오정본병원,SONO-BreastㆍAxilla,,,,,"90,000",,,,초음파,,,
오정본병원,"SONO-Neck,Thyroid",,,,,"60,000",,,,초음파,,,
오정본병원,SONO-Other soft tissue,,,,,"30,000",,,,초음파,,,
오정본병원,공기밥 추가,,,,,1.000,,,,식대,,,
오정본병원,보호자식대,,,,,"5,000",,,,식대,,,
오정본병원,CD COPY(1장),,,,,"10,000",,,,제증명,,,
오정본병원,국민연금 장애 진단서,,,,,"15,000",,,,제증명,,,
오정본병원,근로능력평가용진단서,,,,,"10,000",,,,제증명,,,
오정본병원,병사용 진단서,,,,,"20,000",,,,제증명,,,
오정본병원,병사용 진단서(재발급),,,,,"1,000",,,,제증명,,,
오정본병원,사망진단서,,,,,"10,000",,,,제증명,,,
오정본병원,사망진단서(재발급),,,,,"1,000",,,,제증명,,,
오정본병원,상해진단서(3주이상),,,,,"150,000",,,,제증명,,,
오정본병원,상해진단서(3주미만),,,,,"100,000",,,,제증명,,,
오정본병원,상해진단서(3주이상)-재발급,,,,,"1,000",,,,제증명,,,
오정본병원,상해진단서(3주미만)-재발급,,,,,"1,000",,,,제증명,,,
오정본병원,영문진단서(소견),,,,,"20,000",,,,제증명,,,
오정본병원,영문진단서(소견)-재발급,,,,,"1,000",,,,제증명,,,
오정본병원,수술확인서,,,,,"10,000",,,,제증명,,,
오정본병원,수술확인서(재발급),,,,,"1,000",,,,제증명,,,
오정본병원,영문신체검사서,,,,,"28,500",,,,제증명,,,
오정본병원,영문신체검사서(마약추가),,,,,"40,000",,,,제증명,,,
오정본병원,운전면허 적성검사,,,,,"10,000",,,,제증명,,,
오정본병원,건강진단서,,,,,"20,000",,,,제증명,,,
오정본병원,외부 MRI 판독(비),,,,,"40,000",,,,제증명,,,
오정본병원,"의무기록 복사(1~5매까지,1매당)",,,,,"1,000",,,,제증명,,,
오정본병원,"의무기록 복사(6매부터,1매당)",,,,,100,,,,제증명,,,
오정본병원,의지보장구 처방 및 검수료,,,,,"21,300",,,,제증명,,,
오정본병원,일반진단(소견)서,,,,,"15,000",,,,제증명,,,
오정본병원,일반진단(소견)서-재발급,,,,,"1,000",,,,제증명,,,
오정본병원,입퇴원확인서,,,,,"3,000",,,,제증명,,,
오정본병원,입퇴원확인서-재발급,,,,,"1,000",,,,제증명,,,
오정본병원,채용신체 검사서 일반,,,,,"30,000",,,,제증명,,,
오정본병원,채용신체 검사서 공무원,,,,,"40,000",,,,제증명,,,
오정본병원,장애진단서,,,,,"15,000",,,,제증명,,,
오정본병원,진료확인서.소견서(보험회사양식),,,,,"150,000",,,,제증명,,,
오정본병원,후유장애진단서,,,,,"100,000",,,,제증명,,,
오정본병원,통원치료확인서,,,,,"3,000",,,,제증명,,,
오정본병원,통원치료확인서-재발급,,,,,"1,000",,,,제증명,,,
오정본병원,3인실,,,,,"20,000",,,,상급병실료,,,
오정본병원,2인실,,,,,"30,000",,,,상급병실료,,,
오정본병원,1인실,,,,,"50,000",,,,상급병실료,,,
바른본병원,상급병실료-1인실,상급병실료 차액,,,,,"150,000",,VA011,[행위]병실료,,,
바른본병원,Glycated albumin-당알부민,일반화학검사,,,,,"25,000",,CZ241,[행위]검사료,,,
바른본병원,의뢰) 항 CCP (IgG),자가면역질환검사,,,,,"50,000",,CZ432,[행위]검사료,,,
바른본병원,의뢰)인플루엔자바이러스 A,감염증 기타검사,,,,,"111,220",,C6095006,[행위]검사료,,,
바른본병원,체온열검사(DITI),"외피, 근골기능검사",,,,,,"150,000",EZ776,[행위]검사료,,,"300,000"
바른본병원,SONO-Carotid Doppler 초음파,초음파검사료,,,,,"150,000",,EB482,[행위]초음파검사료,,,
바른본병원,SONO-Echocardiogram,초음파검사료,,,,,"200,000",,,[행위]초음파검사료,,,
바른본병원,SONO- (갑상선) 초음파,초음파검사료,,,,,"60,000",,,[행위]초음파검사료,,,
바른본병원,SONO-(복부)초음파,초음파검사료,,,,,"150,000",,,[행위]초음파검사료,,,
바른본병원,SONO-하복부 초음파,초음파검사료,,,,,"100,000",,,[행위]초음파검사료,,,
바른본병원,SONO-근골격계,초음파검사료,,,,,"80,000",,,[행위]초음파검사료,,,
바른본병원,SONO-OR,초음파검사료,,,,,"80,000",,,[행위]초음파검사료,,,
바른본병원,SONO-Simple,초음파검사료,,,,,"50,000",,,[행위]초음파검사료,,,
바른본병원,SONO-도플러,초음파검사료,,,,,,"150,000",EB484,[행위]초음파검사료,,,"300,000"
바른본병원,SONO-기타부위,초음파검사료,,,,,"80,000",,,[행위]초음파검사료,,,
바른본병원,MRI BRAIN,"뇌[뇌, 해마]",,,,,"400,000",,HE101,[행위]MRI,,,
바른본병원,MRI Brain & Enhance,"뇌[뇌, 해마]",,,,,"500,000",,HE201,[행위]MRI,,,
바른본병원,MRI Brain + Diffusion,"뇌[뇌, 해마]",,,,,"500,000",,,[행위]MRI,,,
바른본병원,MRI Brain+Diffusion+Perfusion & Enhance,"뇌[뇌, 해마]",,,,,"700,000",,,[행위]MRI,,,
바른본병원,MRI Brain + MRA + Diffusion,"뇌[뇌, 해마]",,,,,"700,000",,,[행위]MRI,,,
바른본병원,MRI Brain + MRA + Diffusion & Enhance,"뇌[뇌, 해마]",,,,,"750,000",,,[행위]MRI,,,
바른본병원,MRI & MRA Brain,"뇌[뇌, 해마]",,,,,"500,000",,,[행위]MRI,,,
바른본병원,MRI & MRA Brain & Enhance,"뇌[뇌, 해마]",,,,,"600,000",,,[행위]MRI,,,
바른본병원,MRA Brain,혈관,,,,,"400,000",,HE135,[행위]MRI,,,
바른본병원,MRA Brain & Enhance,혈관,,,,,"500,000",,HE235,[행위]MRI,,,
바른본병원,MRI Neck & Enhance,두경부,,,,,"500,000",,HE208,[행위]MRI,,,
바른본병원,MRI C-Spine,척추,,,,,,"150,000",HE109,[행위]MRI,,,"400,000"
바른본병원,MRI C-Spine & Enhance,척추,,,,,"500,000",,HE209,[행위]MRI,,,
바른본병원,MRI C-T Spine,척추,,,,,"500,000",,,[행위]MRI,,,
바른본병원,MRI C-T Spine & Enhance,척추,,,,,"600,000",,,[행위]MRI,,,
바른본병원,MRI T-Spine,척추,,,,,"400,000",,,[행위]MRI,,,
바른본병원,MRI T-Spine & Enhance,척추,,,,,"500,000",,,[행위]MRI,,,
바른본병원,MRI L-Spine,척추,,,,,,"150,000",HE111,[행위]MRI,,,"400,000"
바른본병원,MRI L-Spine & Enhance,척추,,,,,"500,000",,HE211,[행위]MRI,,,
바른본병원,MRI L-spine + Pevic,척추,,,,,"500,000",,,[행위]MRI,,,
바른본병원,MRI L-spine + Pevic & Enhance,척추,,,,,"600,000",,,[행위]MRI,,,
바른본병원,MRI T-L Spine,척추,,,,,"500,000",,,[행위]MRI,,,
바른본병원,MRI T-L Spine & Enhance,척추,,,,,"600,000",,,[행위]MRI,,,
바른본병원,MRI Whole Spine,척추,,,,,"600,000",,,[행위]MRI,,,
바른본병원,MRI Whole Spine & Enhance,척추,,,,,"650,000",,,[행위]MRI,,,
바른본병원,MRI Back & Enhance,척추,,,,,"500,000",,,[행위]MRI,,,
바른본병원,MRI Shoulder,근골격계,,,,,,"150,000",HE115,[행위]MRI,,,"400,000"
바른본병원,MRI Shoulder & Enhance,근골격계,,,,,"500,000",,HE215,[행위]MRI,,,
바른본병원,MRI Shoulder Arthro,근골격계,,,,,"450,000",,,[행위]MRI,,,
바른본병원,MRI Elbow,근골격계,,,,,,"250,000",HE116,[행위]MRI,,,"400,000"
바른본병원,MRI Elbow & Enhance,근골격계,,,,,"500,000",,HE216,[행위]MRI,,,
바른본병원,MRI Wrist,근골격계,,,,,,"250,000",HE117,[행위]MRI,,,"400,000"
바른본병원,MRI Wrist & Enhance,근골격계,,,,,"500,000",,HE217,[행위]MRI,,,
바른본병원,MRI Wrist Arthro,근골격계,,,,,"450,000",,,[행위]MRI,,,
바른본병원,MRI (Lt) Hand,근골격계,,,,,,"250,000",HE122,[행위]MRI,,,"400,000"
바른본병원,MRI (Lt) Hand & Enhance,근골격계,,,,,"500,000",,HE222,[행위]MRI,,,
바른본병원,MRI Arm,근골격계,,,,,"400,000",,HE122,[행위]MRI,,,
바른본병원,MRI arm & Enhance,근골격계,,,,,"500,000",,HE222,[행위]MRI,,,
바른본병원,MRI (Both) Hip,근골격계,,,,,,"150,000",HE118,[행위]MRI,,,"450,000"
바른본병원,MRI (Both) Hip & Enhance,근골격계,,,,,"550,000",,HE218,[행위]MRI,,,
바른본병원,MRI (Both) Hip Arthro,근골격계,,,,,"550,000",,,[행위]MRI,,,
바른본병원,MRI Hip,근골격계,,,,,,"150,000",HE118,[행위]MRI,,,"400,000"
바른본병원,MRI Hip & Enhance,근골격계,,,,,"500,000",,HE218,[행위]MRI,,,
바른본병원,MRI Hip + Pelvic,근골격계,,,,,"500,000",,,[행위]MRI,,,
바른본병원,MRI Hip Arthro,근골격계,,,,,"500,000",,,[행위]MRI,,,
바른본병원,MRI Knee,근골격계,,,,,,"150,000",HE120,[행위]MRI,,,"400,000"
바른본병원,MRI Knee & Enhance,근골격계,,,,,"500,000",,HE220,[행위]MRI,,,
바른본병원,MRI Knee (Pelvis포함) 편측,근골격계,,,,,"600,000",,,[행위]MRI,,,
바른본병원,MRI Ankle,근골격계,,,,,,"250,000",HE121,[행위]MRI,,,"400,000"
바른본병원,MRI Ankle & Enhance,근골격계,,,,,"500,000",,HE221,[행위]MRI,,,
바른본병원,MRI Femur,근골격계,,,,,,"250,000",HE123,[행위]MRI,,,"400,000"
바른본병원,MRI Femur & Enhance,근골격계,,,,,"500,000",,HE223,[행위]MRI,,,
바른본병원,MRI Tibia,근골격계,,,,,"400,000",,HE123,[행위]MRI,,,
바른본병원,MRI Tibia & Enhance,근골격계,,,,,"500,000",,HE223,[행위]MRI,,,
바른본병원,MRI Thigh,근골격계,,,,,"400,000",,HE123,[행위]MRI,,,
바른본병원,MRI Thigh & Enhance,근골격계,,,,,"500,000",,HE223,[행위]MRI,,,
바른본병원,MRI Foot,근골격계,,,,,,"250,000",HE123,[행위]MRI,,,"400,000"
바른본병원,MRI Foot & Enhance,근골격계,,,,,"500,000",,HE223,[행위]MRI,,,
바른본병원,MRI lower leg,근골격계,,,,,"400,000",,HE123,[행위]MRI,,,
바른본병원,MRI Skeletal,근골격계,,,,,"100,000",,,[행위]MRI,,,
바른본병원,외부판독)MRI-척추-경추 (비급여),판독료,,,,,"50,000",,HE109001,[행위]MRI,,,
바른본병원,외부판독)MRI-척추-요천추 (비급여),판독료,,,,,"50,000",,HE111001,[행위]MRI,,,
바른본병원,외부판독)MRI-근골격계-견관절 (비급여),판독료,,,,,"50,000",,HE115001,[행위]MRI,,,
바른본병원,외부판독)MRI-근골격계-수관절 (비급여),판독료,,,,,"50,000",,HE117001,[행위]MRI,,,
바른본병원,외부판독)MRI-근골격계-고관절 (비급여),판독료,,,,,"50,000",,HE118001,[행위]MRI,,,
바른본병원,외부판독)MRI-근골격계-슬관절 (비급여),판독료,,,,,"50,000",,HE120001,[행위]MRI,,,
바른본병원,외부판독)MRI-근골격계-발목관절 (비급여),판독료,,,,,"50,000",,HE121001,[행위]MRI,,,
바른본병원,도수치료,물리치료료,,,,,"30,000","30,000",MX122,[행위]물리치료료,,,"220,000"
바른본병원,증식치료-사지관절부위,물리치료료,,,,,,"50,000",MY142,[행위]물리치료료,,,"120,000"
바른본병원,증식치료-척추부위,물리치료료,,,,,,"80,000",MY143,[행위]물리치료료,,,"170,000"
바른본병원,분사치료(Cryo therapy),물리치료료,,,,,"20,000",,MZ007,[행위]물리치료료,,,
바른본병원,Balloon PEN + 재료대 포함,신경,,,,,"2,200,000",,SZ641,[행위]처치및 수술료,,O,
바른본병원,추간판내 고주파 열치료술+재료대,신경,,,,,,"400,000",SZ083,[행위]처치및 수술료,,O,"2,300,000"
바른본병원,내시경적 경막외강 신경근성형술+재료대 포함,신경,,,,,"3,300,000",,SZ631,[행위]처치및 수술료,,O,
바른본병원,PEN1+재료대 포함,신경,,,,,,"300,000",SZ634,[행위]처치및 수술료,,O,"1,200,000"
바른본병원,PEN-Biovision,신경,,,,,"3,570,000",,SZ634,[행위]처치및 수술료,,O,
바른본병원,PEN- CLAUDICARE,신경,,,,,"2,500,000",,SZ634,[행위]처치및 수술료,,O,
바른본병원,PEN + RF + 재료대 포함,신경,,,,,"3,100,000",,,[행위]처치및 수술료,,O,
바른본병원,체외충격파(ESWT),근골,,,,,"50,000",,SZ084,[행위]처치및 수술료,,,
바른본병원,특식(1식당),기타,,,,,"6,000",,,[행위]기타,,,
바른본병원,보호자식(1식당),기타,,,,,"5,000",,,[행위]기타,,,
바른본병원,공기밥추가,기타,,,,,"1,000",,,[행위]기타,,,
바른본병원,"환자복 대여비 (상,하)각각",기타,,,,,"20,000",,,[행위]기타,,,
바른본병원,M-acelock plus 1ea,배액관 고정용판,,,,,"10,000",,BJ1005CO,치료재료대,,,
바른본병원,Fixband-Iv 벨크로 등,배액관 고정용판,,,,,"4,000",,BJ1006RI,치료재료대,,,
바른본병원,MULTIFIX EF,배액관 고정용판,,,,,"9,900",,BJ1006GA,치료재료대,,,
바른본병원,Filter Needle,의약품주입여과기,,,,,"1,200",,BM0300UT,치료재료대,,,
바른본병원,3a Ject Sterile Micro-Filter Syringe Stainless,의약품주입여과기,,,,,"1,200",,BM1300DS,치료재료대,,,
바른본병원,Innofuser Filter 폴리염화비닐(Non-Dehp)등,의약품주입여과기,,,,,"6,600",,BM0304BX,치료재료대,,,
바른본병원,PROSTOP,발목아치형성 인공삽입물,,,,,"1,900,000",,BE4001TC,치료재료대,,,
바른본병원,Xcm Biologic Tissue Matrix Ecm 등,연조직재건,,,,,"900,000",,BM2601AT,치료재료대,,,
바른본병원,Cgcryoderm - Implant Acellular Dermis,동종진피,,,,,,"2,500,000",BTS01113,치료재료대,,,"2,800,000"
바른본병원,Demios DBM,인체조직유래2차 가공뼈,,,,,,,BC0101KJ,치료재료대,,,
바른본병원,DBX PUTTY,인체조직유래2차 가공뼈,,,,,"800,000","800,000",BC0101AT,치료재료대,,,"1,100,000"
바른본병원,Orthoblast ∥ Paste Dbm+Cancellous Bone+Carrie,인체조직유래2차 가공뼈,,,,,"800,000",,BC0101IE,치료재료대,,,
바른본병원,Surefuse-Tm DBM,인체조직유래2차 가공뼈,,,,,,,BC0103ED,치료재료대,,,
바른본병원,Anyplus Dbm + 젤라틴 + 글리세롤 등,인체조직유래2차 가공뼈,,,,,"1,650,000","800,000",BC0104ED,치료재료대,,,"1,800,000"
바른본병원,Rafugen DBM 1cc,인체조직유래2차 가공뼈,,,,,"770,000",,BC0101BU,치료재료대,,,
바른본병원,OXIPLEX1,척추경막외 유착방지제,,,,,"800,000",,BF0100RJ,치료재료대,,,
바른본병원,하이배리(HIBARRY),척추경막외 유착방지제,,,,,,"400,000",BF0101VT,치료재료대,,,"600,000"
바른본병원,리젠콜(Regencol),척추경막외 유착방지제,,,,,,"250,000",BM5303BH,치료재료대,,,"400,000"
바른본병원,SPACER 5.0mm,골절고정골막손상방지,,,,,"40,000",,BD1001AT,치료재료대,,,
바른본병원,Ldisq-C Stainless Steel,추간판내고주파열치료술,,,,,"1,650,000",,BF0202DA,치료재료대,,,
바른본병원,Ldisq Stainless Steel 등,추간판내고주파열치료술,,,,,"1,650,000",,BF0201DA,치료재료대,,,
바른본병원,전기수술기용 전극,추간판내고주파열치료술,,,,,"1,320,000",,BF0201OB,치료재료대,,,
바른본병원,일회용 발 조절식 전기수술기용 전극,추간판내고주파열치료술,,,,,"1,210,000",,BF0201SH,치료재료대,,,
바른본병원,Myelotec Navicath Steerable Catheter,경막외강신경박리술,,,,,"880,000",,BJ4801IU,치료재료대,,,
바른본병원,Coflex Interspinous Implants Ti6ai4v Alloy,척추극돌기간고정용,,,,,"1,760,000",,BF0401HB,치료재료대,,,
바른본병원,ROTAIO,척추고정용,,,,,"4,900,000",,BF0001HB,치료재료대,,,
바른본병원,Mobi-C With Plug & Fit Vitalium(Cocrmo),척추고정용,,,,,"4,840,000",,BF0001KV,치료재료대,,,
바른본병원,MULTI-FIX SCREW(한비),척추고정용,,,,,"500,000",,,치료재료대,,,
바른본병원,MULTI-FIX ROD(한비),척추고정용,,,,,"150,000",,,치료재료대,,,
바른본병원,MULTI-FIX PLIF CAGE(한비),척추고정용,,,,,"700,000",,,치료재료대,,,
바른본병원,"코반1""(Coban 1"") / 450cm",자착성(탄력)붕대,,,,,"3,500",,BK7102YD,치료재료대,,,
바른본병원,메딕스 1호,건조 드레싱,,,,,"2,000",,BM5005CS,치료재료대,,,
바른본병원,메딕스 2호,건조 드레싱,,,,,"2,500",,BM5006CS,치료재료대,,,
바른본병원,메딕스 4호,건조 드레싱,,,,,"3,000",,BM5008CS,치료재료대,,,
바른본병원,메딕스 5호,건조 드레싱,,,,,"4,000",,BM5010CS,치료재료대,,,
바른본병원,메딕스밴드 6호,건조 드레싱,,,,,"5,000",,BM5011CS,치료재료대,,,
바른본병원,메딕스밴드 7호,건조 드레싱,,,,,"5,000",,BM5012CS,치료재료대,,,
바른본병원,픽스롤,드레싱 고정,,,,,,150,BM5101LX,치료재료대,,,200
바른본병원,OP SITE 1호 (6.5*5),드레싱 고정,,,,,"4,000",,BM5013CD,치료재료대,,,
바른본병원,OP SITE 2호 (9.5*8.5),드레싱 고정,,,,,"6,000",,BM5013CD,치료재료대,,,
바른본병원,OP SITE 3호 (15.5*8.5),드레싱 고정,,,,,"8,000",,BM5013CD,치료재료대,,,
바른본병원,OP SITE 4호 (25*10),드레싱 고정,,,,,"9,000",,BM5013CD,치료재료대,,,
바른본병원,"바코캐스트(Vaco cast Polypropylene, Cotton)",압박고정용 SPLINT,,,,,"280,000",,BC1203ON,치료재료대,,,
바른본병원,바코스프린트(Vaco Splint /Vaco Ped),압박고정용 SPLINT,,,,,"550,000",,BC1201ON,치료재료대,,,
바른본병원,Vaco Pedes(바코패즈),압박고정용 SPLINT,,,,,"380,000",,BC1201ON,치료재료대,,,
바른본병원,Vaco Ped(바코패드),압박고정용 SPLINT,,,,,"450,000",,BC1201ON,치료재료대,,,
바른본병원,에어캐스트(Air Cast)-비급여,압박고정용 SPLINT,,,,,"80,000",,BC1211VP,치료재료대,,,
바른본병원,"Gipshoe(깁슈) 벨크로 등 (S,M,L)",압박고정용 SPLINT,,,,,"1,100,000",,BC1201EF,치료재료대,,,
바른본병원,소프트칼라 L,보조기 및 보장구,,,,,"25,000",,,치료재료대,,,
바른본병원,[필라델피아] Philadelphia Cervical Collar,보조기 및 보장구,,,,,"40,000",,BC1201KZ,치료재료대,,,
바른본병원,마이애미 비스타,보조기 및 보장구,,,,,"180,000",,BC1212SI,치료재료대,,,
바른본병원,TLSO,보조기 및 보장구,,,,,"350,000",,20255,치료재료대,,,
바른본병원,"LSO (S,M,L,XL)",보조기 및 보장구,,,,,"250,000",,BC1206RG,치료재료대,,,
바른본병원,"LS Corset(DR-B021) (S,M,L,XL)",보조기 및 보장구,,,,,"80,000",,BC1212RE,치료재료대,,,
바른본병원,벨포밴드(Velpeau),보조기 및 보장구,,,,,"25,000",,,치료재료대,,,
바른본병원,"Ultra Arm Sling(S,M,L,XL)",보조기 및 보장구,,,,,"150,000",,VM061,치료재료대,,,
바른본병원,도르래,보조기 및 보장구,,,,,"25,000",,,치료재료대,,,
바른본병원,T-bar,보조기 및 보장구,,,,,"30,000",,,치료재료대,,,
바른본병원,THERA BAND [세라밴드],보조기 및 보장구,,,,,"15,000",,,치료재료대,,,
바른본병원,팔자붕대,보조기 및 보장구,,,,,"30,000",,BC1209RE,치료재료대,,,
바른본병원,ARM-SLING,보조기 및 보장구,,,,,"10,000",,VM061,치료재료대,,,
바른본병원,테니스엘보,보조기 및 보장구,,,,,"40,000",,BC1215RE,치료재료대,,,
바른본병원,Long Arm Brace(hinge brace),보조기 및 보장구,,,,,"250,000",,20223,치료재료대,,,
바른본병원,손목 보호대,보조기 및 보장구,,,,,"30,000",,BC1211UZ,치료재료대,,,
바른본병원,Thumb brace,보조기 및 보장구,,,,,"20,000",,BC1217UZ,치료재료대,,,
바른본병원,Frog brace (개구리 splint),보조기 및 보장구,,,,,"10,000",,,치료재료대,,,
바른본병원,Multi Finger splint (멀티핑거 스프린트),보조기 및 보장구,,,,,"10,000",,,치료재료대,,,
바른본병원,Mallet Finger Splint,보조기 및 보장구,,,,,"20,000",,,치료재료대,,,
바른본병원,Deloader,보조기 및 보장구,,,,,"350,000",,BC1001PS,치료재료대,,,
바른본병원,Knee Brace - 각도기,보조기 및 보장구,,,,,"280,000",,,치료재료대,,,
바른본병원,ACL Brace,보조기 및 보장구,,,,,"250,000",,20291,치료재료대,,,
바른본병원,PCL Brace,보조기 및 보장구,,,,,"250,000",,20291,치료재료대,,,
바른본병원,"MCL Brace (S,M,L)",보조기 및 보장구,,,,,"150,000",,BC1001UZ,치료재료대,,,
바른본병원,Knee Immobilizer,보조기 및 보장구,,,,,"150,000",,BC1003RE,치료재료대,,,
바른본병원,Knee Brace,보조기 및 보장구,,,,,"35,000",,BC1001UZ,치료재료대,,,
바른본병원,발목 보호대,보조기 및 보장구,,,,,"40,000",,BC1216UZ,치료재료대,,,
바른본병원,Toe Jel(Set),보조기 및 보장구,,,,,"20,000",,,치료재료대,,,
바른본병원,Hallux Valgus Shoes,보조기 및 보장구,,,,,"55,000",,BC1104VP,치료재료대,,,
바른본병원,캐스트 슈즈,보조기 및 보장구,,,,,"5,000",,,치료재료대,,,
바른본병원,석고신발 L (Cast Shoes),보조기 및 보장구,,,,,"10,000",,VM070,치료재료대,,,
바른본병원,엄지 발가락 보호패드,보조기 및 보장구,,,,,"120,000",,,치료재료대,,,
바른본병원,발앞꿈치 보호패드,보조기 및 보장구,,,,,"16,000",,,치료재료대,,,
바른본병원,발뒤꿈치 보호패드,보조기 및 보장구,,,,,"20,000",,,치료재료대,,,
바른본병원,새끼발가락 보호 튜브,보조기 및 보장구,,,,,"25,000",,,치료재료대,,,
바른본병원,굽은 발가락 베게 패드,보조기 및 보장구,,,,,"16,000",,,치료재료대,,,
바른본병원,3/4 아치써포트 깔창,보조기 및 보장구,,,,,"30,000",,,치료재료대,,,
바른본병원,crutches (목발),보조기 및 보장구,,,,,"30,000",,20330,치료재료대,,,
바른본병원,본가드 힐패드세트(Bonguard Band),보조기 및 보장구,,,,,"15,000",,BC1210BV,치료재료대,,,
바른본병원,일반진단서,,,,,2019-10-01 변경적용의료법 시행규칙 제9조 [서식5의2],None,None,"10,000",제증명수수료,None,None,None
바른본병원,진료비세부내역서 추가 발생 본인부담,,,,,None,None,None,"10,000",제증명수수료,None,None,None
바른본병원,통원확인서,,,,,None,None,None,"3,000",제증명수수료,None,None,None
바른본병원,상해진단서(3주미만),,,,,의료법 시행규칙 제9조 [서식5의3],None,None,"100,000",제증명수수료,None,None,None
바른본병원,상해진단서(3주이상),,,,,의료법 시행규칙 제9조 [서식5의3],None,None,"150,000",제증명수수료,None,None,None
바른본병원,국민연금 장애심사 진단서,,,,,장애인복지법 시행규칙 제3조 별지※ 장애인등록증 발급에 필요서류,None,None,"15,000",제증명수수료,None,None,None
바른본병원,병사용진단서,,,,,"병역법 시행규칙 제87조, 95조 [서식 106]",None,None,"20,000",제증명수수료,None,None,None
바른본병원,초진기록지,,,,,None,None,None,"1,000",제증명수수료,None,None,None
바른본병원,일반 진단서(재발행),,,,,None,None,None,"1,000",제증명수수료,None,None,None
바른본병원,입원/퇴원 확인서,,,,,None,None,None,"3,000",제증명수수료,None,None,None
바른본병원,입원/퇴원 확인서(재발행),,,,,None,None,None,"1,000",제증명수수료,None,None,None
바른본병원,수술확인서,,,,,None,None,None,"3,000",제증명수수료,None,None,None
바른본병원,비급여진료내역소견서-보험사,,,,,None,None,None,"5,000",제증명수수료,None,None,None
바른본병원,"의무기록 사본(1~5매, 매당)",,,,,None,None,None,"1,000",제증명수수료,None,None,None
바른본병원,의무기록 사본(6매 이상시/1장당),,,,,None,None,None,100,제증명수수료,None,None,None
바른본병원,영문진단서,,,,,None,None,None,"20,000",제증명수수료,None,None,None
바른본병원,유학용 소견서,,,,,None,None,None,"30,000",제증명수수료,None,None,None
바른본병원,장애진단서(신체적장애),,,,,None,None,None,"15,000",제증명수수료,None,None,None
바른본병원,향후치료비추정서(천만원미만),,,,,None,None,None,"50,000",제증명수수료,None,None,None
바른본병원,향후치료비추정서(천만원이상),,,,,None,None,None,"100,000",제증명수수료,None,None,None
바른본병원,근로평가용진단서,,,,,None,None,None,"10,000",제증명수수료,None,None,None
바른본병원,건강진단서,,,,,None,None,None,"20,000",제증명수수료,None,None,None
바른본병원,후유장애 진단서,,,,,None,None,None,"100,000",제증명수수료,None,None,None
바른본병원,후유장애 진단서 추가,,,,,None,None,None,"1,000",제증명수수료,None,None,None
바른본병원,장애보상청구용 진단서(산재),,,,,None,None,None,"25,000",제증명수수료,None,None,None
바른본병원,요양급여신청서용진단서,,,,,None,None,None,"17,000",제증명수수료,None,None,None
바른본병원,보험사 소견조회 등 회신,,,,,None,None,None,"30,000",제증명수수료,None,None,None
바른본병원,CD복사수수료,,,,,None,None,None,"10,000",제증명수수료,None,None,None
바른본병원,알보칠액 5ml (태평양),,,,,None,None,None,"10,000",약제비,None,None,None
바른본병원,켈로코트 실리콘 스프레이,,,,,"50,000",None,None,BM5002DP,약제비,None,None,None
바른본병원,켈로코트연고,,,,,"50,000",None,None,BM5001DP,약제비,None,None,None
바른본병원,후시딘연고10G,,,,,"10,000",None,None,642703970,약제비,None,None,None
바른본병원,후시딘연고5G,,,,,"6,500",None,None,642703970,약제비,None,None,None
바른본병원,케이엠시프겔,,,,,"19,000",None,None,671701230,약제비,None,None,None
바른본병원,둘코락스에스장용정 (한국베링거인겔하임),,,,,520,None,None,652001030,약제비,None,None,None
바른본병원,트레스탄캅셀(삼진),,,,,600,None,None,647802340,약제비,None,None,None
바른본병원,스폰고스탄스탠다드(Spongostan Standard),,,,,"18,000",None,None,650800260,약제비,None,None,None
바른본병원,플로실(floseal),,,,,"800,000",None,None,646601401,약제비,None,None,None
바른본병원,카티스템(Cartistem),,,,,"7,000,000",None,None,622900010,약제비,None,None,None
바른본병원,아큐판주사액(염산네포팜),,,,,"8,000",None,None,659900340,약제비,None,None,None
바른본병원,아데노피 주 20㎎/2㎖,,,,,"30,000",None,None,659600170,약제비,None,None,None
바른본병원,아노솔주250ML (신풍),,,,,"50,000",None,None,648202530,약제비,None,None,None
바른본병원,에이티피주 2ml(파마리서치),,,,,"30,000",None,None,662800050,약제비,None,None,None
바른본병원,인플루엔자 독감 예방접종,,,,,None,None,None,"35,000",약제비,None,None,None
바른본병원,인플루엔자 독감 예방접종(3가),,,,,None,None,None,"30,000",약제비,None,None,None
바른본병원,메디라제주 (구주),,,,,"80,000",None,None,669803300,약제비,None,None,None
바른본병원,비타민D비오엔주,,,,,"50,000",None,None,641805170,약제비,None,None,None
바른본병원,디티부스터에스에스아이주 0.5ML (보령),,,,,"35,000",None,None,673100040,약제비,None,None,None
바른본병원,푸르설타민,,,,,"30,000",None,None,643601740_x000D_,약제비,None,None,None
바른본병원,하이코민주,,,,,"10,000",None,None,670602631,약제비,None,None,None
바른본병원,하이디알주,,,,,"120,000",None,None,654802270,약제비,None,None,None
바른본병원,하이주(히알루론산나트륨)(프리필드),,,,,"50,000",None,None,670605290,약제비,None,None,None
바른본병원,히시파겐씨주,,,,,"30,000",None,None,681100261,약제비,None,None,None
바른본병원,라이넥주,,,,,"10,000",None,None,681100040,약제비,None,None,None
바른본병원,메리트씨주사(아스코르빈산),,,,,"15,000",None,None,670600790,약제비,None,None,None
바른본병원,메가그린주(B) (녹십자),,,,,"30,000",None,None,681100241,약제비,None,None,None
바른본병원,멸균생리식염수 110ml,,,,,"10,000",None,None,645104100,약제비,None,None,None
바른본병원,생리식염키트주사 250ml,,,,,"10,000",None,None,672900360,약제비,None,None,None
바른본병원,플라센텍스주3ML(파마리),,,,,"120,000",None,None,662800060,약제비,None,None,None
바른본병원,피리독신염산염주사액,,,,,"5,000",None,None,670603640,약제비,None,None,None
바른본병원,베노스틴주10ml,,,,,"50,000",None,None,653402050,약제비,None,None,None
바른본병원,비타모주,,,,,"10,000",None,None,670601121,약제비,None,None,None
바른본병원,프리세덱스주,,,,,"100,000",None,None,693500440,약제비,None,None,None
바른본병원,박티그라 10*10,,,,,"3,370",None,None,681800010,약제비,None,None,None
바른본병원,외부 주사 수기료,,,,,None,None,None,"5,000",약제비,None,None,None
굿모닝병원,동맹경화도검사,순환기 기능검사,,,,"35,000",,,B0004,,,,
굿모닝병원,DHEA,기타,,,,"16,450",,,C3640-1,,,,
굿모닝병원,바이러스항원-기타(인플루인자 바이러스),감영증 기능검사,,,,"25,000",,,CZ394,,,,
굿모닝병원,인플루엔자바이러스A&B(수탁),감영증 기능검사,,,,"90,000",,,CZ983,,,,
굿모닝병원,NGAL(호중구젤라티나제..),기타,,,,"50,000",,,CZ247,,,,
굿모닝병원,항GM1항체(IgG),기타,,,,"132,000",,,CZ261,,,,
굿모닝병원,항GM1항체(IgM),기타,,,,"132,000",,,CZ262,,,,
굿모닝병원,당알부민 검사,당알부민검사,,,,"25,000",,,CZ241,,,,
굿모닝병원,허혈성 변형 알부민검서(IMAT),알부민 검사,,,,"45,000",,,CZ246,,,,
굿모닝병원,항CCP항체,항체검사,,,,"50,000",,,CZ432,,,,
굿모닝병원,DITI-전신,순환기 기능검사,,,,"140,000",,,40001,,,,
굿모닝병원,DITI-척추(C-SPINE),순환기 기능검사,,,,"110,000",,,40003,,,,
굿모닝병원,DITI-척추(L-SPINE),순환기 기능검사,,,,"110,000",,,40002,,,,
굿모닝병원,DITI-상지,순환기 기능 검사,,,,"85,000",,,40004,,,,
굿모닝병원,DITI-하지,순환기 기능 검사,,,,"85,000",,,40007,,,,
굿모닝병원,DITI-안면,순환기 기능 검사,,,,"50,000",,,40005,,,,
굿모닝병원,DITI-기타,순환기 기능 검사,,,,"60,000",,,40008,,,,
굿모닝병원,TCD(뇌혈류영상 검사),뇌,,,,"85,000",,,40009,,,,
굿모닝병원,SONO-Whole Abd,복부,,,,"135,000",,,40010-10,,,,
굿모닝병원,SONO-Upper Abd,복부,,,,"105,000",,,40011-10,,,,
굿모닝병원,SONO-Lower Abd,복부,,,,"105,000",,,40011-20,,,,
굿모닝병원,SONO-KUB,복부,,,,"100,000",,,40011-50,,,,
굿모닝병원,SONO-Thyroid,두경부,,,,"100,000",,,40012-10,,,,
굿모닝병원,SONO-Wile Abd + Thyroid,"복부,두경부",,,,"150,000",,,40010-40,,,,
굿모닝병원,SONO-Thyroid(Aspiration),두경부,,,,"150,000",,,40012-40,,,,
굿모닝병원,SONO-Shoulder,근골격,,,,"100,000",,,40013-20,,,,
굿모닝병원,SONO-Ankle,근골격,,,,"100,000",,,40014-10,,,,
굿모닝병원,SONO-Lower Leg,근골격,,,,"100,000",,,40014-11,,,,
굿모닝병원,SONO-chest,흉부,,,,"100,000",,,40014-12,,,,
굿모닝병원,SONO-Elbow,근골격,,,,"100,000",,,40014-13,,,,
제일정형외과병원,VVIP,상급병실료 차액,,,,"2,500,000",,,,1회,,,
제일정형외과병원,VIP,상급병실료 차액,,,,"1,215,000",,,,1회,,,
제일정형외과병원,1인실,상급병실료 차액,,,,"315,000",,,,1회,,,
제일정형외과병원,"MRI(뇌,Brain)",자기공명영상촬영(MRI),,,,"490,000",,,HE101,1회,급여 인정기준 외 실시한 경우 비급여,,
제일정형외과병원,"MRI(경추,Cervical)",자기공명영상촬영(MRI),,,,"490,000",,,HE109,1회,,,
제일정형외과병원,"MRI(흉추,Thoracic)",자기공명영상촬영(MRI),,,,"490,000",,,HE110,1회,,,
제일정형외과병원,"MRI(요천추,Lumbosacral spine)",자기공명영상촬영(MRI),,,,"490,000",,,HE111,1회,,,
제일정형외과병원,"MRI(견관절,Shoulder)",자기공명영상촬영(MRI),,,,"490,000",,,HE115,1회,,,
제일정형외과병원,"MRI(주관절,Elbow)",자기공명영상촬영(MRI),,,,"490,000",,,HE116,1회,,,
제일정형외과병원,"MRI(수관절,Wrist)",자기공명영상촬영(MRI),,,,"490,000",,,HE117,1회,,,
제일정형외과병원,"MRI(고관절,Hip)",자기공명영상촬영(MRI),,,,"490,000",,,HE118,1회,,,
제일정형외과병원,"MRI(천장골관절,Sacroiliac)",자기공명영상촬영(MRI),,,,"490,000",,,HE119,1회,,,
제일정형외과병원,"MRI(슬관절,Knee)",자기공명영상촬영(MRI),,,,"490,000",,,HE120,1회,,,
제일정형외과병원,"MRI(발목관절,Ankle)",자기공명영상촬영(MRI),,,,"490,000",,,HE121,1회,,,
제일정형외과병원,"MRI(관절외상지,Upper extremity)",자기공명영상촬영(MRI),,,,"490,000",,,HE122,1회,,,
제일정형외과병원,"MRI(관절외하지,Lower extremity)",자기공명영상촬영(MRI),,,,"490,000",,,HE123,1회,,,
제일정형외과병원,"MRI(골반,Pelvis)",자기공명영상촬영(MRI),,,,"490,000",,,HE128,1회,,,
제일정형외과병원,"MRA(뇌혈관,Brain)",자기공명영상촬영(MRI),,,,"690,000",,,HE135,1회,급여 인정기준 외 실시한 경우 비급여,,
제일정형외과병원,Brain MRI(flair 포함),자기공명영상촬영(MRI),,,,"600,000",,,HE101-2,1회,급여 인정기준 외 실시한 경우 비급여,,
제일정형외과병원,Brain(flair포함)+MRA,자기공명영상촬영(MRI),,,,"750,000",,,HE135GD,1회,급여 인정기준 외 실시한 경우 비급여,,
제일정형외과병원,MRI(부위별),자기공명영상촬영(MRI),,,,"490,000",,,,1회,,,
제일정형외과병원,Diffusion Weighted Imaging,자기공명영상촬영(MRI),,,,"250,000",,,,1회,,,
제일정형외과병원,C-T-L Spine MRI (C후추가),자기공명영상촬영(MRI),,,,"300,000",,,,1회,,,
제일정형외과병원,C-T-L Spine MRI (T후추가),자기공명영상촬영(MRI),,,,"250,000",,,,1회,,,
제일정형외과병원,C-T-L Spine MRI (L후추가),자기공명영상촬영(MRI),,,,"250,000",,,,1회,,,
제일정형외과병원,조영제 사용 MRI(추가시),자기공명영상촬영(MRI),,,,"150,000",,,,1회,,,
제일정형외과병원,L-spine Coronal(T2 추가) MRI,자기공명영상촬영(MRI),,,,"100,000",,,,1회,,,
제일정형외과병원,L-spine T2+coronal MRI,자기공명영상촬영(MRI),,,,"390,000",,,,1회,,,
제일정형외과병원,HIP Coronal(추가시) MRI,자기공명영상촬영(MRI),,,,"150,000",,,,1회,,,
제일정형외과병원,L-spine MRI BOTH Oblique (추가시),자기공명영상촬영(MRI),,,,"100,000",,,,1회,,,
제일정형외과병원,Sagittal+Coronal (T2) MRI,자기공명영상촬영(MRI),,,,"250,000",,,,1회,,,
제일정형외과병원,T1 or T2 L-spine MRI,자기공명영상촬영(MRI),,,,"360,000",,,,1회,,,
제일정형외과병원,Knee MRI(+ACL view추가),자기공명영상촬영(MRI),,,,"590,000",,,,1회,,,
제일정형외과병원,shoulder coronal MRI,자기공명영상촬영(MRI),,,,"280,000",,,,1회,,,
제일정형외과병원,"Shoulder f/u, MRI",자기공명영상촬영(MRI),,,,"250,000",,,,1회,,,
제일정형외과병원,원장판독 및 저장관리료(외부MRI판독-부위불문),판독료,,,,"50,000",,,,1회,,,
제일정형외과병원,ABDOMEN,초음파(US),,,,"200,000",,,,1회,18.4.1.검진,,
제일정형외과병원,PELVIC,초음파(US),,,,"100,000",,,,1회,18.4.1.검진,,
제일정형외과병원,THYROID,초음파(US),,,,,"60,000","80,000",,1회,,,
제일정형외과병원,Carotid A,초음파(US),,,,"190,000",,,,1회,"수술 전 검사, 질환시",,
제일정형외과병원,CARDIAC ECHO(DOPPLER),초음파(US),,,,,"100,000","240,000",,1회,16.3.21변경,,
제일정형외과병원,MUSCULOSKELETAL,초음파(US),,,,,"50,000","100,000",,1회,,,
제일정형외과병원,LOWVASCULAR,초음파(US),,,,"190,000",,,,1회,"수술 전 검사, 질환시",,
제일정형외과병원,VARICOSE VEIN,,,,,"60,000",,,,1회,수술전 검사,,
제일정형외과병원,VARICOSE VEIN,,,,,"200,000",,,,1회,질환관련 단독,,
제일정형외과병원,Femoral sono,초음파(US),,,,"150,000",,,,1회,,,
제일정형외과병원,SHOULDER SONO,초음파(US),,,,"100,000",,,,1회,외래질환 관련 관절주사시,,
제일정형외과병원,SHOULDER SONO,초음파(US),,,,"200,000",,,,1회,Shoulder post op환자 f/u 및 진단시,,
제일정형외과병원,SHOULDER SONO,초음파(US),,,,"290,000",,,,1회,MRI적용안되는 질환 관련 검사/영상의학과 원장님,,
제일정형외과병원,shoulder / BPB sono,초음파(US),,,,"150,000",,,,1회,,,
제일정형외과병원,Cervical Sono,초음파(US),,,,"250,000",,,,1회,,,
제일정형외과병원,App-sono,초음파(US),,,,"100,000",,,,1회,,,
제일정형외과병원,TRAP/혈소판응집반응검사(TRAP)[교류저항혈소판응집],"출혈, 혈전 검사",,,,"35,000",,,BZ078,1회,,,
제일정형외과병원,IMAT/허혈성 변형 알부민 검사,일반화학검사,,,,"35,000",,,CZ246,1회,,,
제일정형외과병원,인플루엔자 A·B 바이러스항원검사 [현장검사],감염증 기타 검사,,,,"35,000",,,CZ394,1회,,,
제일정형외과병원,항CCP항체 [IgG](류미티스성 관절염 진단 검사),감염증 기타 검사,,,,"43,000",,,CZ432,1회,,,
제일정형외과병원,호모시스테인검사,"지질,영양 관련검사",,,,"40,000",,,CZ133,1회,,,
제일정형외과병원,동맥경화도검사(맥파전달속도측정),순환기 기능검사,,,,"45,000",,,EZ868,1회,,,
제일정형외과병원,골밀도검사(일반-건강검진용),,,,,"44,950",,,,1회,,,
제일정형외과병원,동적 족저압측정,"외피,근골기능검사",,,,"100,000",,,EZ777,1회,,,
제일정형외과병원,"동작분석 역동적근전도-경추,요추,사지","외피,근골기능검사",,,,"150,000",,,EZ773,1회,,,
제일정형외과병원,동작분석(생역학검사),"외피,근골기능검사",,,,"30,000",,,EZ774,1회,,,
제일정형외과병원,(외래)prolotherapy,물리치료료,,,,"70,000",,,MY143,,,,
제일정형외과병원,prolotherapy,물리치료료,,,,"800,000",,,MY143,부위당,1부위당 10만원 총 8부위,,
제일정형외과병원,"내시경 수면 관리료 (위, 대장 각각)",,,,,,"60,000",,,1회,위내시경시시,,
제일정형외과병원,"내시경 수면 관리료 (위, 대장 각각)",,,,,,"90,000",,,1회,대장내시경시,,
제일정형외과병원,내시경 수면 관리료 (위대장 동시),,,,,,"130,000","170,000",,1회,16.10.10 변경,,
제일정형외과병원,체외충격파치료,근골,,,,"100,000",,,,1회(1부위),,,
제일정형외과병원,도수치료,물리치료료,,,,,"50,000","150,000",MX122,1회,,,
제일정형외과병원,신장분사치료,물리치료료,,,,"50,000",,,MZ007,1회,,,
제일정형외과병원,Percutaneous Epidural Neuroplasty (카테터포함),경막외강 신경박리술 및 감압 신경성형술용,,,,"2,750,000",,,SZ634,1회,,,
제일정형외과병원,경피적경막외강내 풍선확장술(카테터포함),경막외강 신경박리술 및 감압 신경성형술용,,,,"2,840,000",,,SZ641,1회,ASAN-ZINEU F BALLOON CATHETER,,
제일정형외과병원,경피적경막외강내 풍선확장술(카테터포함),경막외강 신경박리술 및 감압 신경성형술용,,,,"4,000,000",,,SZ641,1회,SPINAUT-H CATHETER,,
제일정형외과병원,추간판내 고주파 열치료술(intra discal elrctrothermal therapy),경막외강 신경박리술 및 감압 신경성형술용,,,,"3,900,000",,,SZ083,1회,LDISQ CATHETER,,
제일정형외과병원,추간판내 고주파 열치료술(intra discal elrctrothermal therapy),경막외강 신경박리술 및 감압 신경성형술용,,,,"4,850,000",,,SZ083,1회,PENS II CATHETER,,
제일정형외과병원,내시경적 경막외강 신경근성형술,경막외강 신경박리술 및 감압 신경성형술용,,,,,"4,500,000","5,500,000",SZ631,1회,level 추가시,,
제일정형외과병원,CLO test[Urease Test],헬리코박터 검사,,,,"20,000",,,B4151,1회,,,
인본병원,복부-복부 초음파-간·담낭·담도·비장·췌장,,기본,,,,"100,000","100,000",SONO-05,,급여 인정기준 외 실시한 경우 비급여,,
인본병원,(비)SONO Hand/Finger (편측)-근골격,,기본,,,,"40,000","40,000",EB461B,,급여 인정기준 외 실시한 경우 비급여,,
인본병원,(비)SONO Foot/Toe (편측)-근골격,,기본,,,,"40,000","40,000",EB462B,,급여 인정기준 외 실시한 경우 비급여,,
인본병원,(비)SONO Elbow (편측)-근골격,,기본,,,,"50,000","50,000",EB463B,,급여 인정기준 외 실시한 경우 비급여,,
인본병원,(비)SONO Knee(편측)-근골격,,기본,,,,"50,000","50,000",EB464B,,급여 인정기준 외 실시한 경우 비급여,,
인본병원,(비)SONO Hip (편측)-근골격,,기본,,,,"60,000","60,000",EB465B,,급여 인정기준 외 실시한 경우 비급여,,
인본병원,(비)SONO Shoulder (편측)-근골격,,기본,,,,"60,000","60,000",EB466B,,급여 인정기준 외 실시한 경우 비급여,,
인본병원,(비)SONO Wrist (편측)-근골격,,기본,,,,"60,000","60,000",EB46EB,,급여 인정기준 외 실시한 경우 비급여,,
인본병원,(비)SONO Ankle(편측)-근골격,,기본,,,,"60,000","60,000",EB468B,,급여 인정기준 외 실시한 경우 비급여,,
인본병원,SONO-근골격(General),,기본,,,,"100,000","100,000",B-SN,,급여 인정기준 외 실시한 경우 비급여,,
인본병원,SONO(GUIDE),,기본,,,,"30,000","30,000",B--SN141,,급여 인정기준 외 실시한 경우 비급여,,
인본병원,(비)SONO-Soft Tissue,,기본,,,,"40,000","40,000",B-SN14,,급여 인정기준 외 실시한 경우 비급여,,
인본병원,(비)SONO Hand/Finger (편측)-근골격,,기본,,,,"40,000","40,000",Sono-07,,급여 인정기준 외 실시한 경우 비급여,,
인본병원,(비)SONO Foot/Toe (편측)-근골격,,기본,,,,"40,000","40,000",Sono-08,,급여 인정기준 외 실시한 경우 비급여,,
인본병원,(비)SONO Elbow (편측)-근골격,,기본,,,,"60,000","60,000",Sono-09,,급여 인정기준 외 실시한 경우 비급여,,
인본병원,(비)SONO Knee(편측)-근골격,,기본,,,,"60,000","60,000",Sono-10,,급여 인정기준 외 실시한 경우 비급여,,
인본병원,견관절-일반,,기본,,,,"200,000","400,000",HE115,,급여 인정기준 외 실시한 경우 비급여/ FULL-LIMIT 상이,,
인본병원,견관절-조영제 주입 전후 촬영 판독,,기본,,,,"500,000","500,000",HE215,,급여 인정기준 외 실시한 경우 비급여,,
인본병원,주관절-일반,,기본,,,,"200,000","400,000",HE116,,급여 인정기준 외 실시한 경우 비급여 / FULL-LIMIT 상이,,
인본병원,주관절-조영제 주입 전후 촬영판독,,기본,,,,"500,000","500,000",HE216,,급여 인정기준 외 실시한 경우 비급여,,
인본병원,수관절-일반,,기본,,,,"200,000","400,000",HE117,,급여 인정기준 외 실시한 경우 비급여/ FULL-LIMIT 상이,,
인본병원,수관절-조영제 주입 전후 촬영판독,,기본,,,,"500,000","500,000",HE217,,급여 인정기준 외 실시한 경우 비급여,,
인본병원,고관절-일반,,기본,,,,"200,000","400,000",HE118,,급여 인정기준 외 실시한 경우 비급여/ FULL-LIMIT 상이,,
인본병원,고관절-조영제 주입 전후 촬영판독,,기본,,,,"500,000","500,000",HE218,,급여 인정기준 외 실시한 경우 비급여,,
인본병원,슬관절-일반,,기본,,,,"200,000","400,000",HE120,,급여 인정기준 외 실시한 경우 비급여/ FULL-LIMIT 상이,,
인본병원,슬관절-조영제 주입 전후 촬영판독,,기본,,,,"500,000","500,000",HE220,,급여 인정기준 외 실시한 경우 비급여,,
인본병원,발목관절-일반,,기본,,,,"200,000","400,000",HE121,,급여 인정기준 외 실시한 경우 비급여/ FULL-LIMIT 상이,,
인본병원,발목관절-조영제 주입 전후 촬영판독,,기본,,,,"500,000","500,000",HE221,,급여 인정기준 외 실시한 경우 비급여,,
인본병원,관절외 상지-일반,,기본,,,,"250,000","400,000",HE122,,급여 인정기준 외 실시한 경우 비급여/ FULL-LIMIT 상이,,
인본병원,관절외 상지-조영제 주입 전후 촬영판독,,기본,,,,"500,000","500,000",HE222,,급여 인정기준 외 실시한 경우 비급여,,
인본병원,관절외 하지-일반,,기본,,,,"250,000","400,000",HE123,,급여 인정기준 외 실시한 경우 비급여/ FULL-LIMIT 상이,,
인본병원,관절외 하지-조영제 주입 전후 촬영판독,,기본,,,,"500,000","500,000",HE223,,급여 인정기준 외 실시한 경우 비급여,,
인본병원,뇌-일반,,기본,,,,"250,000","400,000",HE101,,급여 인정기준 외 실시한 경우 비급여/ FULL-LIMIT 상이,,
인본병원,뇌-조영제주입 전후 촬영판독,,기본,,,,"500,000","500,000",HE201,,급여 인정기준 외 실시한 경우 비급여,,
인본병원,경부-일반,,기본,,,,"200,000","400,000",HE108,,급여 인정기준 외 실시한 경우 비급여/ FULL-LIMIT 상이,,
인본병원,경부-조영제 주입 전후 촬영판독,,기본,,,,"500,000","500,000",HE208,,급여 인정기준 외 실시한 경우 비급여/타부위와 동시 검사시,,
인본병원,복부-일반,,기본,,,,"400,000","400,000",HE127,,급여 인정기준 외 실시한 경우 비급여,,
인본병원,복부-조영제 주입 전후 촬영판독,,기본,,,,"500,000","500,000",HE227,,급여 인정기준 외 실시한 경우 비급여,,
인본병원,골반-일반,,기본,,,,"200,000","400,000",HE128,,급여 인정기준 외 실시한 경우 비급여/ FULL-LIMIT 상이,,
인본병원,골반-조영제 주입 전후 촬영판독,,기본,,,,"500,000","500,000",HE228,,급여 인정기준 외 실시한 경우 비급여,,
인본병원,경추-일반,,기본,,,,"200,000","400,000",HE109,,급여 인정기준 외 실시한 경우 비급여/ 타부위와 동시 검사시/FULL-LIMIT 상이,,
인본병원,경추-조영제 주입 전후 촬영판독,,기본,,,,"300,000","500,000",HE209,,급여 인정기준 외 실시한 경우 비급여/ 인접부위와 동시 검사시,,
인본병원,흉추-일반,,기본,,,,"200,000","400,000",HE110,,급여 인정기준 외 실시한 경우 비급여/ 타부위와 동시 검사시/FULL-LIMIT 상이,,
인본병원,흉추-조영제 주입 전후 촬영판독,,기본,,,,"300,000","500,000",HE210,,급여 인정기준 외 실시한 경우 비급여/ 인접부위와 동시 검사시,,
인본병원,요천추-일반,,기본,,,,"200,000","400,000",HE111,,급여 인정기준 외 실시한 경우 비급여/ 타부위와 동시 검사시/FULL-LIMIT 상이,,
인본병원,요천추-조영제 주입전후 촬영판독,,기본,,,,"300,000","500,000",HE211,,급여 인정기준 외 실시한 경우 비급여/ 타부위와 동시 검사시/FULL-LIMIT 상이,,
인본병원,요천추-흉추동시 촬영,,기본,,,,"250,000","500,000",HE113,,급여 인정기준 외 실시한 경우 비급여/ 인접부위와 동시 검사시,,
인본병원,척추강-경추 흉추 요천추와동시촬영-일반,,기본,,,,"250,000","570,000",HE114,,급여 인정기준 외 실시한 경우 비급여/ 인접부위와 동시 검사시,,
인본병원,BRAIN MRI+MRA,,기본,,,,"500,000","500,000",HE162,,,,
인본병원,BRAIN MRI+MRA+CAROTID,,기본,,,,"700,000","700,000",-,,급여 인정기준 외 실시한 경우 비급여,,
인본병원,신장분사치료 II (LN),,기본,,,,"25,000","25,000",MZ007,,부위별 상이,,
인본병원,신장분사치료 II (LN-양측),,기본,,,,"35,000","35,000",MZ007,,,,
인본병원,신장분사치료 I,,기본,,,,"25,000","25,000",MZ007,,,,
인본병원,신장분사치료 II,,기본,,,,"40,000","50,000",MZ007-1,,부위별상이,,
인본병원,도수치료,,기본,,,,"10,000","130,000",MX122,,부위별 상이,,
인본병원,증식치료 (사지관절),,기본,,,,"30,000","200,000",MY142,,부위별 상이,,
인본병원,증식치료 (척추부위),,기본,,,,"30,000","200,000",MY143,,,,
인본병원,추간판내 고주파 열치료술,,기본,,,,"2,300,000","2,500,000",SZ083,,"부위별 상이 / 1 Level 추가시 500,000원 재료대포함",,
인본병원,요추부 경막외강 신경 풍선 확장술,,기본,,,,"2,500,000","2,500,000",SZ641,,재료대포함,,
인본병원,경피적 경막외강 신경성형술,,기본,,,,"1,700,000","1,700,000",SZ634,,재료대포함,,
인본병원,내시경적 경막외강 신경근성형술,,기본,,,,"3,300,000","3,300,000",SZ6311,,재료대포함,,
인본병원,ESWT 체외충격파 (양측),,기본,,,,"90,000","90,000",SZ084,,magnetic 상이/편측-양측상이,,
인본병원,ESWT 체외충격파 (LN-편측),,기본,,,,"70,000","70,000",SZ084,,magnetic 상이/편측-양측상이,,
인본병원,ESWT 체외충격파 (LN-양측),,기본,,,,"110,000","110,000",SZ084,,magnetic 상이/편측-양측상이,,
인본병원,ESWT 체외충격파 (1회),,기본,,,,"50,000","50,000",SZ084,,,,
인본병원,일반식대,,기본,,,,"5,000","5,000",-,,,,
인본병원,보호자식(1식당),,기본,,,,"5,000","5,000",-,,,,
인본병원,공기밥추가(보),,기본,,,,"1,000","1,000",-,,,,
인본병원,복부-비뇨기계 초음파-신장·부신·방광,,기본,,,,"100,000","100,000",SONO-06,,상동 / 편측·양측 상이,,
인본병원,Eleidin Liquoban,,기본,,,,"35,000","35,000",BM5000KI,,,,
인본병원,하이배리 3ml,,기본,,,,"700,000","700,000",BF0101VT,,,,
인본병원,Bonfuse 5CC(DBM),,기본,,,,"1,700,000","1,700,000",BC0101QT,,,,
인본병원,DEMIOS 1cc,,기본,,,,"500,000","500,000",BC0201KJ,,,,
인본병원,DEMIOS 0.5cc,,기본,,,,"300,000","300,000",BC0201KJ,,,,
인본병원,ADCON(유착방지제),,기본,,,,"700,000","700,000",BF0101AY,,,,
인본병원,DEMIOS 2.5CC(DBM),,기본,,,,"990,000","990,000",BC0102QT,,,,
인본병원,X-Stick DBM,,기본,,,,"600,000","600,000",BC0108ED,,,,
인본병원,Q block-C,,기본,,,,"500,000","500,000",BF0101WC,,,,
인본병원,KD Clamp(내향성모조증재료대),,기본,,,,"220,000","220,000",BC1301PE,,,,
인본병원,DIAM,,기본,,,,"2,800,000","2,800,000",BF0402AW,,,,
인본병원,Spinal Fxation Set & Rod,,기본,,,,"2,200,000","2,200,000",SP1,,,,
인본병원,Cage,,기본,,,,"500,000","1,200,000",ca1,,부위별상이,,
인본병원,MOBI-C(인공디스크),,기본,,,,"4,400,000","4,400,000",BF0001KV,,,,
인본병원,"Innoseal Chitosan, 3,4-Dihydroxyhydrocinnamic",,기본,,,,"200,000","200,000",BJ7001KU,,,,
인본병원,Megaderm Acellular Dermis,,기본,,,,"1,800,000","3,500,000",BTS01019,,규격별상이,,
인본병원,카티필(CartiFill),,기본,,,,"2,200,000","2,200,000",BM2621RA,,,,
인본병원,리옥셀피브릴,,기본,,,,"500,000","500,000",685900130,,,,
인본병원,CRETA(한시적비급여)재료,,기본,,,,"1,300,000","1,800,000",N0471B,,Level 추가시,,
인본병원,Theraform Sheet,,기본,,,,"250,000","250,000",BM5301QQ,,,,
인본병원,Zipline Surgical Skin Closure,,기본,,,,"200,000","210,000",BB3202XS,,규격별 상이,,
인본병원,미디픽스(D-KIT),,기본,,,,"2,300","2,500",BM5101EJ,,,,
인본병원,SURGISEAL(스킨본드),,기본,,,,"100,000","100,000",BB3005QB,,,,
인본병원,성우픽스아이브이(Sw Fix Iv),,기본,,,,"6,000","6,000",BJ1002BI,,,,
인본병원,Histoacryl(스킨본드),,기본,,,,"100,000","100,000",BB3001BP,,,,
인본병원,키네시오테이핑,,기본,,,,"10,000","30,000",BK7001LX,,규격별상이,,
인본병원,MOBI-C,,기본,,,,"4,000,000","4,000,000",BF0001KV,,,,
인본병원,Neo Skin-D,,기본,,,,"35,000","35,000",BM5000KU,,,,
인본병원,콜라템프(젠타큐),,기본,,,,"250,000","250,000",BM5302VT,,,,
인본병원,Eleidin Liquoban,,기본,,,,"100,000","100,000",BM5000KI,,,,
인본병원,슈어씰(SURESEAL-3.0cm*7.2cm),,기본,,,,"1,300","1,300",BM5001WZ,,,,
인본병원,리젠실,,기본,,,,"130,000","2,200,000",BM2601QQ,,용량별 상이,,
인본병원,Fine Pressure-A band,,기본,,,,"1,300","1,300",BM5048AM,,,,
인본병원,큐어젠,,기본,,,,"130,000","400,000",BM2601LN,,용량별 상이,,
인본병원,코반 1,,기본,,,,800,800,BK7101EA,,,,
인본병원,콜라쉴드,,기본,,,,"400,000","400,000",BM2601OP,,,,
인본병원,코반 2,,기본,,,,900,900,BK7102EA,,,,
인본병원,Steri Strip R1547,,기본,,,,"3,000","3,000",BM5003EM,,,,
인본병원,Steri Strip R1541,,기본,,,,"2,000","2,000",BM5002EM,,,,
인본병원,방수밴드(하이퍼스킨TR),,기본,,,,800,"1,800",BM5102SO,,규격별상이,,
인본병원,픽싱롤 2,,기본,,,,600,600,BM5103HF,,,,
인본병원,픽싱롤 4,,기본,,,,"1,000","1,000",BM5105HF,,,,
인본병원,픽싱롤6,,기본,,,,"1,400","1,400",BM5101HF,,,,
인본병원,네오드레싱(메딕스),,기본,,,,600,"1,500",BM5019HF,,규격별상이,,
인본병원,Sw-Sc Clip,,기본,,,,"15,000","15,000",BJ1004BX,,,,
인본병원,Plio Cotton,,기본,,,,25.000,"35,000",BK7000GS,,규격별 상이,,
인본병원,Lioquet,,기본,,,,"30,000","30,000",BK7001EV,,,,
인본병원,Drain clip,,기본,,,,"18,000","18,000",BJ1002XJ,,,,
인본병원,Peha-Haft (4cmX4M),,기본,,,,"6,500","6,500",BK7101DQ,,,,
인본병원,LMA Tube(3호/4호),,기본,,,,"80,000","80,000",BK4204QL,,,,
인본병원,RAPBAND,,기본,,,,"154,000","154,000",BK7000VW,,,,
인본병원,Nasal splint,,기본,,,,"5,000","5,000",-,,,,
인본병원,ROM Walker,,기본,,,,"280,000","280,000",BC1101VP,,,,
인본병원,새끼발가락교정기,,기본,,,,"20,000","20,000",-,,,,
인본병원,Everstep Ankle support,,기본,,,,"70,000","70,000",BV1201JK,,,,
인본병원,발가락교정기/무지외반증,,기본,,,,"15,000","15,000",-,,,,
인본병원,손목보호대 (검정),,기본,,,,"45,000","45,000",BC1201OC,,,,
인본병원,발목보호대,,기본,,,,"20,000","20,000",BC1216UZ,,,,
인본병원,테니스 엘보밴드,,기본,,,,"15,000","15,000",BC1214UZ,,,,
인본병원,Cast color shoes(석고신발),,기본,,,,"10,000","10,000",VM070,,,,
인본병원,Crutch(목발) 1쌍,,기본,,,,"15,000","15,000",20330,,,,
인본병원,Arm Sling(팔걸이),,기본,,,,"5,000","5,000",VM061,,,,
인본병원,Thumb,,기본,,,,"22,000","22,000",DRW1321,,,,
인본병원,Ultra Sling,,기본,,,,"160,000","160,000",20222,,,,
인본병원,무지외반증신발,,기본,,,,"40,000","40,000",-,,,,
인본병원,Knee Support(7M),,기본,,,,"70,000","70,000",20293,,,,
인본병원,Knee Immobilizer,,기본,,,,"120,000","120,000",-,,,,
인본병원,Mallet Finger,,기본,,,,"15,000","15,000",-,,,,
인본병원,TLSO,,기본,,,,"350,000","350,000",-,,,,
인본병원,코르셋 일반형,,기본,,,,"50,000","50,000",-,,,,
인본병원,Back brace,,기본,,,,"140,000","140,000",-,,,,
인본병원,깔창(insole),,기본,,,,"280,000","280,000",-,,,,
인본병원,Hip Support Brace,,기본,,,,"140,000","140,000",-,,,,
인본병원,토마스칼라,,기본,,,,"15,000","15,000",20242,,,,
인본병원,손목보호대(전 규격),,기본,,,,"15,000","15,000",BC1215UZ,,,,
인본병원,AIR WALKER,,기본,,,,"300,000","300,000",-,,,,
인본병원,Rib Band,,기본,,,,"40,000","40,000",-,,,,
인본병원,LSO,,기본,,,,"250,000","250,000",BC1216PS,,,,
인본병원,Knee Support Cover (무릎 아이스팩),,기본,,,,"60,000","60,000",BC1002RL,,,,
인본병원,Shoulder Support Cover (어깨 아이스팩),,기본,,,,"60,000","60,000",BC1206RL,,,,
인본병원,Ankle/Elbow/Hip Support Cover (아이스팩),,기본,,,,"60,000","60,000",BC1212RL,,,,
인본병원,중족골 실리콘 패드,,기본,,,,"22,000","22,000",-,,,,
인본병원,중족골 패드(양측),,기본,,,,"8,000","8,000",-,,,,
인본병원,Heel Cup,,기본,,,,"35,000","35,000",-,,,,
인본병원,PCL,,기본,,,,"250,000","250,000",BC1002VK,,,,
인본병원,무릎밴드,,기본,,,,"20,000","20,000",BC1001UZ,,,,
인본병원,ACL,,기본,,,,"250,000","250,000",BC1002VK,,,,
인본병원,평발용 깔창,,기본,,,,"48,000","48,000",-,,,,
인본병원,Silicone Insole(전장깔창)4M5C,,기본,,,,"45,000","45,000",-,,,,
인본병원,OP Shose,,기본,,,,"90,000","90,000",-,,,,
인본병원,"Gw-L1 플라스틱, 벨크로 등(Long arm)",,기본,,,,"220,000","220,000",BC1204XY,,,,
인본병원,TPS Insole,,기본,,,,"120,000","120,000",-,,,,
인본병원,Rigid Insole B.F.O,,기본,,,,"280,000","280,000",-,,,,
인본병원,Rigid Insole C.F.O,,기본,,,,"250,000","250,000",-,,,,
인본병원,MCL,,기본,,,,"150,000","150,000",BC1001PR,,,,
인본병원,Collar,,기본,,,,"200,000","200,000",BC1220RG,,,,
인본병원,밸포밴드(전 규격),,기본,,,,"19,000","19,000",-,,,,
인본병원,Tubing band-shoulder,,기본,,,,"22,000","22,000",-,,,,
인본병원,Tubing Band-knee/Neck,,기본,,,,"20,000","20,000",-,,,,
인본병원,Tubing Band - Ankle,,기본,,,,"17,000","17,000",-,,,,
인본병원,8자(쇄골)붕대,,기본,,,,"15,000","15,000",VM062,,,,
인본병원,교정 밸트,,기본,,,,"30,000","30,000",-,,,,
인본병원,프로그스프린트/(개구리형),,기본,,,,"10,000","10,000",BC1218PR,,,,
인본병원,디티부스터에스에스아이주(파상풍),,기본,,,,"30,000","30,000",673100040,,,,
인본병원,플로실헤모스태틱메트릭스[지혈제],,기본,,,,"900,000","900,000",646601400,,,,
인본병원,영양제(데카민주)/5M,,기본,,,,"50,000","50,000",645101170,,,,
인본병원,글루콜린에스주(해독제),,기본,,,,"35,000","35,000",626300010,,,,
인본병원,S멀티블루5주+뉴트리헥스주(1회/8M),,기본,,,,"80,000","80,000",655604320,,,,
인본병원,액상하이랙스주 1.3ml,,기본,,,,"200,000","200,000",654802210,,,,
인본병원,액상하이랙스주 1ml,,기본,,,,"70,000","70,000",654802040,,,,
인본병원,구치온주,,기본,,,,"50,000","50,000",653102780,,,,
