,Unnamed: 0,hspt_name,url,depth,text,date
0,0,연세사랑병원,http://www.yonserang.com/template/etc/non_pay_guide.php,1,연세사랑병원/비급여진료비이용안내,200320
1,1,연세건우병원,http://www.healthyfriend.co.kr/introduce/be,1,연세건우병원/-비급여,200320
2,2,바른세상병원,https://www.barunsesang.co.kr/guide/unlnsuraList.php,1,바른세상병원/비급여 진료비안내,200320
3,3,나누리수원병원,http://sw.nanoori.co.kr/policy/policy4,1,나누리수원병원/비급여진료비조회,200320
4,4,안산21세기병원,http://www.ansan21.com/guide/article/index.php,1,안산21세기병원/비급여항목,200320
5,5,뿌리병원,http://www.ppuricj.co.kr/info/info05.html,1,뿌리병원/비급여 안내,200320
6,6,연세본사랑병원(舊.연세사랑병원),http://www.bucheon-yonserang.com/template/etc/non_pay_guide.php,1,연세본사랑병원(舊.연세사랑병원)/비급여진료비이용안내,200320
7,7,바로병원,http://www.baro119.co.kr/bbs/board.php?bo_table=medical3,1,바로병원/비급여항목,200320
8,8,달려라병원,http://www.hospitalrun.co.kr/rule/no-insure,1,달려라병원/비급여고지,200320
9,9,의료법인 토마스의료재단 윌스기념병원,https://anyspine.co.kr/hosp/hosp05.html,1,의료법인 토마스의료재단 윌스기념병원/비급여 진료비 안내,200320
10,10,에이스병원,http://www.acehospital.co.kr/yes/non_list.php,1,에이스병원/비급여,200320
11,11,최경진정형외과의원,http://www.foothospital.co.kr/content/content.asp?FolderName=sub05&filename=sub05_07,1,최경진정형외과의원/비급여항목 현황표,200320
12,12,최경진정형외과의원,http://www.foothospital.co.kr/Module/MBoard/MBoard.asp?Gubun=1&Srno=157990&PState=View,1,최경진정형외과의원/비급여 안내,200320
13,13,부산본병원,http://www.bonhospital.co.kr/notice/nonpay/index.jsp,1,부산본병원/비급여안내,200320
14,14,강남베드로병원,http://www.goodspine.org/content/content.asp?FolderName=community&fileName=community_08,1,강남베드로병원/비급여 내역,200320
15,15,예손병원,https://www.yesonhospital.com/page.php?pageIndex=120108,1,예손병원/비급여안내,200320
16,16,메트로병원,http://www.metrohosp.com/sub01/0701.php,1,메트로병원/비급여진료수가고지,200320
17,17,강북연세병원,http://www.ysloves.com/template/etc/non_pay_guide.php,1,강북연세병원/비급여진료비이용안내,200320
18,18,의료법인 장산의료재단이춘택병원,http://www.lct.co.kr/sub02/sub0207.php,1,의료법인 장산의료재단이춘택병원/비급여안내,200320
19,19,국제나은병원,https://www.naeunhospital.com/bbs/board.php?bo_table=affc&p=foot&s=2,1,국제나은병원/비급여진료비 비용안내,200320
20,20,굿닥터튼튼병원,http://www.tntnhospital.com/sub/sub0504.php?category=행위료,1,굿닥터튼튼병원/비급여 안내,200320
21,21,고도일병원,https://www.godoil.com/guide/guide07.php,1,고도일병원/비급여현황,200320
22,22,예스병원,http://www.yespine.co.kr/guide/page05.html?cate1=1&cate2=1,1,예스병원/비급여 진료비 안내,200320
23,23,예스병원,http://www.yespine.co.kr/member/nonpay.html?cate1=1&cate2=1,1,예스병원/비급여진료비안내,200320
24,24,대한민국정형외과병원,http://xn--vb0bjir1m4wkq9m1kcz50bnkb.kr/?page_id=768,1,대한민국정형외과병원/비급여항목,200320
25,25,참포도나무병원,https://www.champodonamu.com/info/info04.php,1,참포도나무병원/비급여안내,200320
26,26,세흥병원,http://www.sehunghospital.co.kr/sub/treatment/treat05.php?menu=5,1,세흥병원/비급여진료비안내,200320
27,27,세흥병원,http://www.sehunghospital.co.kr/sub/treatment/treat05.html?menu=5,1,세흥병원/비급여진료비안내,200320
28,28,휴병원,http://www.hu-hospital.co.kr/kr/index.php?pCode=nopayitem,1,휴병원/비급여안내,200320
29,29,휴병원,http://www.hu-hospital.co.kr/kr/?pCode=nopayitem,1,휴병원/비급여안내,200320
30,30,안강병원,http://www.ahnkang.com/bbs/content.php?id=i02,1,안강병원/비급여항목,200320
31,31,더블유병원,http://www.w-hospital.co.kr/front/guide/index.php?sn=04,1,더블유병원/선택진료·비급여진료비 안내,200320
32,32,더블유병원,http://www.w-hospital.co.kr/front/guide/price.php?sn=04,1,더블유병원/비급여진료비 목록,200320
33,33,평택21세기병원,http://www.pyeongtaek21.com/page/1_7.php,1,평택21세기병원/비급여공지,200320
34,34,더열린병원,http://www.theopen-daegu.co.kr/doc/m_info4.php,1,더열린병원/비급여공지,200320
35,35,힘내라병원,https://www.himnaera.co.kr/info/info06.html,1,힘내라병원/비급여 진료비 고지,200320
36,36,한미병원,http://www.hanmihospital.com/index.php?mid=certificate,1,한미병원/증명서 발급/비급여 안내 ,200320
37,37,서울제이에스병원,http://www.seouljs.co.kr/default/info/sub_4.php,1,서울제이에스병원/비급여안내,200320
38,38,평촌우리병원,https://www.woorijoint.com/begupyeo.php,1,평촌우리병원/비급여진료비안내,200320
39,39,글로벌튼튼병원,http://www.djtntn.com/sub/sub2/sub_2_3.php,1,글로벌튼튼병원/비급여안내,200320
40,40,광명 새움병원,http://www.gmsaeum.com/bbs/board.php?bo_table=s0205,1,광명 새움병원/비급여항목리스트,200320
41,41,사회복지법인 여수애양병원,http://www.wlc.or.kr/content/content.asp?FolderName=clinic&filename=treat_info,1,사회복지법인 여수애양병원/비급여내역,200320
42,42,연세나무병원,http://www.yonseinamu.net/guide/guide_04.php,1,연세나무병원/비급여 안내,200320
43,43,척시원병원,http://www.conehs.co.kr/PayBoard/PayBoard.asp,1,척시원병원/비급여수가안내,200320
44,44,광주새우리병원,http://www.saewoori.com/sub03/sub0306-1.php,1,광주새우리병원/비급여수가안내,200320
45,45,우리병원,https://www.swoori.com/default/customer/sub8.php,1,우리병원/비급여파일,200320
46,46,바른마디병원,http://www.barunjoint.com/information/index.php,1,바른마디병원/비급여안내,200320
47,47,더드림병원,http://www.the-dreamhospital.com/bbs/board.php?bo_table=sub02_03,1,더드림병원/비급여안내,200320
48,48,안산튼튼병원,http://www.astntn.com/bbs/board.php?bo_table=sub02_06,1,안산튼튼병원/비급여 안내,200320
49,49,여수백병원,http://www.100hosp.co.kr/customer/price11.html?dep1=6&dep2=6-6,1,여수백병원/비급여고지,200320
50,50,여수백병원,http://www.100hosp.co.kr/customer/price11.html?dep1=6&dep2=6-7,1,여수백병원/비급여고지,200320
51,51,수성한미병원,http://www.hanmih.com/non_pay.php,1,수성한미병원/비급여목록표,200320
52,52,서울나우병원,https://www.nowmed.co.kr/hospital/html/expense?cate=01,1,서울나우병원/비급여 진료비 안내,200320
53,53,(本)본브릿지병원,http://www.bonbridgeos.com/jamsil/stepbystep/pay.html,1,(本)본브릿지병원/비급여수가목록,200320
54,54,박진영병원,http://www.jyphospital.com/member/nonpay.html,1,박진영병원/비급여안내,200320
55,55,보광병원,http://www.bkhosp.co.kr/bbs/guide_4.php,1,보광병원/제증명/비급여고지,200320
56,56,새나래병원,http://www.starhosp.co.kr/bbs/board.php?bo_table=nonpayment,1,새나래병원/비급여고지,200320
57,57,하이병원,http://www.hihospital.kr/bbs/board.php?bo_table=uninsured,1,하이병원/비급여 안내,200320
58,58,하이병원,http://www.hihospital.kr/content/?module=menu2.sub5,1,하이병원/비급여 안내,200320
59,59,서울바른세상병원,http://seoul.barunsesang.co.kr/index.php?idx=c5d12fb463a5ed/c5d143e385870a,1,서울바른세상병원/비급여 안내,200320
60,60,서울바른세상병원,http://seoul.barunsesang.co.kr/?idx=c5d12fb463a5ed/c5d143e385870a/c5da3c612a5afe,1,서울바른세상병원/비급여진료안내,200320
61,61,고든병원,http://m.godeun.co.kr/content/content.asp?FolderName=sub02&filename=sub02_04,1,고든병원/비급여진료안내,200320
62,62,대전센텀병원,http://www.djcentum.com/sub05/view/id/21,1,"대전센텀병원/
공지사항
비급여 진료비 고지
의료법 제45조 및 동법 시행규칙 제42조 2에 의거...
2018-11-15
",200320
63,63,세우리병원,http://www.sewoori.net/web/info/info_pay.html,1,세우리병원/ 비급여수가 안내,200320
64,64,의료법인 백천의료재단 바로본병원,http://barobone.kr/06_customer/customer04.html,1,의료법인 백천의료재단 바로본병원/비급여고시,200320
65,65,연세한강병원,http://www.healthjoint.co.kr/index.php/html/14,1,연세한강병원/비급여안내,200320
66,66,허리편한 병원,http://www.good-spine.co.kr/?page_id=13189,1,허리편한 병원/비급여안내,200320
67,67,메드렉스병원,http://www.medrex.kr/hospital/payment.php,1,메드렉스병원/비급여안내,200320
68,68,천안우리병원,http://www.spinewoori.com/bbs/board.php?bo_table=nopay,1,천안우리병원/비급여항목,200320
69,69,최원호병원,http://www.cwhhospital.com/%eb%b9%84%ea%b8%89%ec%97%ac%ed%95%ad%eb%aa%a9-%ec%9d%bc%ec%a0%95%ed%91%9c/,1,최원호병원/비급여항목,200320
70,70,효성시티병원,http://www.hshos.com/kr/index.php?pCode=nonpay,1,효성시티병원/비급여진료안내,200320
71,71,효성시티병원,http://www.hshos.com/kr/?pCode=nonpay,1,효성시티병원/비급여수가안내,200320
72,72,강남초이스정형외과병원,https://www.choicehospital.co.kr/guide/non-deductible.php,1,강남초이스정형외과병원/비급여안내,200320
73,73,프라임병원,https://disc21.co.kr/doc/02inform/inform6.php,1,프라임병원/비급여안내,200320
74,74,스마일본병원,http://www.smilebone.com/page/fee,1,스마일본병원/비급여안내,200320
75,75,남기세병원,http://www.namkise.co.kr/Front/Guide/NonHealth_L.asp,1,남기세병원/비급여안내,200320
76,76,남기세병원,http://www.namkise.co.kr/Front/Guide/NonHealth_L.asp?gMnu1=212&gMnu2=21206,1,남기세병원/비급여안내,200320
77,77,팔팔병원,https://88hospital.com/fee,1,팔팔병원/비급여진료비,200320
78,78,순천우리병원,http://www.scwoori.com/sub03/sub0306.php,1,순천우리병원/비급여수가안내,200320
79,79,연세무척나은병원,http://ysks.co.kr/home/homepage.php?homefile=sub_08_10.html,1,연세무척나은병원/비급여 안내,200320
80,80,강북우리들병원,http://www.gbwooridul.co.kr/bbs/board.php?bo_table=bu4,1,"강북우리들병원/
												비급여 진료내용											",200320
81,81,광혜병원,http://www.gwanghyehospital.com/new/02mguide/mguide09.htm,1,광혜병원/비급여수가안내,200320
82,82,양산제일병원,https://www.yangsancheilhospital.com/sub/payment_01.php,1,양산제일병원/비급여항목 진료비,200320
83,83,의료법인현암의료재단 우리들병원,http://busan.wooridul.co.kr/?page_id=5169,1,의료법인현암의료재단 우리들병원/비급여정보,200320
84,84,웰튼병원,https://wellton.co.kr/public/member/uninsured.php,1,웰튼병원/비급여항목,200320
85,85,참병원,http://www.chamhp.com/info3,1,참병원/비급여안내,200320
86,86,박원욱병원,http://www.parkspine.co.kr/bbs/content.php?co_id=sub04_03,1,박원욱병원/-비급여 안내,200320
87,87,박원욱병원,http://www.parkspine.co.kr/html/non-payment.php,1,박원욱병원/비급여 안내,200320
88,88,참바른병원,http://chambarun.kr/36,1,"참바른병원/
비급여안내

",200320
89,89,인본병원,http://www.inbone.kr/consult/unpaid/index.jsp,1,인본병원/비급여안내,200320
90,90,인본병원,http://www.inbone.kr/consult/unpaid2/index.jsp,1,인본병원/비급여안내,200320
91,91,의료법인 성지의료재단 성지병원,https://sjmedi.co.kr/bbs/board.php?bo_table=non_payment&wr_id=2,1,의료법인 성지의료재단 성지병원/비급여 안내,200320
92,92,성모윌병원,https://www.stmarywill.com/sub.php?sb_table=info_nonpayment,1,성모윌병원/비급여 안내,200320
93,93,진주세란병원,http://www.jjseran.co.kr/medical.php,1,진주세란병원/비급여진료비용고지,200320
94,94,서재곤링커병원,http://www.linkerhospital.com/document/info3,1,서재곤링커병원/비급여 진료비안내,200320
95,95,수병원,http://www.soo365.co.kr/withoutpay/,1,수병원/비급여안내,200320
96,96,척편한병원,http://www.cphh.co.kr/sub/sub01_11.php,1,척편한병원/비급여 수가 안내,200320
97,97,울들병원,http://www.wooldul.co.kr/guidance/guidance_05_01.php,1,울들병원/비급여안내,200320
98,98,의료법인성베드로병원,http://www.stpeters.co.kr/content/content.asp?FolderName=community&fileName=community_08,1,의료법인성베드로병원/비급여 내역,200320
99,99,케이에스병원,http://www.kshospital.net/content/content.asp?FolderName=sub02&filename=sub02_06,1,케이에스병원/비급여안내,200320
100,100,의료법인한마음의료재단 여수제일병원,http://www.jeilhp.com/Module/Uninsured/Uninsured.asp,1,의료법인한마음의료재단 여수제일병원/비급여항목,200320
101,101,새길병원,http://www.sae-gil.com/page.php?hid=비급여 항목 공지&pageIndex=110109,1,새길병원/비급여 항목 공지,200320
102,102,새길병원,http://www.sae-gil.com/page.php?hid=비급여 항목 공지,1,새길병원/- 비급여 항목 공지,200320
103,103,선한병원,http://www.shhospital.co.kr/020501,1,선한병원/비급여안내,200320
104,104,써지탑병원,http://www.surgetop.co.kr/page/page54,1,써지탑병원/비급여진료비,200320
105,105,써지탑병원,http://www.surgetop.co.kr/bbs_shop/read.htm?board_code=rwdboard&idx=832&cate_sub_idx=0,1,"써지탑병원/

									써지탑병원 비급여 고지 안내																										
2019-04-19 ",200320
106,106,의료법인명은의료재단 명은병원,http://www.myungeun.co.kr/Module/Uninsured/Uninsured.asp,1,의료법인명은의료재단 명은병원/비급여수가,200320
107,107,오케이병원,http://www.okayhospital.co.kr/home/homepage.php?homefile=s0605.html,1,오케이병원/비급여항목,200320
108,108,건누리병원,https://gunnoori.com/index.php?idx=info/ct_574b22fe4a19e,1,건누리병원/비급여안내,200320
109,109,일산이십일세기병원,http://www.ilsan21.com/page/1_7.php,1,일산이십일세기병원/비급여공지,200320
110,110,천안센텀정형외과신경외과병원,http://www.centum100.co.kr/non_payment/page02.php,1,천안센텀정형외과신경외과병원/비급여비용,200320
111,111,선수촌병원,http://www.sunsoochon.com/?page_mode=tab&depth=9&sub_depth=7,1,선수촌병원/비급여진료비,200320
112,112,솔병원,http://www.sol-hospital.co.kr/sub_02_05.html,1,솔병원/비급여 수가,200320
113,113,전주우리들병원,http://jeonju.wooridul.co.kr/?page_id=3247,1,전주우리들병원/비급여안내,200320
114,114,동래우리들병원,http://dongrae.wooridul.co.kr/?page_id=3986,1,동래우리들병원/비급여안내,200320
115,115,탄탄병원,http://www.tthp.co.kr/s0604,1,"탄탄병원/
         비급여 진료안내        ",200320
116,116,성모척관병원,http://www.spinejoint.co.kr/page_pbnO53,1,성모척관병원/비급여비용안내,200320
117,117,본병원,http://www.bonehospital.co.kr/document/payment,1,본병원/비급여항목 안내,200320
118,118,서울바른척도병원,http://www.chuckdo.com/medi/bigeubyeo1.htm,1,서울바른척도병원/비급여안내,200320
119,119,조인트힐병원,http://www.jointh.com/page/page86,1,조인트힐병원/비급여목록표,200320
120,120,우리척병원,http://www.woorichuck.net/_kor/designer/skin/02/05.asp,1,우리척병원/비급여안내,200320
121,121,연세프라임병원,http://primehospital.co.kr/52,1,"연세프라임병원/
비급여진료안내

",200320
122,122,한양류마디병원,http://hyrmd.or.kr/sub.asp?dept_code=1004006&bbs_form=5&bbs_id=sub4_6,1,"한양류마디병원/

					비급여항목회람
					
",200320
123,123,방병원,http://www.ysbang.net/kr/informationUse/unpaid.php,1,방병원/비급여목록,200320
124,124,오정본병원,http://www.ojbonhospital.co.kr/intro/non/index.jsp,1,오정본병원/비급여항목,200320
125,125,힘플러스병원,http://www.himplus.co.kr/Module/Uninsured/Uninsured.asp,1,힘플러스병원/비급여안내,200320
126,126,의료법인석경의료재단창원센텀병원,http://egoodh.co.kr/2014/index.php?midName=sogae&right=right9,1,의료법인석경의료재단창원센텀병원/비급여항목,200320
127,127,추새로병원,http://www.xn--2o2bo5f70ds3hlnj.com/member/nonpay.html,1,추새로병원/비급여안내,200320
128,128,가제트병원,http://www.gadgethosp.co.kr/user/board/lists/board_cd/payment,1,가제트병원/비급여항목,200320
129,129,인천연세병원,http://www.icys.kr/bbs/board4,1,인천연세병원/비급여수가표,200320
130,130,365병원,http://www.masan365.co.kr/bbs/content.php?co_id=c190225103037,1,365병원/비급여항목 안내,200320
131,131,광명21세기병원,http://www.gwangmyeong21.com/page/1_6.php,1,광명21세기병원/비급여공지,200320
132,132,단디병원,http://dandihos.com/html/?pCode=43,1,단디병원/비급여수가안내,200320
133,133,가자연세병원,http://goyshospital.com/page.html?url=sub0104,1,가자연세병원/비급여항목 안내,200320
134,134,심정병원,http://www.shimjeong.co.kr/uninsured/,1,심정병원/비급여항목,200320
135,135,더조은병원,https://www.joeun4u.com/information/unpaid.jsp,1,더조은병원/비급여안내,200320
136,136,연세광혜병원,http://www.ykspine.com/sub/menu/10492,1,연세광혜병원/비급여 안내,200320
137,137,의료법인 한성재단 S서울병원,http://www.s-seoul.com/pages.php?code=sub0206,1,의료법인 한성재단 S서울병원/비급여 진료비용,200320
138,138,사랑플러스병원,http://www.sarang-plus.com/docs/ssplus_notpayfree.pdf,1,사랑플러스병원/비급여항목,200320
139,139,의료법인 성지의료재단 제천성지병원,http://www.jcsjmedi.co.kr/bbs/board.php?bo_table=non_payment&wr_id=1,1,의료법인 성지의료재단 제천성지병원/비급여 안내,200320
140,140,어울림병원,http://www.oulimhospital.com/sub/sub0501.php,1,어울림병원/비급여진료비,200320
141,141,전주우리병원,http://www.jjwoori.co.kr/page/sub7_10,1,전주우리병원/비급여항목안내,200320
142,142,연세오케이정형외과의원,http://ysok.co.kr/bbs/board.php?bo_table=be,1,연세오케이정형외과의원/비급여,200320
143,143,진주본병원,http://www.bon4567.co.kr/sub.asp?bct=05&mct=06,1,진주본병원/비급여 진료비안내,200320
144,144,서울석병원,http://www.seoulseokhospital.com/info/info04.html,1,서울석병원/비급여 안내,200320
145,145,한사랑병원,http://www.hansarang7.com/expenses,1,한사랑병원/비급여진료비용,200320
146,146,서울우리병원,http://www.seoulwoori.net/infomation.html,1,서울우리병원/서류발급/비급여안내,200320
147,147,여수한국병원,http://www.yshankook.co.kr/Module/Uninsured/Uninsured.asp,1,여수한국병원/비급여안내,200320
148,148,의료법인 백산의료재단 K마디병원,https://www.kmadi.com/home/info/2092,1,의료법인 백산의료재단 K마디병원/비급여 항목,200320
149,149,척사랑병원,http://www.spinelove.com/etc/non-payment-item/,1,"척사랑병원/
비급여항목
척사랑병원 비급여 진료비용을 고지합니다.
",200320
150,150,세연마취통증의학과의원,http://www.pain119.co.kr/homepage.php?homefile=sub_01_12.html,1,세연마취통증의학과의원/비급여항목,200320
151,151,허리나은병원,http://www.ctlspine.co.kr/board/view.php?tid=124&sid=215&b_code=B_NOTICE&idx=9&category=0&search_category=&searchString=&gotopage=1,2,허리나은병원/비급여 수가표<2020.01.02> ,200320
152,152,허리나은병원,http://www.ctlspine.co.kr/content/view.php?tid=124&sid=215&b_code=B_NOTICE&idx=9&category=0&search_category=&searchString=&gotopage=1,2,허리나은병원/비급여 수가표<2020.01.02> ,200320
153,153,버팀병원,https://burteam.co.kr/osan/sub/information/s5,2,버팀병원/비급여진료안내,200320
154,154,버팀병원,https://burteam.co.kr/suwon/sub/information/s5,2,버팀병원/비급여진료안내,200320
155,155,메가병원,http://www.megahospital.co.kr/bbs/download.php?bo_table=n_03&wr_id=43&no=0,2,"메가병원/
비급여 고시대장 20191017.hwp
						 (73.0K)
					",200320
156,156,메가병원,http://www.megahospital.co.kr/bbs/download.php?bo_table=n_03&wr_id=42&no=0,2,"메가병원/
비급여 고시대장 20190911(1).hwp
						 (73.5K)
					",200320
157,157,메가병원,http://www.megahospital.co.kr/bbs/download.php?bo_table=n_03&wr_id=41&no=0,2,"메가병원/
비급여고시대장20190401.hwp
						 (73.0K)
					",200320
158,158,메가병원,http://www.megahospital.co.kr/bbs/download.php?bo_table=n_03&wr_id=40&no=0,2,"메가병원/
비급여고시대장20190307.hwp
						 (72.5K)
					",200320
159,159,메가병원,http://www.megahospital.co.kr/bbs/download.php?bo_table=n_03&wr_id=39&no=0,2,"메가병원/
비급여고시대장20190201.hwp
						 (72.0K)
					",200320
160,160,이지정형외과의원,http://www.egos.kr/Module/MBoard/MBoard.asp?Page=1&PageSize=10&Key=&Keyword=&Gubun=2&SearchCategory=&Divide=&Srno=97501&PState=View,2,이지정형외과의원/비급여목록표(변경),200320
161,161,이지정형외과의원,http://www.egos.kr/Module/MBoard/MBoard.asp?Page=1&PageSize=10&Key=&Keyword=&Gubun=2&SearchCategory=&Divide=&Srno=97500&PState=View,2,이지정형외과의원/비급여 목록표,200320
162,162,문동언마취통증의학과의원,http://www.mpainclinic.com/bbs/board.php?bo_table=notice&wr_id=21,2,"문동언마취통증의학과의원/
				[공지] 비급여 진료비 및 제증명 수수료 안내							",200320
163,163,의료법인바른병원,http://www.barun.or.kr/seoul/비급여안내/,2,의료법인바른병원/비급여안내,200320
164,164,의료법인바른병원,http://www.barun.or.kr/jinju/%EB%B9%84%EA%B8%89%EC%97%AC%EC%95%88%EB%82%B4/,2,의료법인바른병원/비급여안내,200320
165,165,동탄시티병원,http://www.dtcityhospital.com/default/m7/sub01.php?com_board_basic=read_form&com_board_idx=130&sub=01&&com_board_search_code=&com_board_search_value1=&com_board_search_value2=&com_board_page=&&com_board_id=1&&com_board_id=1,2,동탄시티병원/동탄시티병원 비급여 현황- 2020년 3월 1일 기준 - ,200320
166,166,동탄시티병원,http://www.dtcityhospital.com/default/m7/sub01.php?com_board_basic=read_form&com_board_idx=130&&com_board_search_code=&com_board_search_value1=&com_board_search_value2=&com_board_page=&&com_board_id=1&&com_board_id=1,2,동탄시티병원/동탄시티병원 비급여 현황- 2020년 3월 1일 기준 - ,200320
167,167,의료법인 우신향병원,http://www.wshmc.co.kr/sub/s0501.php?PHPSESSID=7141e0ab46880a831e2b46e3a08bb840,2,의료법인 우신향병원/비급여,200320
168,168,의료법인 우신향병원,http://www.wshmc.co.kr/sub/s0502.php?PHPSESSID=7141e0ab46880a831e2b46e3a08bb840,2,의료법인 우신향병원/비급여,200320
169,169,강서힘찬병원,https://www.himchanhospital.com/index.php/br/paylist/27/br_cd/3#a,1,비급여_수작업기입,200317
170,170,척탑병원,http://m.topspine.co.kr/sub5_2.html,1,비급여_수작업기입,200317
171,171,이지정형외과의원,http://www.egos.kr/Module/MBoard/MBoard.asp?Page=1&PageSize=10&Key=&Keyword=&Gubun=2&SearchCategory=&Divide=&Srno=97501&PState=View,1,비급여_수작업기입,200317
172,172,바른본병원,http://www.barunbone.co.kr/Skin/pay.html,1,비급여_수작업기입,200317
173,173,서울제일병원,https://www.cheilmc.co.kr/treat/infomation/infomation_09.jsp?key=&code=10,1,비급여_수작업기입,200317
174,174,JS노송병원,http://www.jsnohsong.com/bbs/board.php?bo_table=0211,1,비급여_수작업기입,200317
175,175,새움병원,http://www.saeumhospital.kr/TPL/TPLmon.html,1,비급여_수작업기입,200317
176,176,으뜸병원,http://thetop.kr/faq/%eb%b9%84%ea%b8%89%ec%97%ac-%ed%95%ad%eb%aa%a9%ec%9d%80-%ec%96%b4%eb%96%bb%ea%b2%8c-%eb%90%98%eb%82%98%ec%9a%94/,1,비급여_수작업기입,200317
177,177,굿병원,http://goodmc.mdy.co.kr/theme/basic/pages/non_deductible_list.php,1,비급여_수작업기입,200317
178,178,서울스타병원,http://www.hira.or.kr/re/diag/getNpayNotiCsuiSvcFom.do?yadmSbstKey=6meP7DgQFD4FHdxX,1,비급여_수작업기입,200317
180,180,참조은병원,http://www.chamhosp.co.kr/renewal/consultation/consultation08.php,1,비급여_수작업기입,200317
181,181,본병원,http://www.bonehospital.co.kr/document/payment,1,비급여_수작업기입,200317
182,182,연세견우정형외과의원,http://www.shoulderfriends.co.kr/fee,1,비급여_수작업기입,200317
184,184,목동힘찬병원,https://himchanhospital.com/index.php/br/paylist/27/br_cd/4#a,1,비급여_수작업기입,200317
185,185,의료법인 백산의료재단 K마디병원,https://www.kmadi.com/home/info/2092,1,비급여_수작업기입,200317
187,187,금메달 정형외과의원,http://www.goldmedalclinic.com/information/information_03.htm?num=3,1,비급여_수작업기입,200317
189,189,우리들병원,https://gangnam.wooridul.co.kr/?page_id=7301,1,비급여_수작업기입,200317
191,191,좋은아침병원,http://gmhosp.co.kr/?c=use&s=4,1,비급여_수작업기입,200323
192,192,(의)서봉의료재단 보강병원,http://www.bogang.co.kr/front/price.php,1,비급여_수작업기입,200317
194,194,우리척병원,http://www.woorichuck.net/_kor/developer/m_board/m_board.asp?tb_nm=tbl_notice&m_mode=view&pds_no=20150121104815932975904&PageNo=1&category=&req_year=&req_no=&req_ref=&req_step=&req_lev=,1,비급여_수작업기입,200317
197,197,순천하나병원,http://www.hira.or.kr/re/diag/getNpayNotiCsuiSvcFom.do?yadmSbstKey=S1o0ILQGAYFUB9Oy,1,비급여_수작업기입,200317
198,198,선정형외과의원,http://www.sunhosp.co.kr/TPL/popup_private_Nopay.html,1,비급여_수작업기입,200317
199,199,심정병원,http://www.shimjeong.co.kr/uninsured/,1,비급여_수작업기입,200317
200,200,조앤조병원,http://www.choncho.co.kr/Module/Uninsured/Uninsured.asp,1,비급여_수작업기입,200317
201,201,의료법인정애의료재단서울초이스병원,https://www.drchois.co.kr/uninsuralist1,1,비급여_수작업기입,200320
202,202,의료법인나누리의료재단나누리병원,http://www.nanoori.co.kr/gn/policy/policy4,1,비급여_수작업기입,200320
203,203,청라국제병원,http://www.jsjhospital.co.kr/cscenter/medical_info.php,1,비급여_수작업기입,200320
204,204,두발로정형외과의원,"http://www.dubalo.com/m/management/board_view.asp?db_name=TB_s6_1_notice&num=45&num2=45&page_num=1&sys=&sort_type_where_1=&sort_type_arrary_1=board_group%20desc,%20board_step%20asc&sort_type_arrary_2=&mode=&search_word=&search_select_part=",1,비급여_수작업기입,200320
205,205,공주현대병원,http://kjhd.co.kr/bbs/board.php?bo_table=unpaid&wr_id=1,1,비급여_수작업기입,200320
206,206,노원참튼튼병원,http://www.tntnhospital.co.kr/non_payment/nowon.html,1,비급여_수작업기입,200320
207,207,가톨릭병원,https://www.cmcseoul.or.kr/common.hospitalguide.non_payment.sp?p=1&s=10&q=%7B%22categoryCd%22%3A%22%22%2C%22itemName%22%3A%22%22%7D,1,비급여_수작업기입,200320
208,208,세계로병원,https://www.segyero365.com/cms/board.php?bo_table=page12,1,비급여_수작업기입,200320
209,209,참튼튼병원,http://www.tntnhospital.co.kr/non_payment/jangan.html,1,비급여_수작업기입,200320
210,210,활기찬병원,http://vivahospital.co.kr/wpage/comm/comm_06.php?bbs_no=1387&bbs_code=10001&bbs_cate=&sypage=&page=1&search=&keyword=&symode=view,1,비급여_수작업기입,200320
211,211,의료법인 상원의료재단 창원힘찬병원,https://himchanhospital.com/index.php/br/paylist/27/br_cd/8#a,1,비급여_수작업기입,200320
212,212,의료법인 상원의료재단 강북힘찬병원,https://himchanhospital.com/index.php/br/paylist/27/br_cd/2#a,1,비급여_수작업기입,200320
213,213,강남힘찬병원,https://www.himchanhospital.com/index.php/br/paylist/27/br_cd/1#a,1,비급여_수작업기입,200320
214,214,의료법인 상원의료재단 부산힘찬병원,https://himchanhospital.com/index.php/br/paylist/27/br_cd/7#a,1,비급여_수작업기입,200320
215,215,대찬병원,https://www.daechanhospital.com/board/list.php?code=cost,1,비급여_수작업기입,200320
216,216,굳센병원,http://www.goodssen.co.kr/doc/use06.php,1,비급여_수작업기입,200320
217,217,플러스병원,https://plushospital.com/html/popup_bigeupyu.html,1,비급여_수작업기입,200320
218,218,(의) 상원의료재단 인천힘찬병원,https://himchanhospital.com/index.php/br/paylist/27/br_cd/6#a,1,비급여_수작업기입,200320
219,219,인천마디병원,http://www.incheonmadi.com/sub/sub02_06.php,1,비급여_수작업기입,200320
220,220,의료법인고려의료재단부산고려병원,http://www.hira.or.kr/re/diag/getNpayNotiCsuiSvcFom.do?yadmSbstKey=os3aeInxAapLU8Az,1,비급여_수작업기입,200320
221,221,든든한병원,https://www.ddhhospital.com/doc/non_payment.php,1,비급여_수작업기입,200320
223,223,서울척척신경외과의원,http://chukchukns.com/4_3.php,1,비급여_수작업기입,200320
224,224,김찬병원,http://kimchan.kr/content/content.asp?FolderName=sub02&filename=sub02_0601,1,비급여_수작업기입,200320
225,225,오병원,http://www.ohhospital.co.kr/Module/Uninsured/Uninsured.asp,1,비급여_수작업기입,200320
226,226,the큰병원,http://ghgrandhospital.com/Module/Uninsured/Uninsured.asp,1,비급여_수작업기입,200320
227,227,부천21세기병원,http://www.bc21spine.co.kr/index.php?page=pay_list&file=list&mc=681,1,비급여_수작업기입,200320
228,228,의)상원의료재단부평힘찬병원,https://himchanhospital.com/index.php/br/paylist/27/br_cd/5#a,1,비급여_수작업기입,200320
229,229,연세다움병원,http://yshospital.net/notice/notice_v.asp?srno=1870259,1,비급여_수작업기입,200320
230,230,미래병원,http://www.miraehos.co.kr/05user/06.php,1,비급여_수작업기입,200320
231,231,스마튼병원,http://smartonhosp.co.kr/skin/mon/mon_01.html,1,비급여_수작업기입,200320
232,232,제주우리병원,http://xn--oy2bo1dt3lzdy2eoxb.kr/certifiedpage,1,비급여_수작업기입,200320
233,233,티케이정형외과의원,http://toptk.co.kr/info/nonpay.php,1,비급여_수작업기입,200320
234,234,바로선병원,http://www.barosun.net/index.php?page=html&mc=0507,1,비급여_수작업기입,200320
235,235,더(the)큰병원,http://www.grandhospital.com/Module/NopayBoard/NopayBoardUserList.asp,1,비급여_수작업기입,200320
236,236,서울척병원,https://www.seoulchuk.com/info/excluded/list.do,1,비급여_수작업기입,200320
237,237,세바른병원,http://bs.sebarun.com/006/005.php,1,비급여_수작업기입,200320
238,238,보광병원,http://www.hira.or.kr/re/diag/getNpayNotiCsuiSvcFom.do?yadmSbstKey=rFQDQJ7EMZPQJ7dL,1,비급여_수작업기입,200323
239,239,튼튼병원,http://www.djtntn.com/sub/sub2/sub_2_3.php,1,비급여_수작업기입,200326
241,241,일산하이병원,http://www.hihospital.kr/content/?module=menu2.sub5,1,비급여_수작업기입,200328
242,242,나누리병원,http://gn.nanoori.co.kr/policy/policy4,1,비급여_수작업기입,200329
243,243,부산센텀병원,https://www.centumhospital.com/sub06/nopay1.php,1,비급여_수작업기입,200330
244,244,대전우리병원,http://www.woorispine.com/default/,1,비급여_수작업기입,200331
245,245,무룹병원,http://www.muruphospital.com/fee/fee.html,1,비급여_수작업기입,200332
247,247,바른유병원,http://bareunyou.co.kr/,1,비급여_수작업기입,200334
248,248,굿모닝병원,http://www.gm-hospital.co.kr/clinic_08.html#tabs-1,1,비급여_수작업기입,200335
249,249,의료법인 신의료재단 김해삼승병원,http://www.ghsamsung.com/02_medicare/medicare_05.php,1,비급여_수작업기입,200336
250,250,의료법인 토마스의료재단 안양윌스기념병원,https://anyspine.co.kr/hosp/hosp05.html,1,비급여_수작업기입,200337
251,251,의료법인춘곡의료재단수성메트로병원,https://www.metro-suseong.co.kr/visitor/guide.php,1,비급여_수작업기입,200338
252,252,인천하이병원,http://hihospital.co.kr/bbs/board.php?bo_table=notice&wr_id=16,1,비급여_수작업기입,200339
253,253,생생병원,http://www.saengsaenghospital.com/01_operation_guide/06uninsured.php,1,비급여_수작업기입,200340
254,254,모두병원,http://www.moduhosp.co.kr/content/content.asp?FolderName=guide&filename=guide05,1,비급여_수작업기입,200341
255,255,강남병원,http://www.knmc.or.kr/board/bbs.list.php?B_GUBUN=A,1,비급여_수작업기입,200342
256,256,척병원,https://www.seoulchuk.com/info/excluded/list.do,1,비급여_수작업기입,200343
259,259,서울대정병원,http://sdjhospital.com/bbs/board.php?bo_table=info,1,비급여_수작업기입,200346
260,260,제일정형외과병원,http://www.cheilos.com/main/sub2.asp?subpage=module/unreview.html&cate=1&parent_idx=1,1,비급여_수작업기입,200347
261,261,척척병원,http://www.wisemanhospital.com/front/etc/non-sal-list/non-sal-list1,1,비급여_수작업기입,200348
264,264,바로세움병원,http://www.baroseumspine.com/,1,비급여_수작업기입,200351
267,267,첨단우리병원,http://www.woori-hospital.com/,1,비급여_수작업기입,200354
269,269,기둥병원,http://www.kidunghospital.net/guide/guide_06.asp,1,비급여_수작업기입,200356
272,272,서울바른병원(舊.바른병원),http://seoul.barunsesang.co.kr/?idx=c5d12fb463a5ed/c5d143e385870a/c5da3c612a5afe,1,비급여_수작업기입,200359
