,병원명,명칭,분류,소분류,중분류,중복컬럼_1,비용,최저비용,최고비용,코드,구분,특이사항,약제비포함여부,치료재료대포함여부
0,의료법인 나누리병원,이베니티주 프리필드시린지,,,약제,,,"700,000",,052300111,,2020.03.02.,○,○
1,의료법인 나누리병원,C-IDET 1Level+LDISQ-Cervical,,,수술,,,"2,500,000",,SZ083,,재료+행위료 포함,○,○
2,의료법인 나누리병원,FIMS(CT Guide)-기타+보톡스주,,,이학요법료,,,"380,000",,MZ001,,,○,Χ
3,의료법인 나누리병원,박티그라거즈15*20㎠(창상보호제),,,처치재료대,,,"7,000",,681800070,,2020.1.21.,Χ,Χ
4,의료법인 나누리병원,페린젝트주10ml(500mg),,,약제,,,"250,000",,644913140,,2020.1.15.,○,Χ
5,the큰병원,1인실(특실)입원료(비급여),상급병실료 차액,,,,"200,000",,,ABZ010001,1인실,일반병동,,
6,the큰병원,1인실(특실)입원료 간호간병통합(비급여),상급병실료 차액,,,,"200,000",,,ABZ010001,2인실,간호간통합병동,,
7,the큰병원,인플루엔자 A·B 바이러스항원검사 [현장검사],감염증 기타 검사,,,,"20,000",,,CZ3940000,,,,
8,the큰병원,항CCP항체[IgG]Anti CCP Ab,자가면역질환 검사,,,,"54,000",,,CZ432,,삭제예정(급여전환),,
9,the큰병원,DITI 전신,"외피,근골기능검사",,,,"200,000",,,EZ7760001,,,,
10,the큰병원,DITI 요천추부 & 하지,"외피,근골기능검사",,,,"150,000",,,EZ7760002,,,,
11,the큰병원,DITI 흉추부,"외피,근골기능검사",,,,"150,000",,,EZ7760002,,,,
12,the큰병원,DITI 경추부 & 상지,"외피,근골기능검사",,,,"150,000",,,EZ7760002,,,,
13,the큰병원,DITI(upper extremity),"외피,근골기능검사",,,,"70,000",,,EZ7760002,,,,
14,the큰병원,DITI(lower extremity),"외피,근골기능검사",,,,"70,000",,,EZ7760002,,,,
15,the큰병원,DITI 전신(review),"외피,근골기능검사",,,,"120,000",,,EZ776,,재촬영,,
16,the큰병원,DITI 요천추부 & 하지(review),"외피,근골기능검사",,,,"75,000",,,EZ776,,재촬영,,
17,the큰병원,DITI 흉추부(review),"외피,근골기능검사",,,,"75,000",,,EZ776,,재촬영,,
18,the큰병원,DITI 경추부 & 상지(review),"외피,근골기능검사",,,,"75,000",,,EZ776,,재촬영,,
19,the큰병원,Thyroid & parathyroid USG,초음파검사료,,,,"70,000",,,EB4140000,,,,
20,the큰병원,흉부-유방.액와부 제외한 흉부 초음파(US of rib),초음파검사료,,,,"70,000",,,EB4220000,,,,
21,the큰병원,Echo cardiac,초음파검사료,,,,"200,000",,,EB4310000,,,,
22,the큰병원,Extremity Joint USG(one side)-Hand,초음파검사료,,,,"60,000",,,EB4610000,,,,
23,the큰병원,Extremity Joint USG(one side)-Foot,초음파검사료,,,,"60,000",,,EB4620000,,,,
24,the큰병원,Extremity Joint USG(one side)-Elbow,초음파검사료,,,,"60,000",,,EB4630000,,,,
25,the큰병원,Extremity Joint USG(one side)-Knee,초음파검사료,,,,"60,000",,,EB4640000,,,,
26,the큰병원,Extremity Joint USG(one side)-Hip,초음파검사료,,,,"60,000",,,EB4650000,,,,
27,the큰병원,Extremity Joint USG(one side)-Shoulder,초음파검사료,,,,"60,000",,,EB4660000,,,,
28,the큰병원,Extremity Joint USG(one side)-Wrist,초음파검사료,,,,"60,000",,,EB4670000,,,,
29,the큰병원,Extremity Joint USG(one side)-Ankle,초음파검사료,,,,"60,000",,,EB4680000,,,,
30,the큰병원,Soft Tissue USG,초음파검사료,,,,"60,000",,,EB4700000,,,,
31,the큰병원,Doppler(Carotid Artery),초음파검사료,,,,"200,000",,,EB4820000,,,,
32,the큰병원,Doppler(DVT evaluation)(both),초음파검사료,,,,"200,000",,,EB4860000,,양측,,
33,the큰병원,Doppler(DVT evaluation)(both)외래,초음파검사료,,,,"130,000",,,EB486,,"양측, 내과 review",,
34,the큰병원,"Extremity Joint USG(Both) Shoulder,Hip,Knee,Elbow,Wrist,Ankle",초음파검사료,,,,"90,000",,,,,양측,,
35,the큰병원,"Extremity Joint USG(both) Hand,Foot",초음파검사료,,,,"90,000",,,,,양측,,
36,the큰병원,Brain MRI,뇌,,,,"450,000",,,HI101,,"검진목적, 판독료 포함",,
37,the큰병원,Brain MRI(contrast),뇌,,,,"550,000",,,HI201,,"약제비(조영제): 도타렘주 15ml, 급여기준이외 검진목적, 판독료 포함",0,
38,the큰병원,Sella MRI(Contrast),뇌,,,,"550,000",,,HI201,,"약제비(조영제): 도타렘주 15ml, 급여기준이외 검진목적, 판독료 포함",0,
39,the큰병원,Brain-MRA,혈관-뇌혈관,,,,"450,000",,,HE135,,"급여기준이외 검진목적, 판독료 포함",,
40,the큰병원,B-MRI & MRA,"뇌, 혈관-뇌혈관",,,,"610,000",,,,,"급여기준이외 검진목적, 판독료 포함",,
41,the큰병원,Brain[contrast]MRI & B-MRA,"뇌, 혈관-뇌혈관",,,,"710,000",,,,,"약제비(조영제): 도타렘주 15ml, 급여기준이외 검진목적, 판독료 포함",0,
42,the큰병원,C-spine MRI,척추-경추,,,,"440,000",,,HE1090000,,,,
43,the큰병원,C-spine MRI & Enhancement,척추-경추,,,,"540,000",,,HE2090000,,약제비(조영제): 도타렘주 15ml,0,
44,the큰병원,T-spine MRI,척추-흉추,,,,"440,000",,,HE1100000,,,,
45,the큰병원,T-spine MRI & Enhancement,척추-흉추,,,,"540,000",,,HE2100000,,약제비(조영제): 도타렘주 15ml,0,
46,the큰병원,T-L spine Juntion MRI & Enhancement,척추-흉추,,,,"540,000",,,HE2100000,,"요추 상위 LEVEL이 보이게 촬영, 약제비(조영제): 도타렘주 15ml",0,
47,the큰병원,L-spine MRI,척추-요천추,,,,"440,000",,,HE1110000,,,,
48,the큰병원,L-spine MRI & Enhancement,척추-요천추,,,,"540,000",,,HE2110000,,약제비(조영제): 도타렘주 15ml,0,
49,the큰병원,C-spine MR myelogram,척추-척추강,,,,"390,000",,,HE1120000,,,,
50,the큰병원,T-spine MR myelogram,척추-척추강,,,,"390,000",,,HE1120000,,,,
51,the큰병원,L-spine MR Myelogram,척추-척추강,,,,"390,000",,,HE1120000,,,,
52,the큰병원,T-L Spine Junction MRI,척추-흉추,,,,"440,000",,,HE1100000,,요추 상위 LEVEL이 보이게 촬영,,
53,the큰병원,C-spine MRI & C-T-L,척추,,,,"540,000",,,,,,,
54,the큰병원,T-spine MRI & C-T-L,척추,,,,"540,000",,,,,,,
55,the큰병원,L-spine MRI & C-T-L,척추,,,,"540,000",,,,,,,
56,the큰병원,T-L Junction MRI & C-T-L,척추,,,,"540,000",,,,,요추 상위 LEVEL이 보이게 촬영,,
57,the큰병원,C-Spine Array 2 Series (T2-Sagittal & Axial),척추-경추,,,,"390,000",,,HE109,,재촬영,,
58,the큰병원,T-Spine Array 2 Series (T2-Sagittal & Axial),척추-흉추,,,,"390,000",,,HE110,,재촬영,,
59,the큰병원,L-Spine Array 2 Series (T2-Sagittal & Axial),척추-요천추,,,,"390,000",,,HE111,,재촬영,,
60,the큰병원,Cervical-Foraminal MRI 2series,척추-경추,,,,"200,000",,,HE109,,추가 촬영,,
61,the큰병원,Lumbar-Foraminal MRI 2series,척추-요천추,,,,"200,000",,,HE111,,추가 촬영,,
62,the큰병원,C-spine MRI & C-T-L & Enhancement,척추,,,,"640,000",,,,,약제비(조영제): 도타렘주 15ml,0,
63,the큰병원,T-spine MRI &  C-T-L & Enhancement,척추,,,,"640,000",,,,,약제비(조영제): 도타렘주 15ml,0,
64,the큰병원,L-spine MRI & C-T-L & Enhancement,척추,,,,"640,000",,,,,약제비(조영제): 도타렘주 15ml,0,
65,the큰병원,T-L spine Juntion MRI & C-T-L & Enhancement,척추,,,,"640,000",,,,,"요추 상위 LEVEL이 보이게 촬영, 약제비(조영제): 도타렘주 15ml",0,
66,the큰병원,T-Lumbosacral spine MRI 동시촬영(추가),척추-흉추와 요천추를 동시촬영,,,,"150,000",,,HE113,,추가 촬영,,
67,the큰병원,C-T-L(동시촬영),척추-흉추와 요천추를 동시촬영,,,,"100,000",,,HE113,,다른 MRI와 동시촬영,,
68,the큰병원,C-T-L 추가(15),척추-흉추와 요천추를 동시촬영,,,,"150,000",,,HE113,,추가 촬영,,
69,the큰병원,L-MRI후(조영제추가촬영),척추-요천추,,,,"100,000",,,HE211,,약제비(조영제): 도타렘주 15ml,0,
70,the큰병원,T-MRI후(조영제추가촬영),척추-흉추,,,,"100,000",,,HE210,,약제비(조영제): 도타렘주 15ml,0,
71,the큰병원,C-MRI후(조영제추가촬영),척추-경추,,,,"100,000",,,HE209,,약제비(조영제): 도타렘주 15ml,0,
72,the큰병원,L-Pre OP MRI(CTL&M),척추,,,,"490,000",,,,,,,
73,the큰병원,T-Pre OP MRI(CTL&M),척추,,,,"490,000",,,,,,,
74,the큰병원,C-Pre OP MRI(CTL&M),척추,,,,"490,000",,,,,,,
75,the큰병원,RT. Shoulder MRI,근골격계-견관절,,,,"450,000",,,HE1150000,,,,
76,the큰병원,LT Shoulder MRI,근골격계-견관절,,,,"450,000",,,HE1150000,,,,
77,the큰병원,RT Shoulder MRI[contrast],근골격계-견관절,,,,"550,000",,,HE2150000,,약제비(조영제): 도타렘주 15ml,0,
78,the큰병원,LT Shoulder MRI[contrast],근골격계-견관절,,,,"550,000",,,HE2150000,,약제비(조영제): 도타렘주 15ml,0,
79,the큰병원,RT Elbow MRI,골격계-주관절,,,,"450,000",,,HE1160000,,,,
80,the큰병원,LT Elbow MRI,골격계-주관절,,,,"450,000",,,HE1160000,,,,
81,the큰병원,RT Elbow MRI[contrast],골격계-주관절,,,,"550,000",,,HE2160000,,약제비(조영제): 도타렘주 15ml,0,
82,the큰병원,LT Elbow MRI[contrast],골격계-주관절,,,,"550,000",,,HE2160000,,약제비(조영제): 도타렘주 15ml,0,
83,the큰병원,RT Wrist MRI,근골격계-손목관절,,,,"450,000",,,HE1170000,,,,
84,the큰병원,LT Wrist MRI,근골격계-손목관절,,,,"450,000",,,HE1170000,,,,
85,the큰병원,RT Wrist MRI[contrast],근골격계-손목관절,,,,"550,000",,,HE2170000,,약제비(조영제): 도타렘주 15ml,0,
86,the큰병원,LT Wrist MRI[contrast],근골격계-손목관절,,,,"550,000",,,HE2170000,,약제비(조영제): 도타렘주 15ml,0,
87,the큰병원,RT Hip MRI,근골격계-고관절,,,,"450,000",,,HE1180000,,,,
88,the큰병원,Hip MRI(S),근골격계-고관절,,,,"450,000",,,HE1180000,,,,
89,the큰병원,Hip MRI,근골격계-고관절,,,,"450,000",,,HE1180000,,,,
90,the큰병원,Lt hip MRI,근골격계-고관절,,,,"450,000",,,HE1180000,,,,
91,the큰병원,Rt Hip MRI[contrast],근골격계-고관절,,,,"550,000",,,HE2180000,,약제비(조영제): 도타렘주 15ml,0,
92,the큰병원,LT Hip MRI[contrast],근골격계-고관절,,,,"550,000",,,HE2180000,,약제비(조영제): 도타렘주 15ml,0,
93,the큰병원,Hip MRI[contrast],근골격계-고관절,,,,"550,000",,,HE2180000,,약제비(조영제): 도타렘주 15ml,0,
94,the큰병원,RT Knee MRI,근골격계-무릎관절,,,,"450,000",,,HE1200000,,,,
95,the큰병원,LT Knee MRI,근골격계-무릎관절,,,,"450,000",,,HE1200000,,,,
96,the큰병원,RT Knee MRI[contrast],근골격계-무릎관절,,,,"550,000",,,HE2200000,,약제비(조영제): 도타렘주 15ml,0,
97,the큰병원,LT Knee MRI[contrast],근골격계-무릎관절,,,,"550,000",,,HE2200000,,약제비(조영제): 도타렘주 15ml,0,
98,the큰병원,RT Ankle MRI,근골격계-발목관절,,,,"450,000",,,HE1210000,,,,
99,the큰병원,LT Ankle MRI,근골격계-발목관절,,,,"450,000",,,HE1210000,,,,
100,the큰병원,RT Ankle MRI[contrast],근골격계-발목관절,,,,"550,000",,,HE2210000,,약제비(조영제): 도타렘주 15ml,0,
101,the큰병원,LT Ankle MRI[contrast],근골격계-발목관절,,,,"550,000",,,HE2210000,,약제비(조영제): 도타렘주 15ml,0,
102,the큰병원,Upper extremity MRI(RT),"근골격계-관절, 관절외 상지",,,,"450,000",,,HE1220000,,,,
103,the큰병원,Upper extremity MRI(LT),"근골격계-관절, 관절외 상지",,,,"450,000",,,HE1220000,,,,
104,the큰병원,RT.Hand MRI,근골격계-관절외 상지,,,,"450,000",,,HE1220000,,,,
105,the큰병원,LT.Hand MRI,근골격계-관절외 상지,,,,"450,000",,,HE1220000,,,,
106,the큰병원,Rt forearm MRI,근골격계-관절외 상지,,,,"450,000",,,HE1220000,,,,
107,the큰병원,Lt forearm MRI,근골격계-관절외 상지,,,,"450,000",,,HE1220000,,,,
108,the큰병원,RT Upper extremity MRI[contrast],"근골격계-관절, 관절외 상지",,,,"550,000",,,HE2220000,,약제비(조영제): 도타렘주 15ml,0,
109,the큰병원,LT Upper extremity MRI[contrast],"근골격계-관절, 관절외 상지",,,,"550,000",,,HE2220000,,약제비(조영제): 도타렘주 15ml,0,
110,the큰병원,RT.Hand MRI[contrast],근골격계-관절외 상지,,,,"550,000",,,HE2220000,,약제비(조영제): 도타렘주 15ml,0,
111,the큰병원,LT.Hand MRI[contrast],근골격계-관절외 상지,,,,"550,000",,,HE2220000,,약제비(조영제): 도타렘주 15ml,0,
112,the큰병원,Rt forearm MRI[contrast],근골격계-관절외 상지,,,,"550,000",,,HE2220000,,약제비(조영제): 도타렘주 15ml,0,
113,the큰병원,Lt forearm MRI[contrast],근골격계-관절외 상지,,,,"550,000",,,HE2220000,,약제비(조영제): 도타렘주 15ml,0,
114,the큰병원,RT Foot MRI,근골격계-관절외 하지,,,,"450,000",,,HE1230000,,,,
115,the큰병원,LT Foot MRI,근골격계-관절외 하지,,,,"450,000",,,HE1230000,,,,
116,the큰병원,RT Tibia MRI,근골격계-관절외 하지,,,,"450,000",,,HE1230000,,,,
117,the큰병원,LT Tibia MRI,근골격계-관절외 하지,,,,"450,000",,,HE1230000,,,,
118,the큰병원,RT Thigh MRI,근골격계-관절외 하지,,,,"450,000",,,HE1230000,,,,
119,the큰병원,LT Thigh MRI,근골격계-관절외 하지,,,,"450,000",,,HE1230000,,,,
120,the큰병원,RT Foot MRI[contrast],근골격계-관절외 하지,,,,"550,000",,,HE2230000,,약제비(조영제): 도타렘주 15ml,0,
121,the큰병원,LT Foot MRI[contrast],근골격계-관절외 하지,,,,"550,000",,,HE2230000,,약제비(조영제): 도타렘주 15ml,0,
122,the큰병원,RT Tibia MRI[contrast],근골격계-관절외 하지,,,,"550,000",,,HE2230000,,약제비(조영제): 도타렘주 15ml,0,
123,the큰병원,LT tibia MRI[contrast],근골격계-관절외 하지,,,,"550,000",,,HE2230000,,약제비(조영제): 도타렘주 15ml,0,
124,the큰병원,RT Thigh MRI(contrast),근골격계-관절외 하지,,,,"550,000",,,HE2230000,,약제비(조영제): 도타렘주 15ml,0,
125,the큰병원,LT Thigh MRI(contrast),근골격계-관절외 하지,,,,"550,000",,,HE2230000,,약제비(조영제): 도타렘주 15ml,0,
126,the큰병원,Rt shoulder MRI(Arthrogram),근골격계-견관절,,,,"550,000",,,,,약제비(조영제): 클라리스캔주,0,
127,the큰병원,Lt shoulder MRI(Arthrogram),근골격계-견관절,,,,"550,000",,,,,약제비(조영제): 클라리스캔주,0,
128,the큰병원,Rt shoulder  Array,근골격계-견관절,,,,"300,000",,,HE115,,재촬영,,
129,the큰병원,Lt shoulder  Array,근골격계-견관절,,,,"300,000",,,HE115,,재촬영,,
130,the큰병원,Rt Elbow Array,골격계-주관절,,,,"300,000",,,HE116,,재촬영,,
131,the큰병원,Lt Elbow Array,골격계-주관절,,,,"300,000",,,HE116,,재촬영,,
132,the큰병원,Rt wrist array,근골격계-손목관절,,,,"300,000",,,HE117,,재촬영,,
133,the큰병원,Lt wrist array,근골격계-손목관절,,,,"300,000",,,HE117,,재촬영,,
134,the큰병원,Rt hand array,근골격계-관절외 상지,,,,"300,000",,,HE122,,재촬영,,
135,the큰병원,Lt hand array,근골격계-관절외 상지,,,,"300,000",,,HE122,,재촬영,,
136,the큰병원,Upper Extremity MRI후(조영제추가촬영),"근골격계-관절,관절외 하지",,,,"100,000",,,,,"추가촬영, 약제비(조영제): 도타렘주 15ml",0,
137,the큰병원,Rt hip Array,근골격계-고관절,,,,"300,000",,,HE118,,재촬영,,
138,the큰병원,Lt hip Array,근골격계-고관절,,,,"300,000",,,HE118,,재촬영,,
139,the큰병원,Both hip Array,근골격계-고관절,,,,"300,000",,,HE118,,재촬영,,
140,the큰병원,Rt knee Array,근골격계-무릎관절,,,,"300,000",,,HE120,,재촬영,,
141,the큰병원,Lt knee Array,근골격계-무릎관절,,,,"300,000",,,HE120,,재촬영,,
142,the큰병원,Rt Ankle Array,근골격계-발목관절,,,,"300,000",,,HE121,,재촬영,,
143,the큰병원,Lt Ankle Array,근골격계-발목관절,,,,"300,000",,,HE121,,재촬영,,
144,the큰병원,Rt Foot Array,근골격계-관절외 하지,,,,"300,000",,,HE123,,재촬영,,
145,the큰병원,Lt Foot Array,근골격계-관절외 하지,,,,"300,000",,,HE123,,재촬영,,
146,the큰병원,Rt Tibia Array,근골격계-관절외 하지,,,,"300,000",,,HE123,,재촬영,,
147,the큰병원,Lt Tibia Array,근골격계-관절외 하지,,,,"300,000",,,HE123,,재촬영,,
148,the큰병원,Lower Extremity MRI후(조영제추가촬영),"근골격계-관절,관절외 하지",,,,"100,000",,,,,"추가촬영, 약제비(조영제): 도타렘주 15ml",0,
149,the큰병원,외부MRI판독료,외부판독,,,,"15,000",,,,,,,
150,the큰병원,극저온 신장분사치료(2),이학요법료,,,,"20,000",,,MZ0070000,,한(혹은 좁은) 부위,,
151,the큰병원,극저온 신장분사치료(3),이학요법료,,,,"30,000",,,MZ0070000,,다발(혹은 넓은) 부위,,
152,the큰병원,도수치료(S),이학요법료,,,,"30,000",,,MX1220000,,15분,,
153,the큰병원,도수치료,이학요법료,,,,"60,000",,,MX1220000,,30분,,
154,the큰병원,도수치료 N,이학요법료,,,,"65,000",,,MX1220000,,"30분, 야간",,
155,the큰병원,IDET(LDISQ 1level),근골,,,,"2,200,000",,,SZ0830000,,치료재료: LDISQ,,0
156,the큰병원,IDET(LDISQ 2level),근골,,,,"2,500,000",,,SZ083,,치료재료: LDISQ,,0
157,the큰병원,PELAN(ANULOPLASTY/NUCLEOPLASTY),근골,,,,"2,500,000",,,SZ0830000,,치료재료: RF-CURER,,0
158,the큰병원,PELAN(ANULOPLASTY/NUCLEOPLASTY) 2부위,근골,,,,"2,800,000",,,SZ083,,치료재료: RF-CURER,,0
159,the큰병원,ESWT(S)체외충격파치료,근골,,,,"70,000",,,SZ0840000,,한(혹은 좁은)부위,,
160,the큰병원,체외충격파치료[근골격계질환],근골,,,,"90,000",,,SZ0840000,,다발(혹은 넓은)부위,,
161,the큰병원,ESWT(S)체외충격파치료 N,근골,,,,"75,000",,,SZ0840000,,"한(혹은 좁은)부위, 야간",,
162,the큰병원,내시경적 경막외강 신경근성형술(SELD),신경,,,,"2,200,000",,,SZ6310000,,치료재료: VIDEOGUIDED,,0
163,the큰병원,Percutaneous Epidural Neuroplasty(경피적 경막외강 신경성형술),신경,,,,"1,000,000",,,SZ6340000,,,,
164,the큰병원,공기밥 추가,입원환자 식대,,,,"1,000",,,,,보호자 식대,,
165,the큰병원,보호자식사 추가,입원환자 식대,,,,"5,000",,,,,보호자 식대,,
166,the큰병원,죽1그릇 추가,입원환자 식대,,,,"1,000",,,,,보호자 식대,,
167,the큰병원,공기밥1개+보호자식1개 추가,입원환자 식대,,,,"6,000",,,,,보호자 식대,,
168,the큰병원,공기밥1개+보호자식2개 추가,입원환자 식대,,,,"11,000",,,,,보호자 식대,,
169,the큰병원,공기밥 2개추가,입원환자 식대,,,,"2,000",,,,,보호자 식대,,
170,the큰병원,보호자식사 2개추가,입원환자 식대,,,,"10,000",,,,,보호자 식대,,
171,the큰병원,보호자식사 3개추가,입원환자 식대,,,,"15,000",,,,,보호자 식대,,
172,the큰병원,보호자죽 1개 추가,입원환자 식대,,,,"5,000",,,,,보호자 식대,,
173,the큰병원,이송료 10km이내 기본요금,기타,,,,"30,000",,,,,,,
174,the큰병원,이송료 10km초과 1km당 추가요금,기타,,,,"1,000",,,,,,,
175,the큰병원,이송료 부가요금(의료인 탑승비용),기타,,,,"15,000",,,,,,,
176,the큰병원,DEMIOS,인체조직유래 2차 가공뼈,,,,"950,000",,,BC0101KJ,DEMIOS 1cc,,,
177,the큰병원,GRAFTON DBM ORTHOBLEND,인체조직유래 2차 가공뼈,,,,"2,000,000",,,BC0111AW,GRAFTON DBM ORTHOBLEND 5cc,,,
178,the큰병원,BAND FIXTURE PLUS,압박고정용 SPLINT,,,,"70,000",,,BC1220IL,BAND FIXTURE PLUS-상지,,,
179,the큰병원,BAND FIXTURE PLUS,압박고정용 SPLINT,,,,"70,000",,,BC1220IL,BAND FIXTURE PLUS-하지,,,
180,the큰병원,OXIPLEX,척추경막외 유착방지제,,,,"1,170,000",,,BF0101PG,Oxiplex(유착방지제),,,
181,the큰병원,PRIMALOK SP INTERSPINOUS FUSION SYSTEM,척추극돌기간고정용,,,,"3,400,000",,,BF0401HP,PRIMALOK SP INTERSPINOUS FUSION SYSTEM,,,
182,the큰병원,성우픽스아이브이(SW FIX IV),배액관 고정용판,,,,"5,000",,,BJ1002BI,성우픽스아이브이(SW FIX IV),,,
183,the큰병원,ABEL EPIDURAL CATHETER,경막외강 신경박리술 및 감압 신경성형술용,,,,"600,000",,,BJ4801GZ,Abel Epidural Catheter system(경막외카테터),,,
184,the큰병원,FLEX-CAT R,경막외강 신경박리술 및 감압 신경성형술용,,,,"600,000",,,BJ4801LJ,FLEX-CAT R-요추,,,
185,the큰병원,압박용밴드,압박고정용 (탄력반창고),,,,"20,000",,,BK7000KR,압박용밴드 4인치,,,
186,the큰병원,압박용밴드,압박고정용 (탄력반창고),,,,"20,000",,,BK7000KR,압박용밴드 6인치,,,
187,the큰병원,COMFIFAST,압박고정용 (탄력반창고),,,,"1,100",,,BK7001GJ,스타키넷 3,,,
188,the큰병원,PEHA-HAFT,자착성(탄력)붕대,,,,250,,,BK7101DQ,PEHA-HAFT 10CM(4CM*4M),,,
189,the큰병원,3M COBAN SELF-ADHERENT WRAP,자착성(탄력)붕대,,,,"1,000",,,BK7101EA,"3M COBAN(1inch, 20CM)",,,
190,the큰병원,3M COBAN SELF-ADHERENT WRAP,자착성(탄력)붕대,,,,"1,000",,,BK7101EA,"3M COBAN(2inch, 20CM)",,,
191,the큰병원,3M COBAN SELF-ADHERENT WRAP,자착성(탄력)붕대,,,,"1,000",,,BK7101EA,"3M COBAN(3inch, 20CM)",,,
192,the큰병원,PEHA-HAFT,자착성(탄력)붕대,,,,200,,,BK7102DQ,PEHA-HAFT 10CM(6CM*6M),,,
193,the큰병원,수액세트,의약품주입여과기(5㎛),,,,"10,000",,,BM0301CV,FILTER IV SET,,,
194,the큰병원,BANDGOLD FILTER SYRINGE,의약품주입여과기(5㎛),,,,"1,500",,,BM1301BL,BANDGOLD FILTER SYRINGE 3cc,,,
195,the큰병원,BANDGOLD FILTER SYRINGE,의약품주입여과기(5㎛),,,,"1,500",,,BM1301BL,BANDGOLD FILTER SYRINGE 10cc,,,
196,the큰병원,GREEN MEDI EZI FILTER SYRINGE,의약품주입여과기(5㎛),,,,"1,500",,,BM1305VA,EZI FILTER SYRINGE 3cc,,,
197,the큰병원,GREEN MEDI EZI FILTER SYRINGE,의약품주입여과기(5㎛),,,,"1,500",,,BM1305VA,EZI FILTER SYRINGE 10cc,,,
198,the큰병원,엠픽스실리콘반창고,상처고정 및 보호용,,,,"40,000",,,BM2000MJ,엠픽스실리콘반창고(마취카테터 고정용),,,
199,the큰병원,MEDICLORE,척추경막외 유착방지제,,,,"350,000",,,BM2101QT,MEDICLORE,,,
200,the큰병원,안나밴드,합성거즈 드레싱류,,,,"1,500",,,BM5000BF,안나밴드,,,
201,the큰병원,SECUEX,합성거즈 드레싱류,,,,"3,000",,,BM5001GA,SECUEX(압박지혈),,,
202,the큰병원,OPSITE POST-OP,합성거즈 드레싱류,,,,"1,100",,,BM5013CD,OPSITE POST-OP(6.5cm*5cm),,,
203,the큰병원,OPSITE POST-OP,합성거즈 드레싱류,,,,"2,000",,,BM5013CD,OPSITE POST-OP(9.5cm*8.5cm),,,
204,the큰병원,OPSITE POST-OP,합성거즈 드레싱류,,,,"2,500",,,BM5013CD,OPSITE POST-OP(15.5cm*8.5cm),,,
205,the큰병원,네오드레싱,합성거즈 드레싱류,,,,"2,000",,,BM5019HF,네오드레싱(6*7),,,
206,the큰병원,네오드레싱,합성거즈 드레싱류,,,,"3,000",,,BM5019HF,네오드레싱(9*15),,,
207,the큰병원,"대한멸균드레싱밴드(에이,비)",합성거즈 드레싱류,,,,"1,500",,,BM5021AP,"대한멸균드레싱밴드(에이,비)(외래)",,,
208,the큰병원,"대한멸균드레싱밴드(에이,비)",합성거즈 드레싱류,,,,"1,500",,,BM5021AP,"대한멸균드레싱밴드(에이,비)(병동)",,,
209,the큰병원,씨에스소프트픽스,드레싱 고정류,,,,"10,000",,,BM5101UY,씨에스소프트픽스,,,
210,the큰병원,FIX ROLL,드레싱 고정류,,,,"1,000",,,BM5103CU,FIX ROLL 10cm×10cm(외래),,,
211,the큰병원,FIX ROLL,드레싱 고정류,,,,"1,000",,,BM5103CU,FIX ROLL 10cm×10cm(병동),,,
212,the큰병원,HYPAFIX,드레싱 고정류,,,,500,,,BM5109CD,HYPAFIX  5cm×10cm,,,
213,the큰병원,HYPAFIX,드레싱 고정류,,,,"1,000",,,BM5109CD,HYPAFIX  5cm×30cm,,,
214,the큰병원,HYPAFIX,드레싱 고정류,,,,"1,500",,,BM5109CD,HYPAFIX  5cm×50cm,,,
215,the큰병원,HYPAFIX,드레싱 고정류,,,,"1,000",,,BM5109CD,HYPAFIX  10cm×10cm,,,
216,the큰병원,HYPAFIX,드레싱 고정류,,,,"1,500",,,BM5109CD,HYPAFIX  10cm×30cm,,,
217,the큰병원,HYPAFIX,드레싱 고정류,,,,"2,000",,,BM5109CD,HYPAFIX  10cm×50cm,,,
218,the큰병원,,,,,,"2,634",,,,소변기,,,
219,the큰병원,,,,,,"3,640",,,,대변기,,,
220,the큰병원,,,,,,"15,950",,,,"환의(상하 소,특대)",,,
221,the큰병원,,,,,,"17,050",,,,환의(상하 특특대),,,
222,the큰병원,그린포비돈스틱스왑(포비돈요오드)(외래),,,,,"1,000",,,648300220,,,,
223,the큰병원,노바콜피브릴라0.5g,,,,,"600,000",,,697200140,,,,
224,the큰병원,뉴트리헥스주250ml,,,,,"43,000",,,645100110,,,,
225,the큰병원,대한멸균생리식염수110ml,,,,,"5,000",,,645104101,,,,
226,the큰병원,동화 후시딘 연고10g,,,,,"7,000",,,642703970,,,,
227,the큰병원,둘코락스에스장용정(비급여),,,,,400,,,652001030,,,,
228,the큰병원,마이드린캅셀,,,,,165,,,643601020,,,,
229,the큰병원,말린다주,,,,,"50,000",,,653102550,,,,
230,the큰병원,머슬린액(시트룰린말산염),,,,,"3,500",,,644913800,,,,
231,the큰병원,멀티비타주,,,,,"20,000",,,669906440,,,,
232,the큰병원,베아제정,,,,,230,,,641601460,,,,
233,the큰병원,비타민D3비오엔주,,,,,"45,000",,,641805170,,,,
234,the큰병원,성광포스틱스왑액(포비돈요오드),,,,,"1,000",,,657400270,,,,
235,the큰병원,아세트펜프리믹스주100ml(병동),,,,,"27,000",,,640007291,,,,
236,the큰병원,아큐판주사액(염산네포팜),,,,,"5,500",,,659900341,,,,
237,the큰병원,유박스비주(B형간염백신),,,,,"25,000",,,668900920,,,,
238,the큰병원,중외엔에스주사액110ml,,,,,"5,000",,,678900972,,,,
239,the큰병원,타우로린주사Taurolidine 2%250ml,,,,,"150,000",,,647801080,,,,
240,the큰병원,트레스탄캅셀,,,,,500,,,647802340,,,,
241,the큰병원,티어실원스외용액(원내-비보험),,,,,"15,000",,,643902120,,,,
242,the큰병원,파라케이주(아세트아미노펜)100ml,,,,,"27,000",,,671705511,,,,
243,the큰병원,페린젝트주 10ml(1m당 철로서 50mg),,,,,"240,000",,,644913140,,,,
244,the큰병원,페린젝트주 2ml(1m당 철로서 50mg),,,,,"80,000",,,644913130,,,,
245,the큰병원,푸르설타민주10ml,,,,,"20,000",,,681100221,,,,
246,the큰병원,플로실 헤모스태틱 매트릭스,,,,,"700,000",,,646601401,,,,
247,the큰병원,하이코민주사(히드록소코발라민),,,,,"15,000",,,670602631,,,,
248,the큰병원,한림덱스토민주(덱스메데토미딘염산염),,,,,"60,000",,,645305551,,,,
249,the큰병원,헥스틱스왑액,,,,,"1,000",,,657400910,,,,
250,the큰병원,히로라인주,,,,,"100,000",,,642304620,,,,
251,the큰병원,독감백신,,,,,"35,000",,,,,매년 코드 변경,,
252,the큰병원,일반진단서,,,,,"20,000",,,PDZ010000,일반진단서,,,
253,the큰병원,건강진단서,,,,,"20,000",,,PDZ010001,건강진단서,,,
254,the큰병원,근로능력평가용 진단서,,,,,"10,000",,,PDZ010002,근로능력평가용 진단서,,,
255,the큰병원,장애 정도 심사용 진단서(신체적 장애),,,,,"15,000",,,PDZ070001,장애정도 심사용진단서(동사무소제출),,,
256,the큰병원,후유장애진단서,,,,,"100,000",,,PDZ070003,후유장애진단서,,,
257,the큰병원,병무용 진단서,,,,,"20,000",,,PDZ080000,병무용 진단서,,,
258,the큰병원,국민연금 장애심사용 진단서,,,,,"15,000",,,PDZ100000,국민연금 장애심사용 진단서,,,
259,the큰병원,상해진단서(3주 미만),,,,,"100,000",,,PDZ020001,상해진단서(3주미만),,,
260,the큰병원,상해진단서(3주 이상),,,,,"150,000",,,PDZ020002,상해진단서(3주이상),,,
261,the큰병원,영문진단서,,,,,"20,000",,,PDE010001,영문 일반진단서,,,
262,the큰병원,입퇴원확인서,,,,,"3,000",,,PDZ090002,입퇴원확인서,,,
263,the큰병원,통원확인서,,,,,"3,000",,,PDZ090004,통원확인서,,,
264,the큰병원,향후진료비추정서(천만원미만),,,,,"50,000",,,PDZ140001,향후진료비추정서(천만원미만),,,
265,the큰병원,향후진료비추정서(천만원 이상),,,,,"100,000",,,PDZ140002,향후진료비추정서(천만원이상),,,
266,the큰병원,진료기록사본 (1~5매),,,,,"1,000",,,PDZ110101,진료(의무)기록지사본(1~5매),,,
267,the큰병원,진료기록사본 (6매 이상),,,,,100,,,PDZ110102,진료(의무)기록지사본(6매이상-장당),,,
268,the큰병원,진료기록영상(CD),,,,,"10,000",,,PDZ110004,진료기록영상(CD),,,
269,the큰병원,제증명서 사본,,,,,"1,000",,,PDZ160000,일반진단서사본(1매당),,,
270,the큰병원,제증명서 사본,,,,,"1,000",,,PDZ160000,병무용 진단서사본(1매당),,,
271,the큰병원,제증명서 사본,,,,,"1,000",,,PDZ160000,후유장애진단서사본(1매당),,,
272,the큰병원,제증명서 사본,,,,,"1,000",,,PDZ160000,상해진단서(3주미만)사본,,,
273,the큰병원,제증명서 사본,,,,,"1,000",,,PDZ160000,상해진단서(3주이상)사본,,,
274,the큰병원,제증명서 사본,,,,,"1,000",,,PDZ160000,입퇴원확인서 1장추가,,,
275,the큰병원,제증명서 사본,,,,,"1,000",,,PDZ160000,통원확인서 1장추가,,,
276,the큰병원,,,,,,"10,000",,,,소견서,,,
277,the큰병원,,,,,,"1,000",,,,소견서사본(1매당),,,
278,the큰병원,,,,,,"3,000",,,,수술(시술)확인서,,,
279,the큰병원,,,,,,"1,000",,,,수술(시술)확인서사본(1매당),,,
280,the큰병원,,,,,,"1,000",,,,진료비 세부산정내역서 추가(1000원),,,
281,김찬병원,상급병실료-1인실 차액,병실료,,,,"150,000",,,,,,,
282,김찬병원,방사선 등 영상진단 CD 복사수수료,제증명수수료,,,,"5,000",,,,,,,
283,김찬병원,근로능력평가용진단서,제증명수수료,,,,"10,000",,,,,,,
284,김찬병원,병사용진단서,제증명수수료,,,,"20,000",,,,,,,
285,김찬병원,진료기록사본(1~5매),제증명수수료,,,,"1,000",,,,,,,
286,김찬병원,진료기록사본(6매 이상),제증명수수료,,,,100,,,,,,,
287,김찬병원,상해진단서(전치 3주이상),제증명수수료,,,,"150,000",,,,,,,
288,김찬병원,상해진단서(전치 3주미만),제증명수수료,,,,"100,000",,,,,,,
289,김찬병원,소견서,제증명수수료,,,,"10,000",,,,,,,
290,김찬병원,소견서(보험회사용),제증명수수료,,,,"50,000",,,,,,,
291,김찬병원,영문진단서,제증명수수료,,,,"20,000",,,,,,,
292,김찬병원,일반진단서,제증명수수료,,,,"20,000",,,,,,,
293,김찬병원,사망진단서,제증명수수료,,,,"10,000",,,,,,,
294,김찬병원,입퇴원확인서,제증명수수료,,,,"3,000",,,,,,,
295,김찬병원,진료확인서,제증명수수료,,,,"3,000",,,,,,,
296,김찬병원,수술확인서,제증명수수료,,,,"3,000",,,,,,,
297,김찬병원,통원확인서,제증명수수료,,,,"3,000",,,,,,,
298,김찬병원,장기요양의사소견서(일반),제증명수수료,,,,"35,570",,,,,,,
299,김찬병원,장기요양의사소견서(20%),제증명수수료,,,,"7,110",,,,,,,
300,김찬병원,장기요양의사소견서(10%),제증명수수료,,,,"3,550",,,,,,,
301,김찬병원,장애인증명서(소득세법 상 장애인 공제),제증명수수료,,,,"1,000",,,,,,,
302,김찬병원,"제증명서 사본(기존 제증명서 복사,재발급)",제증명수수료,,,,"1,000",,,,,,,
303,김찬병원,광섬유카테타,치료재료대,,,,"200,000",,,,,,,
304,김찬병원,네오드레싱(6*7),치료재료대,,,,600,,,,,,,
305,김찬병원,네오드레싱(9*10),치료재료대,,,,"1,000",,,,,,,
306,김찬병원,Epi-Fix Securement Device,치료재료대,,,,"9,000",,,,,,,
307,김찬병원,EZ 필터 니들,치료재료대,,,,"1,000",,,,,,,
308,김찬병원,EX-CARE FILTER (IV),치료재료대,,,,"7,500",,,,,,,
309,김찬병원,BENO WRAP,치료재료대,,,,"30,000",,,,,,,
310,김찬병원,코르셋,치료재료대,,,,"30,000원",,,,,,,
311,김찬병원,문정소프트칼라 (토마스칼라),치료재료대,,,,"5,000원",,,,,,,
312,김찬병원,필라델피아,치료재료대,,,,"80,000",,,,,,,
313,김찬병원,드레싱키드,치료재료대,,,,"2,000",,,,,,,
314,김찬병원,케어픽스,치료재료대,,,,"20,000",,,,,,,
315,김찬병원,플로실헤모스태틱매트릭스,약제,,,,"500,000",,,,,,,
316,김찬병원,아큐판주사액,약제,,,,"5,000",,,,,,,
317,김찬병원,보툴렉스주50단위(클로스트리디움보툴리눔독소A형)  BOTULAX INJ. 50 unit,약제,,,,"150,000",,,,,,,
318,김찬병원,신델라주(티옥트산)  CINDELLA INJ.,약제,,,,"60,000",,,,,,,
319,김찬병원,이엔지주(아데노신트리포스페이트이나트륨삼수화물)  ENG INJ.,약제,,,,"30,000",,,,,,,
320,김찬병원,대한무수에탄올주(바이알),약제,,,,"80,000",,,,,,,
321,김찬병원,파이브로베인주1%2ml(amp) FIBROVEIN INJ.1%2ml(amp),약제,,,,"70,000",,,,,,,
322,김찬병원,파이브로베인주3%5ml(vial) FIBROVEIN INJ.3%5ml(vial),약제,,,,"640,000",,,,,,,
323,김찬병원,푸르설타민주(염산푸르설티아민)  FURSULTAMIN INJ.(Fursultiamine HCl),약제,,,,"40,000",,,,,,,
324,김찬병원,징스주(은행엽엑스)  GINS INJ.,약제,,,,"80,000",,,,,,,
325,김찬병원,히시파겐씨주  HISHIPHAGEN-C INJ.,약제,,,,"50,000",,,,,,,
326,김찬병원,에취라제주사1500iu(히알우로니다제) H-RASE INJ.1500iu,약제,,,,"150,000",,,,,,,
327,김찬병원,말린다주(히알우로니다제),약제,,,,"100,000",,,,,,,
328,김찬병원,하이코민주사5mg/2ml  HYCOMIN INJ.5mg/2ml,약제,,,,"50,000",,,,,,,
329,김찬병원,라이넥주  LAENNEC INJ.,약제,,,,"50,000",,,,,,,
330,김찬병원,아스코빅 주 20ml,약제,,,,"10,000",,,,,,,
331,김찬병원,메리트씨주사(아스코르빈산)  MERIT C INJ.,약제,,,,"30,000",,,,,,,
332,김찬병원,멀티플렉스페리주  MULTIFLEX PERI INJ.,약제,,,,"150,000",,,,,,,
333,김찬병원,중외 엔에스 주사액 110ml,약제,,,,"20,000",,,,,,,
334,김찬병원,조스타박스주(대상포진생바이러스백신) ZOSTAVAX INJ.,약제,,,,"190,000",,,,,,,
335,김찬병원,액티피드정  ACTIFED TAB.,약제,,,,30,,,,,,,
336,김찬병원,올페인 캡슐 (네포팜염산염),약제,,,,550,,,,,,,
337,김찬병원,아네스크림,약제,,,,"6,000",,,,,,,
338,김찬병원,성광칼라민로오숀(의약외품),약제,,,,"1,450",,,,,,,
339,김찬병원,정우 아시클로버 크림,약제,,,,"4,000",,,,,,,
340,김찬병원,네오시덤 연고 10g,약제,,,,"1,300",,,,,,,
341,김찬병원,리도제식카타플라스마(1pack),약제,,,,"10,000",,,,,,,
342,김찬병원,신신케토크린24플라스타(케토프로펜)(1pack),약제,,,,"2,002",,,,,,,
343,김찬병원,리큐어현탁액  LICURE SUSPENSION,약제,,,,"1,734",,,,,,,
344,김찬병원,베아제정  BEARSE TAB.,약제,,,,200,,,,,,,
345,김찬병원,둘코락스에스장용정  DULCOLAX-S TAB.,약제,,,,180,,,,,,,
346,김찬병원,후시딘연고 10g  FUCIDIN OINT.,약제,,,,"5,500",,,,,,,
347,김찬병원,인도메타캡슐(인도메타신)   INDOMETA CAP.,약제,,,,225,,,,,,,
348,김찬병원,마그오캅셀250mg  MAGO CAP.250mg,약제,,,,80,,,,,,,
349,김찬병원,마그오캅셀500mg  MAGO CAP.500mg,약제,,,,160,,,,,,,
350,김찬병원,노브세틴캡슐10밀리그램(염산플루옥세틴),약제,,,,140,,,,,,,
351,김찬병원,오라메디연고(수출명:오라메디파스타(ORAMEDYPASTE)),약제,,,,"4,500",,,,,,,
352,김찬병원,트레스탄캅셀  TRESTAN CAP,약제,,,,300,,,,,,,
353,김찬병원,영빅스캡슐  YOUNGBIX CAP.,약제,,,,300,,,,,,,
354,김찬병원,타나민주 10ml(은행엽엑스),약제,,,,"80,000",,,,,,,
355,김찬병원,본디업주,약제,,,,"50,000",,,,,,,
356,김찬병원,셀레네주 20ML,약제,,,,"100,000",,,,,,,
357,김찬병원,제일 미네랄5주,약제,,,,"30,000",,,,,,,
358,김찬병원,뉴트리헥스 주 100ML,약제,,,,"50,000",,,,,,,
359,김찬병원,인도메타캡슐(인도메타신)   INDOMETA CAP.,약제,,,,500,,,,,,,
360,김찬병원,진코발주 GINKOBAL,약제,,,,"20,000",,,,,,,
361,김찬병원,아모부로펜주 4ML,약제,,,,"30,000",,,,,,,
362,김찬병원,쎄레스톤지크림 30G,약제,,,,"12,000",,,,,,,
363,김찬병원,쎄레스톤지크림 15G,약제,,,,"7,000",,,,,,,
364,김찬병원,닥터라민주 250ML,약제,,,,"100,000",,,,,,,
365,김찬병원,유바솔주 250ML,약제,,,,"70,000",,,,,,,
366,김찬병원,프로파 인퓨전주 100ML,약제,,,,"30,000",,,,,,,
367,김찬병원,도수치료(서122),행위,,,,,"35,000","140,000",,,시간 및 치료내용 별,,
368,김찬병원,체외충격파치료(조84),행위,,,,,"40,000","80,000",,,부위 및 강도별,,
369,김찬병원,미라드라이 (1차),행위,,,,"2,500,000",,,,,,,
370,김찬병원,미라드라이 (6개월 이내 재발과 동시에 시술시),행위,,,,"1,250,000",,,,,,,
371,김찬병원,경피적경막외강신경성형술(조634) Cervical/Thoracic,행위,,,,,"830,000","990,000",,,재료대 및 약제별,,
372,김찬병원,경피적경막외강신경성형술(조634) Lumbar,행위,,,,,"670,000","990,000",,,재료대 및 약제별,,
373,김찬병원,레이저정맥폐쇄술〔유도료 포함〕(1차),행위,,,,,"1,200,000","1,400,000",,,,,
374,김찬병원,레이저정맥폐쇄술〔유도료 포함〕(2차),행위,,,,,"1,000,000","1,200,000",,,,,
375,김찬병원,레이저정맥폐쇄술〔유도료 포함〕(3차),행위,,,,,"800,000","1,000,000",,,,,
376,김찬병원,초음파 유도하 혈관 경화 요법,행위,,,,"1,000,000원",,,,,,,
377,김찬병원,자율신경계이상검사(심박변이도검사),검사,,,,"50,000",,,,,,,
378,김찬병원,C1 불활성인자 C1 Inactivator(C1 Esterase Inhibitor Inactivator),검사,,,,"20,000",,,,,,,
379,김찬병원,항CCP항체[IgG],검사,,,,"50,000",,,,,,,
380,김찬병원,정량적 감각기능검사/통증 측정 진단기,검사,,,,"150,000",,,,,,,
381,김찬병원,혈관기능검사(Pulse Wave Velocity Measurement),검사,,,,"90,000",,,,,,,
382,김찬병원,초음파 검사(부위별),검사,,,,,"60,000","120,000",,,,,
383,김찬병원,적외선 체열진단검사 Limited,검사,,,,"100,000",,,,,,,
384,김찬병원,적외선 체열진단검사,검사,,,,,"120,000","360,000",,,,,
385,김찬병원,적외선 체열진단검사-전신,검사,,,,"240,000",,,,,,,
386,김찬병원,적외선 체열진단검사- ICE,검사,,,,"300,000",,,,,,,
387,김찬병원,적외선 체열진단검사-다한증,검사,,,,"240,000",,,,,,,
388,김찬병원,MRI(자기공명영상진단 Magnetic Resonance Imaging) - 부위별,MRI,,,,"480,000",,,,,,,
389,김찬병원,CTL spine 추가시,MRI,,,,"250,000",,,,,,,
390,김찬병원,MR-Diffusion 추가시(with Basic MR),MRI,,,,"130,000",,,,,,,
391,김찬병원,MRI (조영제 포함시)- 부위 별,MRI,,,,"630,000",,,,,,,
392,김찬병원,외부병원필름판독료(부위당),MRI,,,,"30,000",,,,,,,
393,김찬병원,MRI (sed)- 부위별,MRI,,,,"680,000",,,,,,,
394,김찬병원,MRI (조영제+sed)- 부위별,MRI,,,,"830,000",,,,,,,
831,더(the)큰병원,1인실(특실)입원료(비급여),상급병실료 차액,,,,"200,000",,,ABZ010001,1인실,일반병동,,
832,더(the)큰병원,1인실(특실)입원료 간호간병통합(비급여),상급병실료 차액,,,,"200,000",,,ABZ010001,2인실,간호간통합병동,,
833,더(the)큰병원,인플루엔자 A·B 바이러스항원검사 [현장검사],감염증 기타 검사,,,,"20,000",,,CZ3940000,,,,
834,더(the)큰병원,항CCP항체[IgG]Anti CCP Ab,자가면역질환 검사,,,,"54,000",,,CZ432,,삭제예정(급여전환),,
835,더(the)큰병원,DITI 전신,"외피,근골기능검사",,,,"200,000",,,EZ7760001,,,,
836,더(the)큰병원,DITI 요천추부 & 하지,"외피,근골기능검사",,,,"150,000",,,EZ7760002,,,,
837,더(the)큰병원,DITI 흉추부,"외피,근골기능검사",,,,"150,000",,,EZ7760002,,,,
838,더(the)큰병원,DITI 경추부 & 상지,"외피,근골기능검사",,,,"150,000",,,EZ7760002,,,,
839,더(the)큰병원,DITI(upper extremity),"외피,근골기능검사",,,,"70,000",,,EZ7760002,,,,
840,더(the)큰병원,DITI(lower extremity),"외피,근골기능검사",,,,"70,000",,,EZ7760002,,,,
841,더(the)큰병원,DITI 전신(review),"외피,근골기능검사",,,,"120,000",,,EZ776,,재촬영,,
842,더(the)큰병원,DITI 요천추부 & 하지(review),"외피,근골기능검사",,,,"75,000",,,EZ776,,재촬영,,
843,더(the)큰병원,DITI 흉추부(review),"외피,근골기능검사",,,,"75,000",,,EZ776,,재촬영,,
844,더(the)큰병원,DITI 경추부 & 상지(review),"외피,근골기능검사",,,,"75,000",,,EZ776,,재촬영,,
845,더(the)큰병원,Thyroid & parathyroid USG,초음파검사료,,,,"70,000",,,EB4140000,,,,
846,더(the)큰병원,흉부-유방.액와부 제외한 흉부 초음파(US of rib),초음파검사료,,,,"70,000",,,EB4220000,,,,
847,더(the)큰병원,Echo cardiac,초음파검사료,,,,"200,000",,,EB4310000,,,,
848,더(the)큰병원,Extremity Joint USG(one side)-Hand,초음파검사료,,,,"60,000",,,EB4610000,,,,
849,더(the)큰병원,Extremity Joint USG(one side)-Foot,초음파검사료,,,,"60,000",,,EB4620000,,,,
850,더(the)큰병원,Extremity Joint USG(one side)-Elbow,초음파검사료,,,,"60,000",,,EB4630000,,,,
851,더(the)큰병원,Extremity Joint USG(one side)-Knee,초음파검사료,,,,"60,000",,,EB4640000,,,,
852,더(the)큰병원,Extremity Joint USG(one side)-Hip,초음파검사료,,,,"60,000",,,EB4650000,,,,
853,더(the)큰병원,Extremity Joint USG(one side)-Shoulder,초음파검사료,,,,"60,000",,,EB4660000,,,,
854,더(the)큰병원,Extremity Joint USG(one side)-Wrist,초음파검사료,,,,"60,000",,,EB4670000,,,,
855,더(the)큰병원,Extremity Joint USG(one side)-Ankle,초음파검사료,,,,"60,000",,,EB4680000,,,,
856,더(the)큰병원,Soft Tissue USG,초음파검사료,,,,"60,000",,,EB4700000,,,,
857,더(the)큰병원,Doppler(Carotid Artery),초음파검사료,,,,"200,000",,,EB4820000,,,,
858,더(the)큰병원,Doppler(DVT evaluation)(both),초음파검사료,,,,"200,000",,,EB4860000,,양측,,
859,더(the)큰병원,Doppler(DVT evaluation)(both)외래,초음파검사료,,,,"130,000",,,EB486,,"양측, 내과 review",,
860,더(the)큰병원,"Extremity Joint USG(Both) Shoulder,Hip,Knee,Elbow,Wrist,Ankle",초음파검사료,,,,"90,000",,,,,양측,,
861,더(the)큰병원,"Extremity Joint USG(both) Hand,Foot",초음파검사료,,,,"90,000",,,,,양측,,
862,더(the)큰병원,Brain MRI,뇌,,,,"450,000",,,HI101,,"검진목적, 판독료 포함",,
863,더(the)큰병원,Brain MRI(contrast),뇌,,,,"550,000",,,HI201,,"약제비(조영제): 도타렘주 15ml, 급여기준이외 검진목적, 판독료 포함",0,
864,더(the)큰병원,Sella MRI(Contrast),뇌,,,,"550,000",,,HI201,,"약제비(조영제): 도타렘주 15ml, 급여기준이외 검진목적, 판독료 포함",0,
865,더(the)큰병원,Brain-MRA,혈관-뇌혈관,,,,"450,000",,,HE135,,"급여기준이외 검진목적, 판독료 포함",,
866,더(the)큰병원,B-MRI & MRA,"뇌, 혈관-뇌혈관",,,,"610,000",,,,,"급여기준이외 검진목적, 판독료 포함",,
867,더(the)큰병원,Brain[contrast]MRI & B-MRA,"뇌, 혈관-뇌혈관",,,,"710,000",,,,,"약제비(조영제): 도타렘주 15ml, 급여기준이외 검진목적, 판독료 포함",0,
868,더(the)큰병원,C-spine MRI,척추-경추,,,,"440,000",,,HE1090000,,,,
869,더(the)큰병원,C-spine MRI & Enhancement,척추-경추,,,,"540,000",,,HE2090000,,약제비(조영제): 도타렘주 15ml,0,
870,더(the)큰병원,T-spine MRI,척추-흉추,,,,"440,000",,,HE1100000,,,,
871,더(the)큰병원,T-spine MRI & Enhancement,척추-흉추,,,,"540,000",,,HE2100000,,약제비(조영제): 도타렘주 15ml,0,
872,더(the)큰병원,T-L spine Juntion MRI & Enhancement,척추-흉추,,,,"540,000",,,HE2100000,,"요추 상위 LEVEL이 보이게 촬영, 약제비(조영제): 도타렘주 15ml",0,
873,더(the)큰병원,L-spine MRI,척추-요천추,,,,"440,000",,,HE1110000,,,,
874,더(the)큰병원,L-spine MRI & Enhancement,척추-요천추,,,,"540,000",,,HE2110000,,약제비(조영제): 도타렘주 15ml,0,
875,더(the)큰병원,C-spine MR myelogram,척추-척추강,,,,"390,000",,,HE1120000,,,,
876,더(the)큰병원,T-spine MR myelogram,척추-척추강,,,,"390,000",,,HE1120000,,,,
877,더(the)큰병원,L-spine MR Myelogram,척추-척추강,,,,"390,000",,,HE1120000,,,,
878,더(the)큰병원,T-L Spine Junction MRI,척추-흉추,,,,"440,000",,,HE1100000,,요추 상위 LEVEL이 보이게 촬영,,
879,더(the)큰병원,C-spine MRI & C-T-L,척추,,,,"540,000",,,,,,,
880,더(the)큰병원,T-spine MRI & C-T-L,척추,,,,"540,000",,,,,,,
881,더(the)큰병원,L-spine MRI & C-T-L,척추,,,,"540,000",,,,,,,
882,더(the)큰병원,T-L Junction MRI & C-T-L,척추,,,,"540,000",,,,,요추 상위 LEVEL이 보이게 촬영,,
883,더(the)큰병원,C-Spine Array 2 Series (T2-Sagittal & Axial),척추-경추,,,,"390,000",,,HE109,,재촬영,,
884,더(the)큰병원,T-Spine Array 2 Series (T2-Sagittal & Axial),척추-흉추,,,,"390,000",,,HE110,,재촬영,,
885,더(the)큰병원,L-Spine Array 2 Series (T2-Sagittal & Axial),척추-요천추,,,,"390,000",,,HE111,,재촬영,,
886,더(the)큰병원,Cervical-Foraminal MRI 2series,척추-경추,,,,"200,000",,,HE109,,추가 촬영,,
887,더(the)큰병원,Lumbar-Foraminal MRI 2series,척추-요천추,,,,"200,000",,,HE111,,추가 촬영,,
888,더(the)큰병원,C-spine MRI & C-T-L & Enhancement,척추,,,,"640,000",,,,,약제비(조영제): 도타렘주 15ml,0,
889,더(the)큰병원,T-spine MRI &  C-T-L & Enhancement,척추,,,,"640,000",,,,,약제비(조영제): 도타렘주 15ml,0,
890,더(the)큰병원,L-spine MRI & C-T-L & Enhancement,척추,,,,"640,000",,,,,약제비(조영제): 도타렘주 15ml,0,
891,더(the)큰병원,T-L spine Juntion MRI & C-T-L & Enhancement,척추,,,,"640,000",,,,,"요추 상위 LEVEL이 보이게 촬영, 약제비(조영제): 도타렘주 15ml",0,
892,더(the)큰병원,T-Lumbosacral spine MRI 동시촬영(추가),척추-흉추와 요천추를 동시촬영,,,,"150,000",,,HE113,,추가 촬영,,
893,더(the)큰병원,C-T-L(동시촬영),척추-흉추와 요천추를 동시촬영,,,,"100,000",,,HE113,,다른 MRI와 동시촬영,,
894,더(the)큰병원,C-T-L 추가(15),척추-흉추와 요천추를 동시촬영,,,,"150,000",,,HE113,,추가 촬영,,
895,더(the)큰병원,L-MRI후(조영제추가촬영),척추-요천추,,,,"100,000",,,HE211,,약제비(조영제): 도타렘주 15ml,0,
896,더(the)큰병원,T-MRI후(조영제추가촬영),척추-흉추,,,,"100,000",,,HE210,,약제비(조영제): 도타렘주 15ml,0,
897,더(the)큰병원,C-MRI후(조영제추가촬영),척추-경추,,,,"100,000",,,HE209,,약제비(조영제): 도타렘주 15ml,0,
898,더(the)큰병원,L-Pre OP MRI(CTL&M),척추,,,,"490,000",,,,,,,
899,더(the)큰병원,T-Pre OP MRI(CTL&M),척추,,,,"490,000",,,,,,,
900,더(the)큰병원,C-Pre OP MRI(CTL&M),척추,,,,"490,000",,,,,,,
901,더(the)큰병원,RT. Shoulder MRI,근골격계-견관절,,,,"450,000",,,HE1150000,,,,
902,더(the)큰병원,LT Shoulder MRI,근골격계-견관절,,,,"450,000",,,HE1150000,,,,
903,더(the)큰병원,RT Shoulder MRI[contrast],근골격계-견관절,,,,"550,000",,,HE2150000,,약제비(조영제): 도타렘주 15ml,0,
904,더(the)큰병원,LT Shoulder MRI[contrast],근골격계-견관절,,,,"550,000",,,HE2150000,,약제비(조영제): 도타렘주 15ml,0,
905,더(the)큰병원,RT Elbow MRI,골격계-주관절,,,,"450,000",,,HE1160000,,,,
906,더(the)큰병원,LT Elbow MRI,골격계-주관절,,,,"450,000",,,HE1160000,,,,
907,더(the)큰병원,RT Elbow MRI[contrast],골격계-주관절,,,,"550,000",,,HE2160000,,약제비(조영제): 도타렘주 15ml,0,
908,더(the)큰병원,LT Elbow MRI[contrast],골격계-주관절,,,,"550,000",,,HE2160000,,약제비(조영제): 도타렘주 15ml,0,
909,더(the)큰병원,RT Wrist MRI,근골격계-손목관절,,,,"450,000",,,HE1170000,,,,
910,더(the)큰병원,LT Wrist MRI,근골격계-손목관절,,,,"450,000",,,HE1170000,,,,
911,더(the)큰병원,RT Wrist MRI[contrast],근골격계-손목관절,,,,"550,000",,,HE2170000,,약제비(조영제): 도타렘주 15ml,0,
912,더(the)큰병원,LT Wrist MRI[contrast],근골격계-손목관절,,,,"550,000",,,HE2170000,,약제비(조영제): 도타렘주 15ml,0,
913,더(the)큰병원,RT Hip MRI,근골격계-고관절,,,,"450,000",,,HE1180000,,,,
914,더(the)큰병원,Hip MRI(S),근골격계-고관절,,,,"450,000",,,HE1180000,,,,
915,더(the)큰병원,Hip MRI,근골격계-고관절,,,,"450,000",,,HE1180000,,,,
916,더(the)큰병원,Lt hip MRI,근골격계-고관절,,,,"450,000",,,HE1180000,,,,
917,더(the)큰병원,Rt Hip MRI[contrast],근골격계-고관절,,,,"550,000",,,HE2180000,,약제비(조영제): 도타렘주 15ml,0,
918,더(the)큰병원,LT Hip MRI[contrast],근골격계-고관절,,,,"550,000",,,HE2180000,,약제비(조영제): 도타렘주 15ml,0,
919,더(the)큰병원,Hip MRI[contrast],근골격계-고관절,,,,"550,000",,,HE2180000,,약제비(조영제): 도타렘주 15ml,0,
920,더(the)큰병원,RT Knee MRI,근골격계-무릎관절,,,,"450,000",,,HE1200000,,,,
921,더(the)큰병원,LT Knee MRI,근골격계-무릎관절,,,,"450,000",,,HE1200000,,,,
922,더(the)큰병원,RT Knee MRI[contrast],근골격계-무릎관절,,,,"550,000",,,HE2200000,,약제비(조영제): 도타렘주 15ml,0,
923,더(the)큰병원,LT Knee MRI[contrast],근골격계-무릎관절,,,,"550,000",,,HE2200000,,약제비(조영제): 도타렘주 15ml,0,
924,더(the)큰병원,RT Ankle MRI,근골격계-발목관절,,,,"450,000",,,HE1210000,,,,
925,더(the)큰병원,LT Ankle MRI,근골격계-발목관절,,,,"450,000",,,HE1210000,,,,
926,더(the)큰병원,RT Ankle MRI[contrast],근골격계-발목관절,,,,"550,000",,,HE2210000,,약제비(조영제): 도타렘주 15ml,0,
927,더(the)큰병원,LT Ankle MRI[contrast],근골격계-발목관절,,,,"550,000",,,HE2210000,,약제비(조영제): 도타렘주 15ml,0,
928,더(the)큰병원,Upper extremity MRI(RT),"근골격계-관절, 관절외 상지",,,,"450,000",,,HE1220000,,,,
929,더(the)큰병원,Upper extremity MRI(LT),"근골격계-관절, 관절외 상지",,,,"450,000",,,HE1220000,,,,
930,더(the)큰병원,RT.Hand MRI,근골격계-관절외 상지,,,,"450,000",,,HE1220000,,,,
931,더(the)큰병원,LT.Hand MRI,근골격계-관절외 상지,,,,"450,000",,,HE1220000,,,,
932,더(the)큰병원,Rt forearm MRI,근골격계-관절외 상지,,,,"450,000",,,HE1220000,,,,
933,더(the)큰병원,Lt forearm MRI,근골격계-관절외 상지,,,,"450,000",,,HE1220000,,,,
934,더(the)큰병원,RT Upper extremity MRI[contrast],"근골격계-관절, 관절외 상지",,,,"550,000",,,HE2220000,,약제비(조영제): 도타렘주 15ml,0,
935,더(the)큰병원,LT Upper extremity MRI[contrast],"근골격계-관절, 관절외 상지",,,,"550,000",,,HE2220000,,약제비(조영제): 도타렘주 15ml,0,
936,더(the)큰병원,RT.Hand MRI[contrast],근골격계-관절외 상지,,,,"550,000",,,HE2220000,,약제비(조영제): 도타렘주 15ml,0,
937,더(the)큰병원,LT.Hand MRI[contrast],근골격계-관절외 상지,,,,"550,000",,,HE2220000,,약제비(조영제): 도타렘주 15ml,0,
938,더(the)큰병원,Rt forearm MRI[contrast],근골격계-관절외 상지,,,,"550,000",,,HE2220000,,약제비(조영제): 도타렘주 15ml,0,
939,더(the)큰병원,Lt forearm MRI[contrast],근골격계-관절외 상지,,,,"550,000",,,HE2220000,,약제비(조영제): 도타렘주 15ml,0,
940,더(the)큰병원,RT Foot MRI,근골격계-관절외 하지,,,,"450,000",,,HE1230000,,,,
941,더(the)큰병원,LT Foot MRI,근골격계-관절외 하지,,,,"450,000",,,HE1230000,,,,
942,더(the)큰병원,RT Tibia MRI,근골격계-관절외 하지,,,,"450,000",,,HE1230000,,,,
943,더(the)큰병원,LT Tibia MRI,근골격계-관절외 하지,,,,"450,000",,,HE1230000,,,,
944,더(the)큰병원,RT Thigh MRI,근골격계-관절외 하지,,,,"450,000",,,HE1230000,,,,
945,더(the)큰병원,LT Thigh MRI,근골격계-관절외 하지,,,,"450,000",,,HE1230000,,,,
946,더(the)큰병원,RT Foot MRI[contrast],근골격계-관절외 하지,,,,"550,000",,,HE2230000,,약제비(조영제): 도타렘주 15ml,0,
947,더(the)큰병원,LT Foot MRI[contrast],근골격계-관절외 하지,,,,"550,000",,,HE2230000,,약제비(조영제): 도타렘주 15ml,0,
948,더(the)큰병원,RT Tibia MRI[contrast],근골격계-관절외 하지,,,,"550,000",,,HE2230000,,약제비(조영제): 도타렘주 15ml,0,
949,더(the)큰병원,LT tibia MRI[contrast],근골격계-관절외 하지,,,,"550,000",,,HE2230000,,약제비(조영제): 도타렘주 15ml,0,
950,더(the)큰병원,RT Thigh MRI(contrast),근골격계-관절외 하지,,,,"550,000",,,HE2230000,,약제비(조영제): 도타렘주 15ml,0,
951,더(the)큰병원,LT Thigh MRI(contrast),근골격계-관절외 하지,,,,"550,000",,,HE2230000,,약제비(조영제): 도타렘주 15ml,0,
952,더(the)큰병원,Rt shoulder MRI(Arthrogram),근골격계-견관절,,,,"550,000",,,,,약제비(조영제): 클라리스캔주,0,
953,더(the)큰병원,Lt shoulder MRI(Arthrogram),근골격계-견관절,,,,"550,000",,,,,약제비(조영제): 클라리스캔주,0,
954,더(the)큰병원,Rt shoulder  Array,근골격계-견관절,,,,"300,000",,,HE115,,재촬영,,
955,더(the)큰병원,Lt shoulder  Array,근골격계-견관절,,,,"300,000",,,HE115,,재촬영,,
956,더(the)큰병원,Rt Elbow Array,골격계-주관절,,,,"300,000",,,HE116,,재촬영,,
957,더(the)큰병원,Lt Elbow Array,골격계-주관절,,,,"300,000",,,HE116,,재촬영,,
958,더(the)큰병원,Rt wrist array,근골격계-손목관절,,,,"300,000",,,HE117,,재촬영,,
959,더(the)큰병원,Lt wrist array,근골격계-손목관절,,,,"300,000",,,HE117,,재촬영,,
960,더(the)큰병원,Rt hand array,근골격계-관절외 상지,,,,"300,000",,,HE122,,재촬영,,
961,더(the)큰병원,Lt hand array,근골격계-관절외 상지,,,,"300,000",,,HE122,,재촬영,,
962,더(the)큰병원,Upper Extremity MRI후(조영제추가촬영),"근골격계-관절,관절외 하지",,,,"100,000",,,,,"추가촬영, 약제비(조영제): 도타렘주 15ml",0,
963,더(the)큰병원,Rt hip Array,근골격계-고관절,,,,"300,000",,,HE118,,재촬영,,
964,더(the)큰병원,Lt hip Array,근골격계-고관절,,,,"300,000",,,HE118,,재촬영,,
965,더(the)큰병원,Both hip Array,근골격계-고관절,,,,"300,000",,,HE118,,재촬영,,
966,더(the)큰병원,Rt knee Array,근골격계-무릎관절,,,,"300,000",,,HE120,,재촬영,,
967,더(the)큰병원,Lt knee Array,근골격계-무릎관절,,,,"300,000",,,HE120,,재촬영,,
968,더(the)큰병원,Rt Ankle Array,근골격계-발목관절,,,,"300,000",,,HE121,,재촬영,,
969,더(the)큰병원,Lt Ankle Array,근골격계-발목관절,,,,"300,000",,,HE121,,재촬영,,
970,더(the)큰병원,Rt Foot Array,근골격계-관절외 하지,,,,"300,000",,,HE123,,재촬영,,
971,더(the)큰병원,Lt Foot Array,근골격계-관절외 하지,,,,"300,000",,,HE123,,재촬영,,
972,더(the)큰병원,Rt Tibia Array,근골격계-관절외 하지,,,,"300,000",,,HE123,,재촬영,,
973,더(the)큰병원,Lt Tibia Array,근골격계-관절외 하지,,,,"300,000",,,HE123,,재촬영,,
974,더(the)큰병원,Lower Extremity MRI후(조영제추가촬영),"근골격계-관절,관절외 하지",,,,"100,000",,,,,"추가촬영, 약제비(조영제): 도타렘주 15ml",0,
975,더(the)큰병원,외부MRI판독료,외부판독,,,,"15,000",,,,,,,
976,더(the)큰병원,극저온 신장분사치료(2),이학요법료,,,,"20,000",,,MZ0070000,,한(혹은 좁은) 부위,,
977,더(the)큰병원,극저온 신장분사치료(3),이학요법료,,,,"30,000",,,MZ0070000,,다발(혹은 넓은) 부위,,
978,더(the)큰병원,도수치료(S),이학요법료,,,,"30,000",,,MX1220000,,15분,,
979,더(the)큰병원,도수치료,이학요법료,,,,"60,000",,,MX1220000,,30분,,
980,더(the)큰병원,도수치료 N,이학요법료,,,,"65,000",,,MX1220000,,"30분, 야간",,
981,더(the)큰병원,IDET(LDISQ 1level),근골,,,,"2,200,000",,,SZ0830000,,치료재료: LDISQ,,0
982,더(the)큰병원,IDET(LDISQ 2level),근골,,,,"2,500,000",,,SZ083,,치료재료: LDISQ,,0
983,더(the)큰병원,PELAN(ANULOPLASTY/NUCLEOPLASTY),근골,,,,"2,500,000",,,SZ0830000,,치료재료: RF-CURER,,0
984,더(the)큰병원,PELAN(ANULOPLASTY/NUCLEOPLASTY) 2부위,근골,,,,"2,800,000",,,SZ083,,치료재료: RF-CURER,,0
985,더(the)큰병원,ESWT(S)체외충격파치료,근골,,,,"70,000",,,SZ0840000,,한(혹은 좁은)부위,,
986,더(the)큰병원,체외충격파치료[근골격계질환],근골,,,,"90,000",,,SZ0840000,,다발(혹은 넓은)부위,,
987,더(the)큰병원,ESWT(S)체외충격파치료 N,근골,,,,"75,000",,,SZ0840000,,"한(혹은 좁은)부위, 야간",,
988,더(the)큰병원,내시경적 경막외강 신경근성형술(SELD),신경,,,,"2,200,000",,,SZ6310000,,치료재료: VIDEOGUIDED,,0
989,더(the)큰병원,Percutaneous Epidural Neuroplasty(경피적 경막외강 신경성형술),신경,,,,"1,000,000",,,SZ6340000,,,,
990,더(the)큰병원,공기밥 추가,입원환자 식대,,,,"1,000",,,,,보호자 식대,,
991,더(the)큰병원,보호자식사 추가,입원환자 식대,,,,"5,000",,,,,보호자 식대,,
992,더(the)큰병원,죽1그릇 추가,입원환자 식대,,,,"1,000",,,,,보호자 식대,,
993,더(the)큰병원,공기밥1개+보호자식1개 추가,입원환자 식대,,,,"6,000",,,,,보호자 식대,,
994,더(the)큰병원,공기밥1개+보호자식2개 추가,입원환자 식대,,,,"11,000",,,,,보호자 식대,,
995,더(the)큰병원,공기밥 2개추가,입원환자 식대,,,,"2,000",,,,,보호자 식대,,
996,더(the)큰병원,보호자식사 2개추가,입원환자 식대,,,,"10,000",,,,,보호자 식대,,
997,더(the)큰병원,보호자식사 3개추가,입원환자 식대,,,,"15,000",,,,,보호자 식대,,
998,더(the)큰병원,보호자죽 1개 추가,입원환자 식대,,,,"5,000",,,,,보호자 식대,,
999,더(the)큰병원,이송료 10km이내 기본요금,기타,,,,"30,000",,,,,,,
1000,더(the)큰병원,이송료 10km초과 1km당 추가요금,기타,,,,"1,000",,,,,,,
1001,더(the)큰병원,이송료 부가요금(의료인 탑승비용),기타,,,,"15,000",,,,,,,
1002,더(the)큰병원,DEMIOS,인체조직유래 2차 가공뼈,,,,"950,000",,,BC0101KJ,DEMIOS 1cc,,,
1003,더(the)큰병원,GRAFTON DBM ORTHOBLEND,인체조직유래 2차 가공뼈,,,,"2,000,000",,,BC0111AW,GRAFTON DBM ORTHOBLEND 5cc,,,
1004,더(the)큰병원,BAND FIXTURE PLUS,압박고정용 SPLINT,,,,"70,000",,,BC1220IL,BAND FIXTURE PLUS-상지,,,
1005,더(the)큰병원,BAND FIXTURE PLUS,압박고정용 SPLINT,,,,"70,000",,,BC1220IL,BAND FIXTURE PLUS-하지,,,
1006,더(the)큰병원,OXIPLEX,척추경막외 유착방지제,,,,"1,170,000",,,BF0101PG,Oxiplex(유착방지제),,,
1007,더(the)큰병원,PRIMALOK SP INTERSPINOUS FUSION SYSTEM,척추극돌기간고정용,,,,"3,400,000",,,BF0401HP,PRIMALOK SP INTERSPINOUS FUSION SYSTEM,,,
1008,더(the)큰병원,성우픽스아이브이(SW FIX IV),배액관 고정용판,,,,"5,000",,,BJ1002BI,성우픽스아이브이(SW FIX IV),,,
1009,더(the)큰병원,ABEL EPIDURAL CATHETER,경막외강 신경박리술 및 감압 신경성형술용,,,,"600,000",,,BJ4801GZ,Abel Epidural Catheter system(경막외카테터),,,
1010,더(the)큰병원,FLEX-CAT R,경막외강 신경박리술 및 감압 신경성형술용,,,,"600,000",,,BJ4801LJ,FLEX-CAT R-요추,,,
1011,더(the)큰병원,압박용밴드,압박고정용 (탄력반창고),,,,"20,000",,,BK7000KR,압박용밴드 4인치,,,
1012,더(the)큰병원,압박용밴드,압박고정용 (탄력반창고),,,,"20,000",,,BK7000KR,압박용밴드 6인치,,,
1013,더(the)큰병원,COMFIFAST,압박고정용 (탄력반창고),,,,"1,100",,,BK7001GJ,스타키넷 3,,,
1014,더(the)큰병원,PEHA-HAFT,자착성(탄력)붕대,,,,250,,,BK7101DQ,PEHA-HAFT 10CM(4CM*4M),,,
1015,더(the)큰병원,3M COBAN SELF-ADHERENT WRAP,자착성(탄력)붕대,,,,"1,000",,,BK7101EA,"3M COBAN(1inch, 20CM)",,,
1016,더(the)큰병원,3M COBAN SELF-ADHERENT WRAP,자착성(탄력)붕대,,,,"1,000",,,BK7101EA,"3M COBAN(2inch, 20CM)",,,
1017,더(the)큰병원,3M COBAN SELF-ADHERENT WRAP,자착성(탄력)붕대,,,,"1,000",,,BK7101EA,"3M COBAN(3inch, 20CM)",,,
1018,더(the)큰병원,PEHA-HAFT,자착성(탄력)붕대,,,,200,,,BK7102DQ,PEHA-HAFT 10CM(6CM*6M),,,
1019,더(the)큰병원,수액세트,의약품주입여과기(5㎛),,,,"10,000",,,BM0301CV,FILTER IV SET,,,
1020,더(the)큰병원,BANDGOLD FILTER SYRINGE,의약품주입여과기(5㎛),,,,"1,500",,,BM1301BL,BANDGOLD FILTER SYRINGE 3cc,,,
1021,더(the)큰병원,BANDGOLD FILTER SYRINGE,의약품주입여과기(5㎛),,,,"1,500",,,BM1301BL,BANDGOLD FILTER SYRINGE 10cc,,,
1022,더(the)큰병원,GREEN MEDI EZI FILTER SYRINGE,의약품주입여과기(5㎛),,,,"1,500",,,BM1305VA,EZI FILTER SYRINGE 3cc,,,
1023,더(the)큰병원,GREEN MEDI EZI FILTER SYRINGE,의약품주입여과기(5㎛),,,,"1,500",,,BM1305VA,EZI FILTER SYRINGE 10cc,,,
1024,더(the)큰병원,엠픽스실리콘반창고,상처고정 및 보호용,,,,"40,000",,,BM2000MJ,엠픽스실리콘반창고(마취카테터 고정용),,,
1025,더(the)큰병원,MEDICLORE,척추경막외 유착방지제,,,,"350,000",,,BM2101QT,MEDICLORE,,,
1026,더(the)큰병원,안나밴드,합성거즈 드레싱류,,,,"1,500",,,BM5000BF,안나밴드,,,
1027,더(the)큰병원,SECUEX,합성거즈 드레싱류,,,,"3,000",,,BM5001GA,SECUEX(압박지혈),,,
1028,더(the)큰병원,OPSITE POST-OP,합성거즈 드레싱류,,,,"1,100",,,BM5013CD,OPSITE POST-OP(6.5cm*5cm),,,
1029,더(the)큰병원,OPSITE POST-OP,합성거즈 드레싱류,,,,"2,000",,,BM5013CD,OPSITE POST-OP(9.5cm*8.5cm),,,
1030,더(the)큰병원,OPSITE POST-OP,합성거즈 드레싱류,,,,"2,500",,,BM5013CD,OPSITE POST-OP(15.5cm*8.5cm),,,
1031,더(the)큰병원,네오드레싱,합성거즈 드레싱류,,,,"2,000",,,BM5019HF,네오드레싱(6*7),,,
1032,더(the)큰병원,네오드레싱,합성거즈 드레싱류,,,,"3,000",,,BM5019HF,네오드레싱(9*15),,,
1033,더(the)큰병원,"대한멸균드레싱밴드(에이,비)",합성거즈 드레싱류,,,,"1,500",,,BM5021AP,"대한멸균드레싱밴드(에이,비)(외래)",,,
1034,더(the)큰병원,"대한멸균드레싱밴드(에이,비)",합성거즈 드레싱류,,,,"1,500",,,BM5021AP,"대한멸균드레싱밴드(에이,비)(병동)",,,
1035,더(the)큰병원,씨에스소프트픽스,드레싱 고정류,,,,"10,000",,,BM5101UY,씨에스소프트픽스,,,
1036,더(the)큰병원,FIX ROLL,드레싱 고정류,,,,"1,000",,,BM5103CU,FIX ROLL 10cm×10cm(외래),,,
1037,더(the)큰병원,FIX ROLL,드레싱 고정류,,,,"1,000",,,BM5103CU,FIX ROLL 10cm×10cm(병동),,,
1038,더(the)큰병원,HYPAFIX,드레싱 고정류,,,,500,,,BM5109CD,HYPAFIX  5cm×10cm,,,
1039,더(the)큰병원,HYPAFIX,드레싱 고정류,,,,"1,000",,,BM5109CD,HYPAFIX  5cm×30cm,,,
1040,더(the)큰병원,HYPAFIX,드레싱 고정류,,,,"1,500",,,BM5109CD,HYPAFIX  5cm×50cm,,,
1041,더(the)큰병원,HYPAFIX,드레싱 고정류,,,,"1,000",,,BM5109CD,HYPAFIX  10cm×10cm,,,
1042,더(the)큰병원,HYPAFIX,드레싱 고정류,,,,"1,500",,,BM5109CD,HYPAFIX  10cm×30cm,,,
1043,더(the)큰병원,HYPAFIX,드레싱 고정류,,,,"2,000",,,BM5109CD,HYPAFIX  10cm×50cm,,,
1044,더(the)큰병원,,,,,,"2,634",,,,소변기,,,
1045,더(the)큰병원,,,,,,"3,640",,,,대변기,,,
1046,더(the)큰병원,,,,,,"15,950",,,,"환의(상하 소,특대)",,,
1047,더(the)큰병원,,,,,,"17,050",,,,환의(상하 특특대),,,
1048,더(the)큰병원,그린포비돈스틱스왑(포비돈요오드)(외래),,,,,"1,000",,,648300220,,,,
1049,더(the)큰병원,노바콜피브릴라0.5g,,,,,"600,000",,,697200140,,,,
1050,더(the)큰병원,뉴트리헥스주250ml,,,,,"43,000",,,645100110,,,,
1051,더(the)큰병원,대한멸균생리식염수110ml,,,,,"5,000",,,645104101,,,,
1052,더(the)큰병원,동화 후시딘 연고10g,,,,,"7,000",,,642703970,,,,
1053,더(the)큰병원,둘코락스에스장용정(비급여),,,,,400,,,652001030,,,,
1054,더(the)큰병원,마이드린캅셀,,,,,165,,,643601020,,,,
1055,더(the)큰병원,말린다주,,,,,"50,000",,,653102550,,,,
1056,더(the)큰병원,머슬린액(시트룰린말산염),,,,,"3,500",,,644913800,,,,
1057,더(the)큰병원,멀티비타주,,,,,"20,000",,,669906440,,,,
1058,더(the)큰병원,베아제정,,,,,230,,,641601460,,,,
1059,더(the)큰병원,비타민D3비오엔주,,,,,"45,000",,,641805170,,,,
1060,더(the)큰병원,성광포스틱스왑액(포비돈요오드),,,,,"1,000",,,657400270,,,,
1061,더(the)큰병원,아세트펜프리믹스주100ml(병동),,,,,"27,000",,,640007291,,,,
1062,더(the)큰병원,아큐판주사액(염산네포팜),,,,,"5,500",,,659900341,,,,
1063,더(the)큰병원,유박스비주(B형간염백신),,,,,"25,000",,,668900920,,,,
1064,더(the)큰병원,중외엔에스주사액110ml,,,,,"5,000",,,678900972,,,,
1065,더(the)큰병원,타우로린주사Taurolidine 2%250ml,,,,,"150,000",,,647801080,,,,
1066,더(the)큰병원,트레스탄캅셀,,,,,500,,,647802340,,,,
1067,더(the)큰병원,티어실원스외용액(원내-비보험),,,,,"15,000",,,643902120,,,,
1068,더(the)큰병원,파라케이주(아세트아미노펜)100ml,,,,,"27,000",,,671705511,,,,
1069,더(the)큰병원,페린젝트주 10ml(1m당 철로서 50mg),,,,,"240,000",,,644913140,,,,
1070,더(the)큰병원,페린젝트주 2ml(1m당 철로서 50mg),,,,,"80,000",,,644913130,,,,
1071,더(the)큰병원,푸르설타민주10ml,,,,,"20,000",,,681100221,,,,
1072,더(the)큰병원,플로실 헤모스태틱 매트릭스,,,,,"700,000",,,646601401,,,,
1073,더(the)큰병원,하이코민주사(히드록소코발라민),,,,,"15,000",,,670602631,,,,
1074,더(the)큰병원,한림덱스토민주(덱스메데토미딘염산염),,,,,"60,000",,,645305551,,,,
1075,더(the)큰병원,헥스틱스왑액,,,,,"1,000",,,657400910,,,,
1076,더(the)큰병원,히로라인주,,,,,"100,000",,,642304620,,,,
1077,더(the)큰병원,독감백신,,,,,"35,000",,,,,매년 코드 변경,,
1078,더(the)큰병원,일반진단서,,,,,"20,000",,,PDZ010000,일반진단서,,,
1079,더(the)큰병원,건강진단서,,,,,"20,000",,,PDZ010001,건강진단서,,,
1080,더(the)큰병원,근로능력평가용 진단서,,,,,"10,000",,,PDZ010002,근로능력평가용 진단서,,,
1081,더(the)큰병원,장애 정도 심사용 진단서(신체적 장애),,,,,"15,000",,,PDZ070001,장애정도 심사용진단서(동사무소제출),,,
1082,더(the)큰병원,후유장애진단서,,,,,"100,000",,,PDZ070003,후유장애진단서,,,
1083,더(the)큰병원,병무용 진단서,,,,,"20,000",,,PDZ080000,병무용 진단서,,,
1084,더(the)큰병원,국민연금 장애심사용 진단서,,,,,"15,000",,,PDZ100000,국민연금 장애심사용 진단서,,,
1085,더(the)큰병원,상해진단서(3주 미만),,,,,"100,000",,,PDZ020001,상해진단서(3주미만),,,
1086,더(the)큰병원,상해진단서(3주 이상),,,,,"150,000",,,PDZ020002,상해진단서(3주이상),,,
1087,더(the)큰병원,영문진단서,,,,,"20,000",,,PDE010001,영문 일반진단서,,,
1088,더(the)큰병원,입퇴원확인서,,,,,"3,000",,,PDZ090002,입퇴원확인서,,,
1089,더(the)큰병원,통원확인서,,,,,"3,000",,,PDZ090004,통원확인서,,,
1090,더(the)큰병원,향후진료비추정서(천만원미만),,,,,"50,000",,,PDZ140001,향후진료비추정서(천만원미만),,,
1091,더(the)큰병원,향후진료비추정서(천만원 이상),,,,,"100,000",,,PDZ140002,향후진료비추정서(천만원이상),,,
1092,더(the)큰병원,진료기록사본 (1~5매),,,,,"1,000",,,PDZ110101,진료(의무)기록지사본(1~5매),,,
1093,더(the)큰병원,진료기록사본 (6매 이상),,,,,100,,,PDZ110102,진료(의무)기록지사본(6매이상-장당),,,
1094,더(the)큰병원,진료기록영상(CD),,,,,"10,000",,,PDZ110004,진료기록영상(CD),,,
1095,더(the)큰병원,제증명서 사본,,,,,"1,000",,,PDZ160000,일반진단서사본(1매당),,,
1096,더(the)큰병원,제증명서 사본,,,,,"1,000",,,PDZ160000,병무용 진단서사본(1매당),,,
1097,더(the)큰병원,제증명서 사본,,,,,"1,000",,,PDZ160000,후유장애진단서사본(1매당),,,
1098,더(the)큰병원,제증명서 사본,,,,,"1,000",,,PDZ160000,상해진단서(3주미만)사본,,,
1099,더(the)큰병원,제증명서 사본,,,,,"1,000",,,PDZ160000,상해진단서(3주이상)사본,,,
1100,더(the)큰병원,제증명서 사본,,,,,"1,000",,,PDZ160000,입퇴원확인서 1장추가,,,
1101,더(the)큰병원,제증명서 사본,,,,,"1,000",,,PDZ160000,통원확인서 1장추가,,,
1102,더(the)큰병원,,,,,,"10,000",,,,소견서,,,
1103,더(the)큰병원,,,,,,"1,000",,,,소견서사본(1매당),,,
1104,더(the)큰병원,,,,,,"3,000",,,,수술(시술)확인서,,,
1105,더(the)큰병원,,,,,,"1,000",,,,수술(시술)확인서사본(1매당),,,
1106,더(the)큰병원,,,,,,"1,000",,,,진료비 세부산정내역서 추가(1000원),,,
1107,오병원,1인실,,,,,,100000,150000,,,,,
1108,오병원,특실,,,,,,120000,170000,,,,,
1109,오병원,초음파 검사료,,,,,,30000,150000,,,급여인정기준 외 비급여,,
1110,오병원,MRI,,,,,,450000,675000,,기본,급여인정기준 외 비급여,,
1111,오병원,MRI,,,,,"631,654(조영제값-81,654 포함)",,,,Enhance,급여인정기준 외 비급여,,
1112,오병원,MRI,,,,,699158,,,,Arthrography,급여인정기준 외 비급여,,
1113,오병원,MRI,,,,,550000,,,,Brain & Diffusion,급여인정기준 외 비급여,,
1114,오병원,MRI,,,,,450000,,,,Post F-u,급여인정기준 외 비급여,,
1115,오병원,MRI,,,,,700000,,,,MRA+Diffusion,급여인정기준 외 비급여,,
1116,오병원,항 CCP항체,,,,,"43,000",,,,,급여인정기준 외 비급여,,
1117,오병원,Preg Test,,,,,10000,,,,,급여인정기준 외 비급여,,
1118,오병원,도수치료,,,,,,20000,100000,,,급여인정기준 외 비급여,,
1119,오병원,증식치료,,,,,20000,,,,,급여인정기준 외 비급여,,
1120,오병원,체외충격파(ESWT),,,,,,50000,150000,,,급여인정기준 외 비급여,,
1121,오병원,레이저,,,,,,"100,000","600,000",,,급여인정기준 외 비급여,,
1122,오병원,추간판내 고주파 열치료술,,,,,700000,,,,SZ083,,,
1123,오병원,경피적 경막외 신경성형술,,,,,700000,,,,SZ634,,,
1124,오병원,내시경적 경막외강 신경근성형술,,,,,1500000,,,,SZ631,,,
1125,오병원,,보호자식대(일반식비),,,,4500,,,,,,,
1126,오병원,,공기밥,,,,1000,,,,,,,
1127,오병원,네오드레싱,,,,,,400,1000,,,,,
1128,오병원,무릎보조기,,,,,100000,,,BC1001RE,1개,내측측부인대(MCL),,
1129,오병원,무릎보조기,,,,,200000,,,BC1001XY,1개,후방십자인대(PCL)/전방십자인대(ACL),,
1130,오병원,허리보조기,,,,,,350000,400000,,,,,
1131,오병원,경추보조기,,,,,,70000,380000,,,,,
1132,오병원,팔꿈치보조기,,,,,,35000,200000,,,,,
1133,오병원,발목보조기,,,,,300000,,,BC1101VP,,,,
1134,오병원,발목보조기(Air cast),,,,,120000,,,BC1210RE,,,,
1135,오병원,"엄지,손목보조기",,,,,35000,,,BC1204YQ,,,,
1136,오병원,허리보조기(콜셋),,,,,80000,,,X20254,,,,
1137,오병원,세라겔,,,,,25000,,,BM5004JQ,10g,,,
1138,오병원,PLUS PAD,,,,,10000,,,BM5000LD,10*10,,,
1139,오병원,Regenseal Plus,,,,,300000,,,BM2601QQ,,,,
1140,오병원,FISHER(Kypho),,,,,3000000,,,XD0836,,,,
1141,오병원,DEMIOS,,,,,500000,,,BC0101KJ,,,,
1142,오병원,CHRIS KIT(Kypho),,,,,3000000,,,XD0832,,,,
1143,오병원,압박붕대(CPK FIX),,,,,,5800,16000,BK7101UZ,,,,
1144,오병원,COMFIFAST,,,,,,6000,12000,BK7001GJ,1M,,,
1145,오병원,프리락(압박밴드),,,,,15000,,,BK7000XV,,,,
1146,오병원,Skin Tape,,,,,2000,,,BM5003EM,,,,
1147,오병원,SHILEY ENDOTRACHEAL TUBE HOLDER,,,,,30000,,,BJ1001DU,,,,
1148,오병원,외반무지 수술후 신발,,,,,50000,,,BC1104VP,,,,
1149,오병원,드레싱키트,,,,,2000,,,BM5020HF,,,,
1150,오병원,에이덤 플러스 드레싱,,,,,,880,2500,BM5007HF,,,,
1151,오병원,REMAX(Kypho),,,,,3000000,,,XD0772,,,,
1152,오병원,액티베이터 스프레이,,,,,120000,,,BM5001UG,10ml,,,
1153,오병원,팔걸이,,,,,3000,,,VM061,,,,
1154,오병원,더마솔 밀크로션,,,,,35000,,,DDMAS,100ml,,,
1155,오병원,소프트칼라,,,,,,5000,60000,,,,,
1156,오병원,목발,,,,,20000,,,,1set,,,
1157,오병원,Fix Roll,,,,,500,,,BM5100RW,10cm,,,
1158,오병원,Elatex,,,,,600,,,,10cm,,,
1159,오병원,켈로코트 토피칼 젤,,,,,,25000,40000,,,,,
1160,오병원,켈로코트 솔레어,,,,,43000,,,BM5001SP,1개,,,
1161,오병원,Prosil Plus,,,,,18000,,,,,,,
1162,오병원,코네티비나겔,,,,,,,,684400040,,,,
1163,오병원,엠라크림,,,,,2000,,,,1g,,,
1164,오병원,Dermalex cold cream(보습크림),,,,,35000,,,,1개,,,
1165,오병원,스카센스 패브릭,,,,,,,,BM5002KW,,,,
1166,오병원,시카케어,,,,,60000,,,BM5011CD,1개,,,
1167,오병원,Filter syringe,,,,,1000,,,BM1301ZU,,,,
1168,오병원,Dermabond gel,,,,,50000,,,BM1301ZU,1개,,,
1169,오병원,OPSITE Flexifix,,,,,700,,,BM5108CD,10cm,,,
1170,오병원,Nafix,,,,,5000,,,BJ1003PL,1개,,,
1171,오병원,IV filter,,,,,11000,,,BM1301BY,1개,,,
1172,오병원,Shoulder brace,,,,,290000,,,BC1201ZE,1개,,,
1173,오병원,Bioease,,,,,22000,,,,1개,,,
1174,오병원,Regenseal,,,,,,100000,2800000,,,,,
1175,오병원,Cartifill,,,,,2500000,,,,,,,
1176,오병원,SURGISEAL,,,,,100000,,,,,,,
1177,오병원,PENS,,,,,1800000,,,BF0201ZM,,,,
1178,오병원,ZED,,,,,2500000,,,XD0887,,,,
1179,오병원,CELINA,,,,,2000000,,,XD0892,,,,
1180,오병원,Neo Dermal Activator,,,,,,30000,100000,BM5002RQ,,,,
1181,오병원,ST-reed,,,,,800000,,,BJ4801RA,,,,
1182,오병원,폴리텍 실리콘겔,,,,,25000,,,BM5001SB,15g,,,
1183,오병원,Ace silicone tape,,,,,,30000,,BM2001OH,,,,
1184,오병원,Surgicon,,,,,100000,,,BM500SQ,,,,
1185,오병원,Vendari,,,,,,12000,20000,,,,,
1186,오병원,Coflex,,,,,500,,,BK7101SD,10cm,,,
1187,오병원,쿨&핫 팩,,,,,,5000,50000,BC1004YQ,,,,
1188,오병원,메피폼,,,,,,50000,100000,BM5003JQ,,,,
1189,오병원,라푸젠,,,,,600000,,,BC0103BU,,,,
1190,오병원,CYLINDROBAND,,,,,20000,,,BK7000NA,,,,
1191,오병원,DBM GEL PRO,,,,,,600000,1400000,BC0103BU,,,,
1192,오병원,VIDEOGUIDED CATHETER,,,,,2500000,,,BJ4802ZO,,,,
1193,오병원,PIL(마킹펜)-배액관 고정용판,,,,,7000,,,BJ1001ZC,,,,
1194,오병원,GM SUCTION FIX,,,,,9000,,,BJ1000IP,,,,
1195,오병원,EN-CHITO PATCH DUAL ACTOR,,,,,250000,,,BJ7005LJ,,,,
1196,오병원,Rhico Guard,,,,,25000,,,BM5107GJ,,,,
1197,오병원,MYDERM IMPLANT,,,,,3000000,,,BTS01079,,,,
1198,오병원,Regen patch,,,,,600000,,,BM2602QQ,,,,
1199,오병원,Neo Dermal Activator,,,,,30000,,,BM3001RQ,,,,
1200,오병원,SELLABAN(셀레반),,,,,,500,1000,BK7101HF,10cm,,,
1201,오병원,skin traction kit,,,,,19800,,,XSKTK,,,,
1202,오병원,LIBRA(Kypho),,,,,3000000,,,XD0751,,,,
1203,오병원,BOLLO(Kypho),,,,,2500000,,,XD0882,,,,
1204,오병원,젠타큐,,,,,200000,,,BM5302VT,,,,
1205,오병원,Allocover had(동종진피),,,,,3000000,,,XD0906,,,,
1206,오병원,YES C DISC,,,,,1800000,,,BF0202SH,,,,
1207,오병원,SUREFUSE-TM,,,,,600000,,,BC0103ED,,,,
1208,오병원,영양제 A,,,,,30000,,,642400651,,에가푸신주,,
1209,오병원,영양제 B,,,,,50000,,,655601401,,에셀민,,
1210,오병원,에취라제주,,,,,40000,,,646801020,,,,
1211,오병원,리도제식,,,,,14000,,,674400090,,,,
1212,오병원,파인멀티주,,,,,10000,,,668402011,,,,
1213,오병원,뉴트리헥스주,,,,,60000,,,645100110,,,,
1214,오병원,아나포주,,,,,5000,,,653102950,,,,
1215,오병원,노바콜,,,,,500000,,,697200100,,,,
1216,오병원,D3 base 주사,,,,,40000,,,050000010,,"100,000IU",,
1217,오병원,D3 base 주사,,,,,80000,,,,,"300,000IU",,
1218,오병원,퓨리랙스주,,,,,40000,,,651601530,,,,
1219,오병원,타우로린주사,,,,,100000,,,647801080,,,,
1220,오병원,태평양알보칠콘센트레이트액,,,,,500,,,670000610,,1ml당,,
1221,오병원,메가엑트액,,,,,2500,,,657806201,,20ml/1포,,
1222,오병원,카비파라세타몰주,,,,,20000,,,650902021,,100ml,,
1223,오병원,트라우밀정 15mg,,,,,700,,,651300320,,,,
1224,오병원,칼도롤주,,,,,30000,,,676700450,,,,
1225,오병원,알로스틴주,,,,,22785(급여인정 기준 외 사용시 전액 본인부담),,,653401931,,2ml/1관,,
1226,오병원,케스렌정,,,,,124(급여인정 기준 외 사용시 전액 본인부담),,,654701200,,,,
1227,오병원,테라마이신연고,,,,,385(급여인정 기준 외 사용시 전액 본인부담),,,648901081,,3.5g,,
1228,오병원,본비바주,,,,,51555(급여인정 기준 외 사용시 전액 본인부담),,,645000321,,3ml/1관,,
1229,오병원,코팔먼정,,,,,322(급여인정 기준 외 사용시 전액 본인부담),,,649102660,,,,
1230,오병원,히야론퍼스트주사,,,,,14153(급여인정 기준 외 사용시 전액 본인부담),,,653401271,,2ml/1관,,
1231,오병원,시노비안주,,,,,67200(급여인정 기준 외 사용시 전액 본인부담),,,668902701,,3ml/1관,,
1232,오병원,테리본피하주사,,,,,66100(급여인정 기준 외 사용시 전액 본인부담),,,642507301,,,,
1233,오병원,일반진단서,,,,,20000,,,,,,,
1234,오병원,건강진단서,,,,,20000,,,,,,,
1235,오병원,근로능력평가용 진단서,,,,,10000,,,,,,,
1236,오병원,사망진단서,,,,,10000,,,,,,,
1237,오병원,장애진단서,,,,,15000,,,,,신체적장애,,
1238,오병원,장애진단서,,,,,40000,,,,,정신적장애,,
1239,오병원,후유장애진단서,,,,,100000,,,,,,,
1240,오병원,병무용 진단서,,,,,20000,,,,,,,
1241,오병원,국민연금 장애심사용 진단서,,,,,15000,,,,,,,
1242,오병원,상해진단서,,,,,100000,,,,,3주미만,,
1243,오병원,상해진단서,,,,,150000,,,,,3주이상,,
1244,오병원,영문 일반진단서,,,,,20000,,,,,,,
1245,오병원,제증명서 사본,,,,,1000,,,,,,,
1246,오병원,입퇴원확인서,,,,,3000,,,,,,,
1247,오병원,통원확인서,,,,,3000,,,,,,,
1248,오병원,진료확인서,,,,,3000,,,,,,,
1249,오병원,향후진료비추정서,,,,,50000,,,,,천만원미만,,
1250,오병원,향후진료비추정서,,,,,100000,,,,,천만원이상,,
1251,오병원,장애인증명서,,,,,1000,,,,,,,
1252,오병원,진료기록사본,,,,,1000,,,,,1~5매,,
1253,오병원,진료기록사본,,,,,100,,,,,6매이상,,
1254,오병원,진료기록영상,,,,,5000,,,,,필름,,
1255,오병원,진료기록영상,,,,,10000,,,,,CD,,
1256,오병원,진료기록영상,,,,,20000,,,,,DVD,,
1257,오병원,사보험사 서류발급,,,,,100000,,,,소견서,,,
1258,오병원,소견서,,,,,10000,,,,진단서용도,,,
1259,오병원,수술확인서,,,,,10000,,,,,,,
1260,의료법인고려의료재단부산고려병원,,,,,,,,,,,,,
1261,의료법인고려의료재단부산고려병원,,,,,,,,,,,,,
1262,의료법인고려의료재단부산고려병원,,,,,,,,,,,,,
1263,의료법인고려의료재단부산고려병원,,,,,,,,,,,,,
1264,의료법인고려의료재단부산고려병원,,,,,,,,,,,편측기준,,
1265,의료법인고려의료재단부산고려병원,,,,,,,,,,,편측기준,,
1266,의료법인고려의료재단부산고려병원,,,,,,,,,,,,,
1267,의료법인고려의료재단부산고려병원,,,,,,,,,,,편측기준,,
1268,의료법인고려의료재단부산고려병원,,,,,,,,,,,편측기준,,
1269,의료법인고려의료재단부산고려병원,,,,,,,,,,,편측기준,,
1270,의료법인고려의료재단부산고려병원,,,,,,,,,,,,,
1271,의료법인고려의료재단부산고려병원,,,,,,,,,,,,,
1272,의료법인고려의료재단부산고려병원,,,,,,,,,,,,,
1273,의료법인고려의료재단부산고려병원,,,,,,,,,,,,,
1274,의료법인고려의료재단부산고려병원,,,,,,,,,,,,,
1275,의료법인고려의료재단부산고려병원,,,,,,,,,,,자가면역질환 -RA,,
1276,의료법인고려의료재단부산고려병원,,,,,,,,,,,자가면역질환-베체트병,,
1277,의료법인고려의료재단부산고려병원,,,,,,,,,,,,,
1278,의료법인고려의료재단부산고려병원,,,,,,,,,,,,,
1279,의료법인고려의료재단부산고려병원,,,,,,,,,,,,,
1280,의료법인고려의료재단부산고려병원,,,,,,,,,,,,,
1281,의료법인고려의료재단부산고려병원,,,,,,,,,,,,,
1282,의료법인고려의료재단부산고려병원,,,,,,,,,,,,,
1283,의료법인고려의료재단부산고려병원,,,,,,,,,,,,,
1284,의료법인고려의료재단부산고려병원,,,,,,,,,,,,,
1285,의료법인고려의료재단부산고려병원,,,,,,,,,,,,,
1286,의료법인고려의료재단부산고려병원,,,,,,,,,,,,,
1287,의료법인고려의료재단부산고려병원,,,,,,,,,,,,,
1288,의료법인고려의료재단부산고려병원,,,,,,,,,,,,,
1289,의료법인고려의료재단부산고려병원,,,,,,,,,,,,,
1290,의료법인고려의료재단부산고려병원,,,,,,,,,,,,,
1291,의료법인고려의료재단부산고려병원,,,,,,,,,,,,,
1292,의료법인고려의료재단부산고려병원,,,,,,,,,,,,,
1293,의료법인고려의료재단부산고려병원,,,,,,,,,,,,,
1294,의료법인고려의료재단부산고려병원,,,,,,,,,,,,,
1295,의료법인고려의료재단부산고려병원,,,,,,,,,,,,,
1296,의료법인고려의료재단부산고려병원,,,,,,,,,,,,,
1297,의료법인고려의료재단부산고려병원,,,,,,,,,,,,,
1298,의료법인고려의료재단부산고려병원,,,,,,,,,,,,,
1299,의료법인고려의료재단부산고려병원,,,,,,,,,,,,,
1300,의료법인고려의료재단부산고려병원,,,,,,,,,,,,,
1301,의료법인고려의료재단부산고려병원,,,,,,,,,,,,,
1302,의료법인고려의료재단부산고려병원,,,,,,,,,,,,,
1303,의료법인고려의료재단부산고려병원,,,,,,,,,,,각부위별,,
1304,의료법인고려의료재단부산고려병원,,,,,,,,,,,,,
1305,의료법인고려의료재단부산고려병원,,,,,,,,,,,,,
1306,의료법인고려의료재단부산고려병원,,,,,,,,,,,,,
1307,의료법인고려의료재단부산고려병원,,,,,,,,,,,,,
1308,의료법인고려의료재단부산고려병원,,,,,,,,,,,,,
1309,의료법인고려의료재단부산고려병원,,,,,,,,,,,,,
1310,의료법인고려의료재단부산고려병원,,,,,,,,,,,,,
1311,의료법인고려의료재단부산고려병원,,,,,,,,,,,,,
1312,의료법인고려의료재단부산고려병원,,,,,,,,,,,,,
1313,의료법인고려의료재단부산고려병원,,,,,,,,,,,,,
1314,의료법인고려의료재단부산고려병원,,,,,,,,,,,,,
1315,의료법인고려의료재단부산고려병원,,,,,,,,,,,,,
1316,의료법인고려의료재단부산고려병원,,,,,,,,,,,,,
1317,의료법인고려의료재단부산고려병원,,,,,,,,,,,,,
1318,의료법인고려의료재단부산고려병원,,,,,,,,,,,,,
1319,의료법인고려의료재단부산고려병원,,,,,,,,,,,,,
1320,의료법인고려의료재단부산고려병원,,,,,,,,,,,,,
1321,의료법인고려의료재단부산고려병원,,,,,,,,,,,,,
1322,의료법인고려의료재단부산고려병원,,,,,,,,,,,,,
1323,의료법인고려의료재단부산고려병원,,,,,,,,,,,,,
1324,의료법인고려의료재단부산고려병원,,,,,,,,,,,,,
1325,의료법인고려의료재단부산고려병원,,,,,,,,,,,,,
1326,의료법인고려의료재단부산고려병원,,,,,,,,,,,,,
1327,의료법인고려의료재단부산고려병원,,,,,,,,,,,,,
1328,의료법인고려의료재단부산고려병원,,,,,,,,,,,,,
1329,의료법인고려의료재단부산고려병원,,,,,,,,,,,,,
1330,의료법인고려의료재단부산고려병원,,,,,,,,,,,,,
1331,의료법인고려의료재단부산고려병원,,,,,,,,,,,,,
1332,의료법인고려의료재단부산고려병원,,,,,,,,,,,,,
1333,의료법인고려의료재단부산고려병원,,,,,,,,,,,미네랄,,
1334,의료법인고려의료재단부산고려병원,,,,,,,,,,,"빈혈,철분제",,
1335,의료법인고려의료재단부산고려병원,,,,,,,,,,,,,
1336,의료법인고려의료재단부산고려병원,,,,,,,,,,,"비염,콧물",,
1337,의료법인고려의료재단부산고려병원,,,,,,,,,,,,,
1338,의료법인고려의료재단부산고려병원,,,,,,,,,,,,,
1339,의료법인고려의료재단부산고려병원,,,,,,,,,,,,,
1340,의료법인고려의료재단부산고려병원,,,,,,,,,,,,,
1341,의료법인고려의료재단부산고려병원,,,,,,,,,,,,,
1342,의료법인고려의료재단부산고려병원,,,,,,,,,,,,,
1343,의료법인고려의료재단부산고려병원,,,,,,,,,,,,,
1344,의료법인고려의료재단부산고려병원,,,,,,,,,,,,,
1345,의료법인고려의료재단부산고려병원,,,,,,,,,,,,,
1346,의료법인고려의료재단부산고려병원,,,,,,,,,,,수술 감염예방,,
1347,의료법인고려의료재단부산고려병원,,,,,,,,,,,,,
1348,의료법인고려의료재단부산고려병원,,,,,,,,,,,,,
1349,의료법인고려의료재단부산고려병원,,,,,,,,,,,피부감염,,
1350,의료법인고려의료재단부산고려병원,,,,,,,,,,,구내염,,
1351,의료법인고려의료재단부산고려병원,,,,,,,,,,,,,
1352,의료법인고려의료재단부산고려병원,,,,,,,,,,,,,
1353,의료법인고려의료재단부산고려병원,,,,,,,,,,,,,
1354,의료법인고려의료재단부산고려병원,,,,,,,,,,,,,
1355,의료법인고려의료재단부산고려병원,,,,,,,"25,000","35,000",,,"3가, 4가",,
1356,의료법인고려의료재단부산고려병원,,,,,,,,,,,,,
1357,의료법인고려의료재단부산고려병원,,,,,,,"50,000","100,000",,,,,
1358,의료법인고려의료재단부산고려병원,,,,,,,,,,,,,
1359,의료법인고려의료재단부산고려병원,,,,,,,,,,,"A,B형 인플루엔자",,
1360,의료법인고려의료재단부산고려병원,,,,,,,,,,,,,
1361,의료법인고려의료재단부산고려병원,,,,,,,,,,,,,
1362,의료법인고려의료재단부산고려병원,,,,,,,,,,,검사료 별도,,
1363,의료법인고려의료재단부산고려병원,,,,,,,,,,,,,
1364,의료법인고려의료재단부산고려병원,,,,,,,,,,,,,
1365,의료법인고려의료재단부산고려병원,,,,,,,,,,,,,
1366,의료법인고려의료재단부산고려병원,,,,,,,,,,,,,
1367,의료법인고려의료재단부산고려병원,,,,,,,,,,,,,
1368,의료법인고려의료재단부산고려병원,,,,,,,,,,,,,
1369,의료법인고려의료재단부산고려병원,,,,,,,,,,,,,
1370,의료법인고려의료재단부산고려병원,,,,,,,,,,,,,
1371,의료법인고려의료재단부산고려병원,,,,,,,,,,,,,
1372,의료법인고려의료재단부산고려병원,,,,,,,,,,,,,
1373,의료법인고려의료재단부산고려병원,,,,,,,,,,,,,
1374,의료법인고려의료재단부산고려병원,,,,,,,,,,,,,
1375,의료법인고려의료재단부산고려병원,,,,,,,,,,,,,
1376,의료법인고려의료재단부산고려병원,,,,,,,,,,,,,
1377,의료법인고려의료재단부산고려병원,,,,,,,,,,,추가 검사료 별도,,
1378,의료법인고려의료재단부산고려병원,,,,,,,,,,,추가 검사료 별도,,
1379,의료법인고려의료재단부산고려병원,,,,,,,,,,,장당 부과,,
1380,의료법인고려의료재단부산고려병원,,,,,,,,,,,장당 부과,,
1381,의료법인고려의료재단부산고려병원,,,,,,,,,,,,,
1382,의료법인고려의료재단부산고려병원,,,,,,,,,,,,,
1383,의료법인고려의료재단부산고려병원,,,,,,,,,,,,,
1384,의료법인고려의료재단부산고려병원,,,,,,,,,,,,,
1385,의료법인고려의료재단부산고려병원,,,,,,,,,,,,,
1386,의료법인고려의료재단부산고려병원,,,,,,,,,,,,,
1387,의료법인고려의료재단부산고려병원,,,,,,,,,,,,,
1388,의료법인고려의료재단부산고려병원,,,,,,,,,,,,,
1389,의료법인고려의료재단부산고려병원,,,,,,,,,,,,,
1390,의료법인고려의료재단부산고려병원,,,,,,,,,,,,,
1391,의료법인고려의료재단부산고려병원,,,,,,,,,,,,,
1392,의료법인고려의료재단부산고려병원,,,,,,,,,,,,,
1393,의료법인고려의료재단부산고려병원,,,,,,,,,,,,,
1394,의료법인고려의료재단부산고려병원,,,,,,,,,,,,,
1395,의료법인고려의료재단부산고려병원,,,,,,,,,,,,,
1396,의료법인고려의료재단부산고려병원,,,,,,,,,,,,,
1397,미래병원,당뇨병교육,교육상담료,,,,"30,000",,,AZ001,당뇨교육 A (교제포함),,,
1398,미래병원,당뇨병교육,교육상담료,,,,"20,000",,,AZ001,당뇨교육 A (교재없슴),,,
1399,미래병원,당뇨병교육,교육상담료,,,,"6,000",,,,당뇨식이교육,,,
1400,미래병원,특실,상급병실료차액,,,,,"362,490","373,630",ABZ11,1인실,,,
1401,미래병원,특실,상급병실료차액,,,,,"232,490","293,630",ABZ11,1인실,,,
1402,미래병원,1인실,상급병실료차액,,,,,"182,490","223,630",ABZ01,일반,,,
1403,미래병원,1인실,상급병실료차액,,,,,"182,490","212,490",ABZ01,산부인과병동,,,
1404,미래병원,1인실,상급병실료차액,,,,"232,490",,,ABZ01,재활과병동,,,
1405,미래병원,C1 inhibitor(위탁),혈장단백검사,,,,"70,480",,,CZ111,,,,
1406,미래병원,ECP(Eosinophil Cationic Protein)(위탁),검체검사료,,,,"140,646",,,CZ114,,,,
1407,미래병원,Acetylcholinesterase 정성,전기영동검사,,,,"232,850",,,BZ173,,,,
1408,미래병원,PTH related peptide (위탁),내분비검사,,,,"101,520",,,CZ192,,,,
1409,미래병원,VIP(Vasoactive intestinal peptide) (위탁),내분비검사,,,,"466,820",,,CZ200,,,,
1410,미래병원,Sex Hormone Binding Globulin(위탁),내분비검사,,,,"70,455",,,CZ202,,,,
1411,미래병원,TSH 알파-Subunit(free)(위탁),내분비검사,,,,"60,900",,,CZ203,,,,
1412,버팀병원,공깃밥(추가),,공깃밥,식대,,"1,000",,,공깃밥(추가) [000000000],,,,
1413,버팀병원,보호자식,,보호자식,식대,,"5,000",,,보호자식 [000000000],,,,
1414,버팀병원,WA FIX,,혈관 중재적 시술 후 지혈용,치료재료,,"60,000",,,WA FIX [BJ700SM],,,,
1415,버팀병원,GM Suction Fix Set,,"흡인용튜브, 카테터 고정기구",치료재료,,"25,000",,,GM Suction Fix Set [BJ1000IP],,,,
1416,버팀병원,"Safe Clip 부직포, 벨크로, 패드 등",,배액관 고정용 판,치료재료,,"10,000",,,"Safe Clip 부직포, 벨크로, 패드 등 [BJ1000SJ]",,,,
1417,버팀병원,이지폴리 실리콘,,실리콘 패드,치료재료,,"20,000",,,이지폴리 실리콘 [BJ1004SZ],,,,
1418,버팀병원,Fix Master,,배액관및 의료기구 고정,치료재료,,"5,000",,,Fix Master  [BJ1000PW],,,,
1419,버팀병원,Micro Filter Syringe Ⅱ Pp,,의약품주입여과기,치료재료,,"1,200",,,Micro Filter Syringe Ⅱ Pp [BM1304UO],,,,
1420,버팀병원,고클린필터,,수액세트,치료재료,,"8,900",,,고클린필터 [BM0301GI],,,,
1421,버팀병원,Quikclot hemostatic dressing rayon,,혈관 중재적 시술 후 지혈용,치료재료,,"150,000",,,Quikclot hemostatic dressing rayon [BJ7003LQ],,,,
1422,버팀병원,ONE-Ky,,일회용 드레싱세트,치료재료,,"2,500",,,ONE-Ky [BM5101BF],,,,
1423,버팀병원,"coban 1"" 1개당",,"폴리에스터, 폴리우레탄, 라텍스",치료재료,,"3,500",,,"coban 1"" 1개당 [BK7101EA]",,,,
1424,버팀병원,"coban 1"" 1회분",,"폴리에스터, 폴리우레탄, 라텍스",치료재료,,"1,000",,,"coban 1"" 1회분 [BK7101EA]",,,,
1425,버팀병원,Bonguard Band,,"폴리우레탄, 벨크로",치료재료,,"20,000",,,Bonguard Band [BC1210BV],,,,
1426,버팀병원,Dual Patty,,국소지혈용드레싱 (써지컬 스폰지),치료재료,,"50,000",,,Dual Patty [BJ7005LJ],,,,
1427,버팀병원,young wound dressing silver 9*35,,실버 은함유 부직포,치료재료,,"11,900",,,young wound dressing silver 9*35 [BM5029CU],,,,
1428,버팀병원,young wound dressing silver 9*30,,실버 은함유 부직포,치료재료,,"9,600",,,young wound dressing silver 9*30 [BM5029CU],,,,
1429,버팀병원,young wound dressing silver 9*25,,실버 은함유 부직포,치료재료,,"8,100",,,young wound dressing silver 9*25 [BM5029CU],,,,
1430,버팀병원,young wound dressing silver 9*20,,실버 은함유 부직포,치료재료,,"7,100",,,young wound dressing silver 9*20 [BM5029CU],,,,
1431,버팀병원,young wound dressing silver 9*15,,실버 은함유 부직포,치료재료,,"4,800",,,young wound dressing silver 9*15 [BM5029CU],,,,
1432,버팀병원,young wound dressing silver 9*10,,실버 은함유 부직포,치료재료,,"3,600",,,young wound dressing silver 9*10 [BM5029CU],,,,
1433,버팀병원,young wound dressing silver 6*10,,실버 은함유 부직포,치료재료,,"2,400",,,young wound dressing silver 6*10 [BM5029CU],,,,
1434,버팀병원,young wound dressing silver 6*7,,실버 은함유 부직포,치료재료,,"2,000",,,young wound dressing silver 6*7 [BM5029CU],,,,
1435,버팀병원,Regenseal Porcine Dermal Collagen,,연골힘줄뼈재생 콜라겐주사,치료재료,,"250,000",,,Regenseal Porcine Dermal Collagen [BM2601QQ],,,,
1436,버팀병원,Collashield,,연골힘줄뼈재생 콜라겐주사,치료재료,,"250,000",,,Collashield [BM2601OP],,,,
1437,버팀병원,HYPAFIX(10*10),,HYPAFIX,치료재료,,"3,000",,,HYPAFIX(10*10) [BM5103CD],,,,
1438,버팀병원,Super Fix (15*10),,부직포+폴리아크릴레이트점착제,치료재료,,500,,,Super Fix (15*10) [BM5104BL],,,,
1439,버팀병원,Super Fix (10*10),,부직포+폴리아크릴레이트점착제,치료재료,,400,,,Super Fix (10*10) [BM5104BL],,,,
1440,버팀병원,Neo Skin-D Glycerol,,창상피복제,치료재료,,"115,000",,,Neo Skin-D Glycerol  [BM5006RQ],,,,
1441,버팀병원,하이배리,,유착방지제,치료재료,,"280,000",,,하이배리 [BF0101VT],,,,
1442,버팀병원,에드플렉스 아이,,멸균용지혈밴드,치료재료,,"1,500",,,에드플렉스 아이  [BM5033CU],,,,
1443,버팀병원,Plio Cotton,,압박 고정용 탄력반창고,치료재료,,"18,000",,,Plio Cotton [BK7000GS],,,,
1444,버팀병원,U-Band,,압박용밴드,치료재료,,"50,000",,,U-Band [BC1200IT],,,,
1445,버팀병원,EZ FIX Puls,,H/V고정재료,치료재료,,"50,000",,,EZ FIX Puls [BJ1016SZ],,,,
1446,버팀병원,Ez-Plus Silicone Tape,,"폴리우레탄, 실리콘점착제",치료재료,,"10,000",,,Ez-Plus Silicone Tape [BM2002SZ],,,,
1447,버팀병원,Opsite Flexifix,,폴리우레탄필름+아크릴성접착제,치료재료,,"7,000",,,Opsite Flexifix [BM5107CD],,,,
1448,버팀병원,Opsite Post-Op 25*10,,폴리우레탄필름+아크릴성접착제+PET 필름,치료재료,,"8,000",,,Opsite Post-Op 25*10 [BM5013CD],,,,
1449,버팀병원,Opsite Post-Op 15.5*8.5,,폴리우레탄필름+아크릴성접착제+PET 필름,치료재료,,"8,000",,,Opsite Post-Op 15.5*8.5 [BM5013CD],,,,
1450,버팀병원,Opsite Post-Op 9.5*8.5,,폴리우레탄필름+아크릴성접착제+PET 필름,치료재료,,"6,000",,,Opsite Post-Op 9.5*8.5 [BM5013CD],,,,
1451,버팀병원,Opsite Post-Op 6.5*5,,폴리우레탄필름+아크릴성접착제+PET 필름,치료재료,,"5,000",,,Opsite Post-Op 6.5*5 [BM5013CD],,,,
1452,버팀병원,Allocover Had Acellular Dermis,,AC-CC recon,치료재료,,"2,000,000",,,Allocover Had Acellular Dermis [BTS01114],,,,
1453,버팀병원,STIRING STS,,발톱 고정용 재료,치료재료,,"220,000",,,STIRING STS [BC1301UJ],,,,
1454,버팀병원,Art-Bend Pins Stainless Steel,,Pin,치료재료,,"280,000",,,Art-Bend Pins Stainless Steel [BC4101HK],,,,
1455,버팀병원,ACE EDEN-SCREW SET,,PLIF 재료대,치료재료,,"400,000",,,ACE EDEN-SCREW SET [00000000],,한시적 비급여,,
1456,버팀병원,ACE EDEN-ROD,,PLIF 재료대,치료재료,,"250,000",,,ACE EDEN-ROD [00000000],,한시적 비급여,,
1457,버팀병원,ACE EDEN PEEK CAGE ll,,PLIF cage,치료재료,,"500,000",,,ACE EDEN PEEK CAGE ll [00000000],,한시적 비급여,,
1458,버팀병원,"INTO-LB, INTO-CB DISQ CATH",,추간공 확장술 재료대,치료재료,,"1,600,000",,,"INTO-LB, INTO-CB DISQ CATH [BF0202VC]",,,,
1459,버팀병원,ROTAIO,,척추고정용 인공디스크,치료재료,,"4,500,000",,,ROTAIO [BF0001HB],,,,
1460,버팀병원,EL Fuse Injectable DBM 1cc,,DBM,치료재료,,"300,000",,,EL Fuse Injectable DBM 1cc [BC0102QT],,,,
1461,버팀병원,DEMIOS 0.5CC,,DBM,치료재료,,"400,000",,,DEMIOS 0.5CC [BC0101KJ],,,,
1462,버팀병원,DEMIOS 1CC,,DBM,치료재료,,"800,000",,,DEMIOS 1CC [BC0101KJ],,,,
1463,버팀병원,Orthoblast ∥ Paste Dbm 3CC,,DBM,치료재료,,"1,800,000",,,Orthoblast ∥ Paste Dbm 3CC [BC0101IE],,,,
1464,버팀병원,Anyplus Cage inserter(Lumbar),,DBM,치료재료,,"2,750,000",,,Anyplus Cage inserter(Lumbar) [BC0104ED],,,,
1465,버팀병원,Anyplus Cage Inserter(Cervical),,DBM,치료재료,,"1,760,000",,,Anyplus Cage Inserter(Cervical) [BC0104ED],,,,
1466,버팀병원,Allocover Had Acellular Dermis,,Allocover Had Acellular Dermis,치료재료,,"2,000,000",,,Allocover Had Acellular Dermis [BTS01114],,,,
1467,버팀병원,EPISOL-H (Balloon PEN),,경피적풍선확장경막외강신경성형술 재료대,치료재료,,"2,100,000",,,EPISOL-H (Balloon PEN) [BJ4804GZ],,,,
1468,버팀병원,Asan-Zineu Balloon Catheter,,경피적풍선확장경막외강신경성형술 재료대,치료재료,,"2,100,000",,,Asan-Zineu Balloon Catheter [BJ4801NX],,,,
1469,버팀병원,Neurocare Stainless Steel,,내시경적 경막외강 신경근성형술 재료대,치료재료,,"2,000,000",,,Neurocare Stainless Steel [BJ4800XK],,,,
1470,버팀병원,VEELER,,내시경적 경막외강 신경근성형술 재료대,치료재료,,"2,500,000",,,VEELER [BJ4808RA],,,,
1471,버팀병원,Endo V-STIK,,내시경적 경막외강 신경근성형술 재료대,치료재료,,"2,500,000",,,Endo V-STIK [BJ4800ZQ],,,,
1472,버팀병원,SPINAUT-E,,경피적 경막외강 신경성형술  재료대,치료재료,,"800,000",,,SPINAUT-E [BJ4801UN],,,,
1473,버팀병원,ABEL EPIDURAl CATHETER,,경피적 경막외강 신경성형술  재료대,치료재료,,"800,000",,,ABEL EPIDURAl CATHETER [BJ4801GZ],,,,
1474,버팀병원,EDEN  epidural Catheter,,경피적 경막외강 신경성형술  재료대,치료재료,,"800,000",,,EDEN  epidural Catheter [BJ4801GV],,,,
1475,버팀병원,NP-KJ-400,,추간판내 고주파 열치료술  재료대,치료재료,,"1,500,000",,,NP-KJ-400  [BF0201OB],,,,
1476,버팀병원,PENS II -LE,,추간판내 고주파 열치료술  재료대,치료재료,,"1,500,000",,,PENS II -LE [BF0201ZM],,,,
1477,버팀병원,켈로코트연고 15g,,흉터연고,비급여 약제,,"50,000",,,켈로코트연고 15g [BM5001DP],,,,
1478,버팀병원,후시딘 연고 10g,,외용항균제,비급여 약제,,"6,500",,,후시딘 연고 10g [642703970],,,,
1479,버팀병원,인스틸라젤,,국소마취제,비급여 약제,,"15,000",,,인스틸라젤 [675100012],,,,
1480,버팀병원,카티스템 1.5ml,,근골격계약물,비급여 약제,,"9,000,000",,,카티스템 1.5ml [062290001],,,,
1481,버팀병원,루플라,,근골격계약물,비급여 약제,,"280,000",,,루플라 [053300080],,,,
1482,버팀병원,본왁스,,지혈제,비급여 약제,,"20,000",,,본왁스 [650800110],,,,
1483,버팀병원,플로실헤모스태틱매트릭스,,지혈제,비급여 약제,,"950,000",,,플로실헤모스태틱매트릭스 [646601400],,,,
1484,버팀병원,노바콜피브릴라 0.5G,,지혈제,비급여 약제,,"500,000",,,노바콜피브릴라 0.5G [697200140],,,,
1485,버팀병원,타우로린(항생제),,기타항생제,비급여 약제,,"120,000",,,타우로린(항생제) [647801080],,수술감염예방 보조치료,,
1486,버팀병원,히알로제주,,효소제제,비급여 약제,,"60,000",,,히알로제주 [053300061],,,,
1487,버팀병원,징크온주,,아연보충영양제,비급여 약제,,"130,000",,,징크온주 [645905870],,,,
1488,버팀병원,하이디알주,,상처치료제,비급여 약제,,"100,000",,,하이디알주  [654802270],,상처치료 및 조직수복,,
1489,버팀병원,플라스마라이트148주,,혈액대용제,비급여 약제,,"60,000",,,플라스마라이트148주 [646601610],,,,
1490,버팀병원,아데노피2ml,,호르몬제,비급여 약제,,"30,000",,,아데노피2ml [053300141],,,,
1491,버팀병원,비타디본주,,비타민제,비급여 약제,,"40,000",,,비타디본주 [670606710],,,,
1492,버팀병원,멀티블루5주,,미네랄제제,비급여 약제,,"50,000",,,멀티블루5주 [655604320],,,,
1493,버팀병원,뉴트리헥스250ml,,단백아미노산제제,비급여 약제,,"50,000",,,뉴트리헥스250ml [645100110],,,,
1494,버팀병원,뉴트리헥스100ml,,단백아미노산제제,비급여 약제,,"25,000",,,뉴트리헥스100ml [645103360],,,,
1495,버팀병원,오마프원페리주 362ml,,단백아미노산제제,비급여 약제,,"90,000",,,오마프원페리주 362ml [056400031],,,,
1496,버팀병원,원포팜주,,진통제,비급여 약제,,"7,000",,,원포팜주 [053300031],,,,
1497,버팀병원,오라팡정 28정,,대장내시경검사 전처치용 장세척제,비급여 약제,,"35,000",,,오라팡정 28정 [659901460],,,,
1498,버팀병원,트레스탄캅셀,,식욕촉진제,비급여 약제,,800,,,트레스탄캅셀 [647802340],,,,
1499,버팀병원,베아제,,소화제,비급여 약제,,400,,,베아제 [641601460],,,,
1500,버팀병원,복합파자임이중정,,소화제,비급여 약제,,200,,,복합파자임이중정 [642200580],,,,
1501,버팀병원,프리번정,,제산제,비급여 약제,,800,,,프리번정 [053300020],,,,
1502,버팀병원,페라미플루주15ml,,"인플루엔자A,B 치료제",비급여 약제,,"70,000",,,페라미플루주15ml [643604611],,,,
1503,버팀병원,일반 진단서(재발행),,제증명서 사본,제증명수수료,,"1,000",,,일반 진단서(재발행) [PDZ160000],,,,
1504,버팀병원,입원/퇴원 확인서(재발행),,제증명서 사본,제증명수수료,,"1,000",,,입원/퇴원 확인서(재발행) [PDZ160000],,,,
1505,버팀병원,상해진단서 (3주미만 재발행),,제증명서 사본,제증명수수료,,"1,000",,,상해진단서 (3주미만 재발행) [PDZ160000],,,,
1506,버팀병원,상해진단서 (3주이상 재발행),,제증명서 사본,제증명수수료,,"1,000",,,상해진단서 (3주이상 재발행) [PDZ160000],,,,
1507,버팀병원,후유장애 진단서(재발행),,제증명서 사본,제증명수수료,,"1,000",,,후유장애 진단서(재발행) [PDZ160000],,,,
1508,버팀병원,CD복사료,,진료기록영상,제증명수수료,,"10,000",,,CD복사료 [PDZ110004],,,,
1509,버팀병원,의무기록사본(6매이상),,진료기록사본,제증명수수료,,100,,,의무기록사본(6매이상) [PDZ110102],,,,
1510,버팀병원,의무기록사본(1~5매),,진료기록사본,제증명수수료,,"1,000",,,의무기록사본(1~5매) [PDZ110101],,,,
1511,버팀병원,채용(간염+VDRL),,건강진단서,제증명수수료,,"20,000",,,채용(간염+VDRL) [PDZ010004],,검사비 별도,,
1512,버팀병원,채용(간염+요추),,건강진단서,제증명수수료,,"20,000",,,채용(간염+요추) [PDZ010004],,검사비 별도,,
1513,버팀병원,채용(요추포함),,건강진단서,제증명수수료,,"20,000",,,채용(요추포함) [PDZ010004],,검사비 별도,,
1514,버팀병원,채용(간염포함),,건강진단서,제증명수수료,,"20,000",,,채용(간염포함) [PDZ010004],,검사비 별도,,
1515,버팀병원,채용(삼성출입용),,건강진단서,제증명수수료,,"20,000",,,채용(삼성출입용) [PDZ010004],,검사비 별도,,
1516,버팀병원,채용(일반),,채용신체 검사서,제증명수수료,,"30,000",,,채용(일반) [PDZ010004],,,,
1517,버팀병원,채용(공무원),,채용신체 검사서,제증명수수료,,"40,000",,,채용(공무원) [PDZ010003],,"계측검사, 일반혈액검사, 요검사, 흉부방사선검사비용을 포함하며, 그 외 마약류 검사 및 특이질환 검사비용 등은 제외",,
1518,버팀병원,향후치료비 추정서(천만원이상),,향후진료비추정서,제증명수수료,,"100,000",,,향후치료비 추정서(천만원이상) [PDZ140002],,,,
1519,버팀병원,향후치료비 추정서(천만원이하),,향후진료비추정서,제증명수수료,,"50,000",,,향후치료비 추정서(천만원이하) [PDZ140001],,,,
1520,버팀병원,진료 확인서,,확인서,제증명수수료,,"3,000",,,진료 확인서 [PDZ090007],,,,
1521,버팀병원,통원 확인서,,확인서,제증명수수료,,"3,000",,,통원 확인서 [PDZ090004],,,,
1522,버팀병원,입원/퇴원 확인서(퇴원당일),,확인서,제증명수수료,,"3,000",,,입원/퇴원 확인서(퇴원당일) [PDZ090002],,,,
1523,버팀병원,영문진단서,,영문진단서,제증명수수료,,"20,000",,,영문진단서 [PDE010001],,,,
1524,버팀병원,상해진단서(3주이상),,상해진단서,제증명수수료,,"150,000",,,상해진단서(3주이상) [PDZ020002],,,,
1525,버팀병원,상해진단서(3주미만),,상해진단서,제증명수수료,,"100,000",,,상해진단서(3주미만) [PDZ020001],,,,
1526,버팀병원,병사용 진단서,,병무용진단서,제증명수수료,,"20,000",,,병사용 진단서 [PDZ080000],,,,
1527,버팀병원,후유장애 진단서,,장애진단서,제증명수수료,,"100,000",,,후유장애 진단서 [PDZ070003],,,,
1528,버팀병원,동사무소 장애진단서,,장애진단서,제증명수수료,,"15,000",,,동사무소 장애진단서 [PDZ070001],,,,
1529,버팀병원,국가 장애진단서,,장애진단서,제증명수수료,,"15,000",,,국가 장애진단서 [PDZ070001],,,,
1530,버팀병원,근로능력 평가서,,진단서,제증명수수료,,"10,000",,,근로능력 평가서 [PDZ010002],,,,
1531,버팀병원,건강진단서(기숙사),,진단서,제증명수수료,,"20,000",,,건강진단서(기숙사) [PDZ010001],,검사비 별도,,
1532,버팀병원,"건강진단서(영양사,조리사)",,진단서,제증명수수료,,"20,000",,,"건강진단서(영양사,조리사) [PDZ010001]",,검사비 별도,,
1533,버팀병원,건강진단서(의료인),,진단서,제증명수수료,,"20,000",,,건강진단서(의료인) [PDZ010001],,검사비 별도,,
1534,버팀병원,일반진단서,,진단서,제증명수수료,,"20,000",,,일반진단서 [PDZ010000],,,,
1535,버팀병원,스카이셀플루4가 PFS,,독감,예방접종료,,"35,000",,,스카이셀플루4가 PFS [056400031],,,,
1536,버팀병원,프리베나 13주,,폐렴구균,예방접종료,,"130,000",,,프리베나 13주 [648902270],,,,
1537,버팀병원,유박스,,B형간염,예방접종료,,"23,000",,,유박스 [668900920],,1회당,,
1538,버팀병원,조스타박스,,대상포진,예방접종료,,"190,000",,,조스타박스 [655500900],,,,
1539,버팀병원,하브릭스주 1ml,,A형간염,예방접종료,,"80,000",,,하브릭스주 1ml [650001800],,,,
1540,버팀병원,박타프리필드시린지 1ml-성인용,,A형간염,예방접종료,,"80,000",,,박타프리필드시린지 1ml-성인용 [655501740],,,,
1541,버팀병원,아박심160U 성인용주,,A형간염,예방접종료,,"70,000",,,아박심160U 성인용주 [665900180],,,,
1542,버팀병원,SONO inj,,SONO inj,처치 및 수술료,,"100,000",,,SONO inj [EB402],,최소 3만원~ 최대 15만원,,
1543,버팀병원,경피적 풍선확장 경막외강 신경성형,,경피적 풍선확장 경막외강 신경성형,처치 및 수수료(신경),,"2,620,000",,,경피적 풍선확장 경막외강 신경성형 [SZ6410000],,"재료대 포함/Asan-Zineu Balloon Catheter, EPISOL-H (Balloon PEN)",,
1544,버팀병원,Percutaneous Epidural Neuroplasty(PEN),,경피적 경막외강 신경성형술,처치 및 수수료(신경),,"1,320,000",,,Percutaneous Epidural Neuroplasty(PEN) [SZ6340000],,"재료대포함/ EDEN  epidural ,ABEL EPIDURAl, SPINAUT-E",,
1545,버팀병원,내시경적 경막외강 신경근성형술,,내시경적 경막외강 신경근성형술,처치 및 수수료(신경),,"4,000,000",,,내시경적 경막외강 신경근성형술 [SZ6310000],,"재료대포함 /  Endo V-STIK,VEELER",,
1546,버팀병원,NP(Neucleoplasty),,추간판내 고주파 열치료술,처치 및 수술료(근골),,"2,620,000",,,NP(Neucleoplasty) [SZ0830000],,"재료대포함 / PENS II -LE, NP-KJ-400",,
1547,버팀병원,ESWT B,,체외충격파치료[근골격계질환],처치 및 수술료,,"100,000",,,ESWT B [SZ0840000],,"타수: 1,500 타",,
1548,버팀병원,ESWT A,,체외충격파치료[근골격계질환],처치 및 수술료,,"70,000",,,ESWT A [SZ0840000],,"타수: 1,000 타",,
1549,버팀병원,Pain Jammer,,비침습적 무통증 신호요법,이학요법료,,"70,000",,,Pain Jammer [MZ0120000],,,,
1550,버팀병원,증식치료,,증식치료,이학요법료,,"100,000",,,증식치료 [MY1420000],,최소 2만원 ~ 최대 10만원,,
1551,버팀병원,도수치료 A,,도수치료,이학요법료,,"80,000",,,도수치료 A [MX1220000],,최소 8만원~ 최대12만원,,
1552,버팀병원,BRAIN MRA,,기본검사/ 혈관-뇌혈관,MRI진단료,,"350,000",,,BRAIN MRA [HI1350001],,,,
1553,버팀병원,MRI(B) Pelvis,,기본검사/ 복부,MRI진단료,,"350,000",,,MRI(B) Pelvis [HI1280001],,"Post MRI 25만원 , 조영제추가 10만원",,
1554,버팀병원,MRI(B) Abdomen,,기본검사/ 복부,MRI진단료,,"350,000",,,MRI(B) Abdomen [HI1270001],,조영제추가 10만원,,
1555,버팀병원,MRI(B) Lower Extrimity,,기본검사/ 근골격계,MRI진단료,,"350,000",,,MRI(B) Lower Extrimity [HE1230000],,조영제추가 10만원,,
1556,버팀병원,MRI(B) Upper Extrimity,,기본검사/ 근골격계,MRI진단료,,"350,000",,,MRI(B) Upper Extrimity [HE1220000],,조영제추가 10만원,,
1557,버팀병원,MRI(B) Ankle,,기본검사/ 근골격계,MRI진단료,,"350,000",,,MRI(B) Ankle [HE1210000],,"Post MRI 25만원 , 조영제추가 10만원",,
1558,버팀병원,MRI(B) Knee,,기본검사/ 근골격계,MRI진단료,,"350,000",,,MRI(B) Knee [HE1200000],,"Post MRI 25만원 , 조영제추가 10만원",,
1559,버팀병원,MRI(B) Sacrum,,기본검사/ 근골격계,MRI진단료,,"350,000",,,MRI(B) Sacrum [HE1190000],,조영제추가 10만원,,
1560,버팀병원,MRI(B) Hip,,기본검사/ 근골격계,MRI진단료,,"350,000",,,MRI(B) Hip [HE1180000],,"Post MRI 25만원 , 조영제추가 10만원",,
1561,버팀병원,MRI(B) Wrist,,기본검사/ 근골격계,MRI진단료,,"350,000",,,MRI(B) Wrist [HE1170000],,"Post MRI 25만원 , 조영제추가 10만원",,
1562,버팀병원,MRI(B) Elbow,,기본검사/ 근골격계,MRI진단료,,"350,000",,,MRI(B) Elbow [HE1160000],,"Post MRI 25만원 , 조영제추가 10만원",,
1563,버팀병원,MRI(B) Shoulder,,기본검사/ 근골격계,MRI진단료,,"350,000",,,MRI(B) Shoulder [HE1150000],,"Post MRI 35만원 , 조영제추가 10만원",,
1564,버팀병원,MRI(B) T-L Spine,,기본검사/ 척추,MRI진단료,,"350,000",,,MRI(B) T-L Spine [HE1130000],,"Post MRI 25만원 , 조영제추가 10만원",,
1565,버팀병원,MRI L-spine,,기본검사/ 척추,MRI진단료,,"350,000",,,MRI L-spine [HE1110000],,,,
1566,버팀병원,MRI(B) T-Spine,,기본검사/ 척추,MRI진단료,,"350,000",,,MRI(B) T-Spine [HE1100000],,"Post MRI 25만원 , 조영제추가 10만원",,
1567,버팀병원,MRI C-spine,,기본검사/ 척추,MRI진단료,,"350,000",,,MRI C-spine [HE1090000],,,,
1568,버팀병원,BRAIN MRI,,기본검사/ 뇌,MRI진단료,,"350,000",,,BRAIN MRI [HI1010001],,,,
1569,버팀병원,SONO-편측 (하지) 도플러,,진단초음파/ 혈관-사지혈관 도플러 초음파,초음파검사료,,"170,000",,,SONO-편측 (하지) 도플러 [EB4880000],,양측(하지) 27만원,,
1570,버팀병원,SONO-편측 (상지) 도플러,,진단초음파/ 혈관-사지혈관 도플러 초음파,초음파검사료,,"170,000",,,SONO-편측 (상지) 도플러 [EB4850000],,양측(상지) 27만원,,
1571,버팀병원,SONO-기타,,"진단초음파/ 근골격, 연부-연부조직 초음파",초음파검사료,,"80,000",,,SONO-기타 [EB4700000],,,,
1572,버팀병원,SONO-Ankle,,"진단초음파/ 근골격, 연부-관절 초음파",초음파검사료,,"80,000",,,SONO-Ankle [EB4680000],,,,
1573,버팀병원,SONO-Wrist,,"진단초음파/ 근골격, 연부-관절 초음파",초음파검사료,,"80,000",,,SONO-Wrist [EB4670000],,,,
1574,버팀병원,SONO-Shoulder,,"진단초음파/ 근골격, 연부-관절 초음파",초음파검사료,,"80,000",,,SONO-Shoulder [EB4660000],,,,
1575,버팀병원,SONO-Hip,,"진단초음파/ 근골격, 연부-관절 초음파",초음파검사료,,"80,000",,,SONO-Hip [EB4650000],,,,
1576,버팀병원,SONO-Knee,,"진단초음파/ 근골격, 연부-관절 초음파",초음파검사료,,"80,000",,,SONO-Knee [EB4640000],,,,
1577,버팀병원,SONO-Elbow,,"진단초음파/ 근골격, 연부-관절 초음파",초음파검사료,,"80,000",,,SONO-Elbow [EB4630000],,,,
1578,버팀병원,SONO-FOOT,,"진단초음파/ 근골격, 연부-관절 초음파",초음파검사료,,"60,000",,,SONO-FOOT [EB4620000],,,,
1579,버팀병원,SONO-Hand,,"진단초음파/ 근골격, 연부-관절 초음파",초음파검사료,,"60,000",,,SONO-Hand [EB4610000],,,,
1580,버팀병원,SONO-Echocardiogram,,진단초음파/ 심장-경흉부 심초음파,초음파검사료,,"250,000",,,SONO-Echocardiogram [EB4320000],,,,
1581,버팀병원,SONO-흉부,,진단초음파/ 흉부-유방·액와부 제외한 흉부 초음파,초음파검사료,,"80,000",,,SONO-흉부 [EB4220000],,,,
1582,버팀병원,초음파 - 유방,,진단초음파/ 흉부-유방·액와부 초음파,초음파검사료,,"80,000",,,초음파 - 유방 [EB4210000],,,,
1583,버팀병원,초음파 - 목,,진단초음파/ 두경부-경부 초음파,초음파검사료,,"80,000",,,초음파 - 목 [EB4150000],,,,
1584,버팀병원,초음파 - 갑상선,,진단초음파/ 두경부-경부 초음파,초음파검사료,,"80,000",,,초음파 - 갑상선 [EB4140000],,,,
1585,버팀병원,수면관리료(위+대장 내시경),,진정내시경환자관리료,"내시경, 천자 및 생검료",,"90,000",,,수면관리료(위+대장 내시경) [EA0030000],,,,
1586,버팀병원,수면관리료(대장내시경),,진정내시경환자관리료,"내시경, 천자 및 생검료",,"70,000",,,수면관리료(대장내시경) [EA0020000],,,,
1587,버팀병원,수면관리료(위내시경),,진정내시경환자관리료,"내시경, 천자 및 생검료",,"40,000",,,수면관리료(위내시경) [EA0030000],,,,
1588,버팀병원,체온열검사-하지,,체온열검사,기능검사료,,"270,000",,,체온열검사-하지 [EZ7760002],,,,
1589,버팀병원,체온열검사-상지,,체온열검사,기능검사료,,"270,000",,,체온열검사-상지 [EZ7760002],,,,
1590,버팀병원,체온열검사 - 발목,,체온열검사,기능검사료,,"70,000",,,체온열검사 - 발목 [EZ7760002],,,,
1591,버팀병원,체온열검사 - 발,,체온열검사,기능검사료,,"70,000",,,체온열검사 - 발 [EZ7760002],,,,
1592,버팀병원,체온열검사 - 고관절,,체온열검사,기능검사료,,"70,000",,,체온열검사 - 고관절 [EZ7760002],,,,
1593,버팀병원,체온열검사 - 무릎,,체온열검사,기능검사료,,"70,000",,,체온열검사 - 무릎 [EZ7760002],,,,
1594,버팀병원,체온열검사 - 손,,체온열검사,기능검사료,,"70,000",,,체온열검사 - 손 [EZ7760002],,,,
1595,버팀병원,체온열검사 - 팔꿈치,,체온열검사,기능검사료,,"70,000",,,체온열검사 - 팔꿈치 [EZ7760002],,,,
1596,버팀병원,체온열검사 - 어깨,,체온열검사,기능검사료,,"70,000",,,체온열검사 - 어깨 [EZ7760002],,,,
1597,버팀병원,항Ccp항체[IgG],,항CCP항체〔IgG〕(류마티스성 관절염 진단 검사),검체검사료,,"50,000",,,항Ccp항체[IgG] [CZ4320000],,,,
1598,버팀병원,인플루엔자 KIT,,인플루엔자 A·B 바이러스항원검사[현장검사],검체검사료,,"20,000",,,인플루엔자 KIT  [CZ3940000],,,,
1599,탄탄병원,Ankle MRI,MRI,,,,"400,000",,,BMRA,,,,
1600,탄탄병원,Ankle MRI+E,,,,,"500,000",,,BMRAE,,,,
1601,탄탄병원,Brain MRI,,,,,"400,000",,,BMRB,,,,
1602,탄탄병원,Brain MRA,,,,,"400,000",,,BMRAI,,,,
1603,탄탄병원,Brain MRI+E,,,,,"500,000",,,BMRBE,,,,
1604,탄탄병원,Brain MRA+E,,,,,"500,000",,,BMAE,,,,
1605,탄탄병원,Brain MRI+MRA,,,,,"600,000",,,BMRIAB,,,,
1606,탄탄병원,Brain MRI+MRA+E,,,,,"700,000",,,BMRIABE,,,,
1607,탄탄병원,Brain MRI + PNS,,,,,"450,000",,,BMPNS,,,,
1608,탄탄병원,Brain diffusione단독,,,,,"400,000",,,BMRDA,,,,
1609,탄탄병원,Brain MRI+Diffusion,,,,,"500,000",,,BMRDB,,,,
1610,탄탄병원,Brain MRI+MRA+Diffusion,,,,,"600,000",,,BMRDC,,,,
1611,탄탄병원,Brain MRI+MRA+Carotid angio,,,,,"600,000",,,BMRDD,,,,
1612,탄탄병원,Brain MRI+MRA+Carotid angio+Diffusion,,,,,"700,000",,,BMRDE,,,,
1613,탄탄병원,Carotid angio MRA,,,,,"400,000",,,BMRDF,,,,
1614,탄탄병원,Brain MRI(E)+MRA+Carotid angio,,,,,"700,000",,,BMRDH,,,,
1615,탄탄병원,C-spine MRI 2series,,,,,"200,000",,,BMRC1,,,,
1616,탄탄병원,C-spine MRI,,,,,"400,000",,,BMRC,,,,
1617,탄탄병원,C-spine MRI+E,,,,,"500,000",,,BMRCE,,,,
1618,탄탄병원,Elbow MRI,,,,,"400,000",,,BMRE,,,,
1619,탄탄병원,Elbow MRI+E,,,,,"500,000",,,BMREE,,,,
1620,탄탄병원,Femur MRI,,,,,"400,000",,,BMRF,,,,
1621,탄탄병원,Femur MRI+E,,,,,"500,000",,,BMRFE,,,,
1622,탄탄병원,Foot MRI,,,,,"400,000",,,BMRFO,,,,
1623,탄탄병원,Foot MRI+E,,,,,"500,000",,,BMRFOE,,,,
1624,탄탄병원,forearm MRI,,,,,"400,000",,,BMRFA,,,,
1625,탄탄병원,Forearm MRI+E,,,,,"500,000",,,BMRFAE,,,,
1626,탄탄병원,Hand MRI,,,,,"400,000",,,BMRH,,,,
1627,탄탄병원,Hand MRI+E,,,,,"500,000",,,BMRHE,,,,
1628,탄탄병원,Hip MRI,,,,,"400,000",,,BMRHIP,,,,
1629,탄탄병원,Hip MRI+E,,,,,"500,000",,,BMRHIPE,,,,
1630,탄탄병원,Humerus MRI,,,,,"400,000",,,BMR001,,,,
1631,탄탄병원,Humerus MRI+E,,,,,"500,000",,,BMR001E,,,,
1632,탄탄병원,Knee MRI,,,,,"400,000",,,BMRK,,,,
1633,탄탄병원,Knee MRI+E,,,,,"500,000",,,BMRKE,,,,
1634,탄탄병원,"Knee MRI Rt- T2 Coronal, Sagittal",,,,,"200,000",,,BMRKR1,,,,
1635,탄탄병원,"Knee MRI Lt- T2 Coronal, Sagittal",,,,,"200,000",,,BMRKL1,,,,
1636,탄탄병원,L-S spine MRI,,,,,"400,000",,,BMRL,,,,
1637,탄탄병원,L-S spine MRI 2series,,,,,"200,000",,,BMRL1,,,,
1638,탄탄병원,L-S spine MRI+E,,,,,"500,000",,,BMRLE,,,,
1639,탄탄병원,T-L spine MRI,,,,,"500,000",,,MRTL,,,,
1640,탄탄병원,T-L-S spine MRI+E,,,,,"600,000",,,BMRTL,,,,
1641,탄탄병원,L-SPINE + HIP MRI,,,,,"600,000",,,MRLH,,,,
1642,탄탄병원,C-spine MRI+whole spine T2 sagittal,,,,,"600,000",,,MR003,,,,
1643,탄탄병원,T-spine MRI+whole spine T2 sagittal,,,,,"600,000",,,MR004,,,,
1644,탄탄병원,L-spine MRI+whole spine T2 sagittal,,,,,"600,000",,,MR005,,,,
1645,탄탄병원,Pelvis MRI,,,,,"400,000",,,BMRP,,,,
1646,탄탄병원,Pelvis MRI+E,,,,,"500,000",,,BMRPE,,,,
1647,탄탄병원,Sacroiliac joint MRI(천장골관절),,,,,"400,000",,,BMRSI,,,,
1648,탄탄병원,Sacroiliac joint MRI+E,,,,,"530,000",,,BMRSIE,,,,
1649,탄탄병원,Shoulder Arthro MRI,,,,,"400,000",,,BMRSA,,,,
1650,탄탄병원,Shoulder MRI,,,,,"400,000",,,BMRS,,,,
1651,탄탄병원,Shoulder MRI+E,,,,,"500,000",,,BMRSE,,,,
1652,탄탄병원,Shoulder MRI+C-spine T2 sagittal,,,,,"500,000",,,MR001,,,,
1653,탄탄병원,Tibia MRI,,,,,"400,000",,,BMRTI,,,,
1654,탄탄병원,Tibia MRI + E,,,,,"500,000",,,BMRTIE,,,,
1655,탄탄병원,T-spine MRI,,,,,"400,000",,,BMRT,,,,
1656,탄탄병원,T-spine MRI+E,,,,,"500,000",,,BMRTE,,,,
1657,탄탄병원,T spine MRI 2series,,,,,"200,000",,,BMRT1,,,,
1658,탄탄병원,Whole Spine MRI,,,,,"600,000",,,BMRW2,,,,
1659,탄탄병원,Whole Spine MRI 2series,,,,,"200,000",,,BMRW1,,,,
1660,탄탄병원,Wrist MRI,,,,,"400,000",,,BMRW,,,,
1661,탄탄병원,Wrist MRI+E,,,,,"500,000",,,BMRWE,,,,
1662,탄탄병원,Post op MRI(부위별),,,,,"200,000",,,,,,,
1663,탄탄병원,외부병원 판독료-MRI(부위별),,,,,"40,000",,,MRR,,,,
1664,탄탄병원,외부병원 판독료-MRI (2부위 이상),,,,,"80,000",,,MRR-1,,,,
1665,탄탄병원,SONO_Abdomen,초음파,,,,"100,000",,,SONO01,,,,
1666,탄탄병원,SONO-Cardiac Echo 1,,,,,"150,000",,,SONO02,,,,
1667,탄탄병원,SONO-Cardiac Echo 2,,,,,"180,000",,,SONO06,,,,
1668,탄탄병원,SONO-Carotid Artery(경동맥),,,,,"100,000",,,SONO03,,,,
1669,탄탄병원,SONO-Carotid+Thyroid,,,,,"130,000",,,SONO07,,,,
1670,탄탄병원,SONO-Carotid Doppler,,,,,"100,000",,,SONO13,,,,
1671,탄탄병원,SONO-Doppler(Cardiac),,,,,"120,000",,,SONO14,,,,
1672,탄탄병원,SONO-Lower Ext Doppler(편측),,,,,"100,000",,,SONO41,,,,
1673,탄탄병원,SONO-Lower Ext Doppler(양측),,,,,"160,000",,,SONO42,,,,
1674,탄탄병원,SONO_Abdomen,,,,,"100,000",,,SONO01,,,,
1675,탄탄병원,SONO_Kidney(상복부 급여시),,,,,"30,000",,,SONO45,,,,
1676,탄탄병원,"SONO_간,담낭,담도,비장,췌장(하복부 급여시)",,,,,"40,000",,,SONO50,,,,
1677,탄탄병원,SONO-Appendix,,,,,"70,000",,,SONO08,,,,
1678,탄탄병원,SONO-Abdomen + Pelvis,,,,,"130,000",,,SONO09,,,,
1679,탄탄병원,SONO-Bladder,,,,,"70,000",,,SONO10,,,,
1680,탄탄병원,SONO-Kidney,,,,,"70,000",,,SONO18,,,,
1681,탄탄병원,SONO-Liver,,,,,"70,000",,,SONO19,,,,
1682,탄탄병원,SONO-Pelvis,,,,,"60,000",,,SONO28,,,,
1683,탄탄병원,SONO-Pelvis & Kidney,,,,,"100,000",,,SONO29,,,,
1684,탄탄병원,SONO-Prostate,,,,,"70,000",,,SONO30,,,,
1685,탄탄병원,SONO-Uterus,,,,,"50,000",,,SONO32,,,,
1686,탄탄병원,SONO-Thyroid,,,,,"70,000",,,SONO04,,,,
1687,탄탄병원,Sono-Breast,,,,,"90,000",,,SONO11,,,,
1688,탄탄병원,Sono-Breast(Mammo포함),,,,,"130,000",,,SONO11-1,,,,
1689,탄탄병원,SONO-Breast & Thyroid,,,,,"130,000",,,SONO12,,,,
1690,탄탄병원,SONO-Elbow (L),,,,,"90,000",,,SONO15,,,,
1691,탄탄병원,SONO-Elbow (R),,,,,"90,000",,,SONO15-1,,,,
1692,탄탄병원,SONO-Foot (L),,,,,"60,000",,,SONO16,,,,
1693,탄탄병원,SONO-Foot (R),,,,,"60,000",,,SONO16-1,,,,
1694,탄탄병원,SONO-Hip,,,,,"90,000",,,SONO17,,,,
1695,탄탄병원,SONO-Ankle (L),,,,,"90,000",,,SONO24,,,,
1696,탄탄병원,SONO-Ankle (R),,,,,"90,000",,,SONO24-1,,,,
1697,탄탄병원,SONO-Hand (L),,,,,"60,000",,,SONO25,,,,
1698,탄탄병원,SONO-Hand (R),,,,,"60,000",,,SONO25-1,,,,
1699,탄탄병원,SONO-Knee (L),,,,,"90,000",,,SONO26,,,,
1700,탄탄병원,SONO-Knee (R),,,,,"90,000",,,SONO26-1,,,,
1701,탄탄병원,SONO-Wrist (L),,,,,"90,000",,,SONO27,,,,
1702,탄탄병원,SONO-Wrist (R),,,,,"90,000",,,SONO27-1,,,,
1703,탄탄병원,SONO-Shoulder (L),,,,,"90,000",,,SONO31,,,,
1704,탄탄병원,SONO-Shoulder (R),,,,,"90,000",,,SONO31-1,,,,
1705,탄탄병원,SONO-Neck,,,,,"90,000",,,SONO35,,,,
1706,탄탄병원,SONO-Chest wall,,,,,"90,000",,,SONOE,,,,
1707,탄탄병원,SONO-Musculoskeletal,,,,,"90,000",,,SONO20,,,,
1708,탄탄병원,SONO-Soft tissue,,,,,"60,000",,,SONO05,,,,
1709,탄탄병원,SONO guided biopsy,,,,,"200,000",,,SONOBIO,,,,
1710,탄탄병원,SONO guided FNA(aspiration),,,,,"200,000",,,SONOFNA,,,,
1711,탄탄병원,SONO guided Injection(knee),,,,,"170,000",,,SONOINJ,,,,
1712,탄탄병원,SONO guided block,,,,,"50,000",,,SONO-B,,,,
1713,탄탄병원,SONO guided aspiration,,,,,"50,000",,,SONO-A,,,,
1714,탄탄병원,SONO-Marking,,,,,"40,000",,,SONOMAR,,,,
1715,탄탄병원,SONO guided Inj,,,,,"50,000",,,SONO44,,,,
1716,탄탄병원,아디펙스 정 37.5mg,"경구, 외용제",,,,"1,300",,,64180205,,,,
1717,탄탄병원,아디펙스 정 18.75mg,,,,,700,,,64180518,,,,
1718,탄탄병원,삐콤정,,,,,100,,,64210070,,,,
1719,탄탄병원,아락실 과립,,,,,"1,000",,,64220140,,,,
1720,탄탄병원,삼일액티피드정,,,,,500,,,64390090,,,,
1721,탄탄병원,트레스탄 캅셀,,,,,500,,,64780234,,,,
1722,탄탄병원,챔픽스정 0.5mg,,,,,"2,300",,,64890091,,,,
1723,탄탄병원,챔픽스정 1mg,,,,,"2,500",,,64890092,,,,
1724,탄탄병원,둘코락스에스장용정,,,,,500,,,65350114,,,,
1725,탄탄병원,다이제스토 정(소화제),,,,,200,,,68450035,,,,
1726,탄탄병원,크리콘 정 - 32T,,,,,"15,000",,,69850266,,,,
1727,탄탄병원,후시딘연고10g-1ea,,,,,"8,000",,,64270397,,,,
1728,탄탄병원,푸레파연고28g - 1ea,,,,,"8,000",,,64290380,,,,
1729,탄탄병원,니트로푸라존 연고 0.2% 2mg/g - 450g 기준,,,,,"15,500",,,65020105,,,,
1730,탄탄병원,오라메디연고 6g -1ea,,,,,"6,000",,,65340079,,,,
1731,탄탄병원,태평양알보칠콘센트레이트액-1ml(폴리크레줄렌액),,,,,"1,000",,,67000061,,,,
1732,탄탄병원,스카클리닉 겔 10g,,,,,"35,000",,,SCAR,,,,
1733,탄탄병원,박티그라거즈 10*10,,,,,"3,000",,,681800010,,,,
1734,탄탄병원,알리네신 주 10ml(마늘주사),주사제,,,,"15,000",,,62550038,,,,
1735,탄탄병원,네비도 주,,,,,"300,000",,,64110043,,,,
1736,탄탄병원,프리베나 13주,,,,,"130,000",,,64650090,,,,
1737,탄탄병원,프리베나 13주 & 검진,,,,,"110,000",,,6465009A,,,,
1738,탄탄병원,가다실4 프리필드 시린지(자궁경부암 백신),,,,,"170,000",,,65550002,,,,
1739,탄탄병원,가다실9 프리필드 시린지(자궁경부암 백신),,,,,"200,000",,,655501930,,,,
1740,탄탄병원,조스타박스(대상포진예방주사),,,,,"190,000",,,65550090,,,,
1741,탄탄병원,조스타박스(대상포진예방주사) & 검진,,,,,"160,000",,,6555009A,,,,
1742,탄탄병원,네오미노화겐씨주 20ml,,,,,"30,000",,,65560014,,,,
1743,탄탄병원,네큐팜주사액 20mg,,,,,"7,000",,,65780522,,,,
1744,탄탄병원,네포판주(네포팜염산염)2ml/10mg,,,,,"7,000",,,669804841,,,,
1745,탄탄병원,에티피에스주20mg,,,,,"30,000",,,645905980,,,,
1746,탄탄병원,뉴클레오주사(PDRN),,,,,"70,000",,,642404060,,"이식 상처치료, 조직수복",,
1747,탄탄병원,리비탈렉스주사(PDRN),,,,,"70,000",,,683101191,,"이식 상처치료, 조직수복",,
1748,탄탄병원,하이랙스주1500 IU/ml,,,,,"200,000",,,65480204,,,,
1749,탄탄병원,아박심 160 IU 0.5ml-성인용(A형간염백신),,,,,"80,000",,,66590018,,,,
1750,탄탄병원,유박스비프리필드주1ml(B형간염백신),,,,,"30,000",,,66890216,,,,
1751,탄탄병원,헤파뮨프리필드시린지 1ml(B형간염백신),,,,,"30,000",,,56400101,,B형간염,,
1752,탄탄병원,헤파뮨프리필드시린지 0.5ml(B형간염백신),,,,,"30,000",,,56400071,,B형간염,,
1753,탄탄병원,대한뉴팜비타민씨주(아스코르빈산)10g/20ml,,,,,"9,000",,,66990056,,,,
1754,탄탄병원,비타모 주사 2ml,,,,,"10,000",,,67060112,,,,
1755,탄탄병원,진코발주(은행엽엑스),,,,,"5,000",,,67060194,,,,
1756,탄탄병원,하이코민 주 2ml,,,,,"5,000",,,67060263,,,,
1757,탄탄병원,휴온스염산피리독신주사액,,,,,"10,000",,,67060364,,,,
1758,탄탄병원,비타디본 주,,,,,"50,000",,,67060671,,,,
1759,탄탄병원,트롬보젝주1%2ml,,,,,"40,000",,,67680001,,,,
1760,탄탄병원,라보솔 주 250ml,,,,,"50,000",,,67890052,,,,
1761,탄탄병원,뉴트리헥스주사100ml,,,,,"30,000",,,645103360,,,,
1762,탄탄병원,뉴트리헥스주사250ml,,,,,"60,000",,,645100110,,,,
1763,탄탄병원,콤비플렉스 엠시티페리주375ml,,,,,"70,000",,,67890085,,,,
1764,탄탄병원,지씨제이비피라이넥주 2ml (태반주사),,,,,"30,000",,,68110002,,,,
1765,탄탄병원,MEDICLORE(메디클로어),,,,,"200,000",,,BM2101QT,,,,
1766,탄탄병원,물광주사-글루치온주,,,,,"70,000",,,C656003A,,,,
1767,탄탄병원,칵테일주사(기본),,,,,"70,000",,,COCK,,,,
1768,탄탄병원,칵테일주사(당뇨용),,,,,"70,000",,,COCK4,,,,
1769,탄탄병원,칵테일주사(글루치온추가),,,,,"100,000",,,COCK6,,,,
1770,탄탄병원,미니칵테일주사,,,,,"50,000",,,IM2,,,,
1771,탄탄병원,보령플루VIII 테트라백신주0.5ml(인플루엔자백신),,,,,"35,000",,,67050103,,독감,,
1772,탄탄병원,박씨그리프테트라주0.5ml(인플루엔자백신),,,,,"40,000",,,665900221,,독감,,
1773,탄탄병원,해독주사,,,,,"50,000",,,COCK3,,,,
1774,탄탄병원,카티스템주사,,,,,"8,300,000",,,622900010,,연골재생 줄기세포,,
1775,탄탄병원,아다멜엔주10ml,,,,,"30,000",,,65090194,,미량원소,,
1776,탄탄병원,블루밸런스 주사,,,,,"50,000",,,670607500,,미량원소,,
1777,탄탄병원,셀렌탭주10ml,,,,,"45,000",,,641906701,,미네랄제,,
1778,탄탄병원,프로파인퓨전주10mg/100ml(아세트아미노펜),,,,,"30,000",,,64510377,,,,
1779,탄탄병원,파라케이주사10mg/100ml(아세트아미노펜),,,,,"30,000",,,671705511,,,,
1780,탄탄병원,부스트릭스 프리필드시린지,,,,,"30,000",,,650001960,,파상풍예방,,
1781,탄탄병원,옴니스캔주287mg(가도디아마이드)_(15ml),,,,,"100,000",,,646300051,,조영제(2019.7.1비급여전환),,
1782,탄탄병원,브리디온주2ml,,,,,"160,000",,,655501751,,,,
1783,탄탄병원,Fims(teno + capsulo),처치수술,,,,"400,000",,,MZ001,,,,
1784,탄탄병원,Fims(capsulo),,,,,"200,000",,,MZ001,,,,
1785,탄탄병원,추간판내 고주파 열치료술(Nucleoplasty),,,,,"2,500,000",,,SZ083,,재료대포함,,
1786,탄탄병원,경피적 경막외강 신경성형술(L-Spine),,,,,"600,000","600,000","950,000",SZ634,,재료대포함,,
1787,탄탄병원,경피적 경막외강신경성형술(C-Spine),,,,,"800,000",,,SZ634,,재료대포함,,
1788,탄탄병원,경피적 풍선확장 경막외강 신경유착박리술,,,,,"1,500,000",,,SZ641,,재료대포함,,
1789,탄탄병원,경피적 경막외강신경성형술(INDIGO),,,,,"220,000",,,SZ634,,재료대포함,,
1790,탄탄병원,Tissue Aid 0.8g(액상피부접착제),치료재료,,,,"132,000",,,BB3001WQ,,2019.12.01 선별급여 전환,,
1791,탄탄병원,SURGISEAL TOPICAL SKIN ADHESIVE,,,,,"120,000",,,BB3005QB,,유착방지제,,
1792,탄탄병원,RAFUGEN DBM 1cc~5cc,,,,,"490,000","490,000","2,000,000",BC0105BU,,골대체제,,
1793,탄탄병원,MEGA-DBM 1g~5g,,,,,"690,000","690,000","2,300,000",BC0100OT,,골대체제,,
1794,탄탄병원,Unios Human DBM 1cc~5cc,,,,,"690,000","690,000","2,300,000",BC0109BU,,골대체제,,
1795,탄탄병원,RAFUGEN DBM 1cc~6cc,,,,,"690,000","690,000","2,300,000",BC010OBU,,골대체제,,
1796,탄탄병원,Demios 1cc~5cc(DBM),,,,,"490,000","490,000","2,300,000",BC0101KJ,,골대체제,,
1797,탄탄병원,DB STIK,,,,,"99,000",,,BC0106BU,,,,
1798,탄탄병원,STIRING(스티어링),,,,,"300,000",,,BC1301UJ,,,,
1799,탄탄병원,SPACER,,,,,"30,000",,,BD1001AT,,,,
1800,탄탄병원,하이배리 1.5ml(HIBARRY),,,,,"200,000",,,BF0101VT,,유착방지제,,
1801,탄탄병원,MEDICLORE(메디클로어),,,,,"200,000",,,BM2101QT,,유착방지제,,
1802,탄탄병원,Suntouch 10*10cm(지혈제),,,,,"165,000",,,BJ7001OH,,지혈제,,
1803,탄탄병원,COLLATAMP G(콜라템프),,,,,"300,000","300,000","450,000",BM5301SN,,창상피복제/항염증제,,
1804,탄탄병원,Suntouch,,,,,"350,000",,,BJ7001OH,,지혈제,,
1805,탄탄병원,이노티스(Inotiss)5*5,,,,,"350,000",,,BM5302VT,,콜라겐 흡수성 창상피복제,,
1806,탄탄병원,아토젠(ATOGEN),,,,,"350,000",,,BM5300FG,,콜라겐 흡수성 창상피복제,,
1807,탄탄병원,XCM BIOLOGIC TISSUE MATRIX,,,,,"1,200,000",,,BM2601AT,,콜라겐 흡수성 연부조직재생,,
1808,탄탄병원,인조 손발톱,,,,,"5,000",,,,,,,
1809,탄탄병원,FILTER SET(M-V tube),,,,,"6,000",,,BM0301CO,,,,
1810,탄탄병원,FILTER SET2(필터수액세트),,,,,"8,000",,,BM0304CO,,,,
1811,탄탄병원,주사기(Micro filter)1cc~50cc,,,,,"1,000",,,BM1300DS,,,,
1812,탄탄병원,COLTRIX CARTIREGEN(콜트릭스),,,,,"150,000",,,BM2600VT,,인대강화물질,,
1813,탄탄병원,에이스콜(Ace col) 1cc,,,,,"200,000",,,BM2620KQ,,인대강화물질,,
1814,탄탄병원,에이스콜(Ace col) 3cc,,,,,"550,000",,,BM2601VT,,인대강화물질,,
1815,탄탄병원,이노그램1cc,,,,,"200,000",,,BM2600VT,,인대강화물질,,
1816,탄탄병원,이노그램 플러스(INOGRAM PLUS),,,,,"200,000",,,BM2600TD,,인대강화물질,,
1817,탄탄병원,이노스타 4~6인치(스타키넷),,,,,"20,000",,,BM7000EN,,,,
1818,탄탄병원,드레인클립(Drain clip)-전규격,,,,,"30,000",,,BJ1002XJ,,,,
1819,탄탄병원,PAD Band[전규격],,,,,"55,000",,,BC1200ZC,,,,
1820,탄탄병원,EASY BAND(상지),,,,,"55,000",,,BK7103AS,,,,
1821,탄탄병원,EASY BAND(하지),,,,,"55,000",,,BK7104AS,,,,
1822,탄탄병원,토니밴드(전규격),,,,,"55,000",,,BK7001MY,,지혈밴드,,
1823,탄탄병원,스타밴드(스타키넷)-전규격,,,,,"20,000",,,BK7000MY,,스타키넷,,
1824,탄탄병원,SAFE CLIP(전규격),,,,,"20,000",,,BJ1000SJ,,drain clip,,
1825,탄탄병원,지혈밴드(애드플렉스S아이),,,,,"1,500",,,BM5033CU,,,,
1826,탄탄병원,메딕스에이밴드6*8CM,,,,,700,,,BM5002CS,,,,
1827,탄탄병원,Steri Strip,,,,,"2,500",,,BM5003EM,,,,
1828,탄탄병원,큐어패드(일회용 dressing kit),,,,,"2,000",,,BM5020HF,,,,
1829,탄탄병원,"픽스롤 2""~6""(10cm당) - fix roll , 3M SOFT CLOTH WITH",,,,,200,200,300,BM5101LX,,10cm 분할,,
1830,탄탄병원,"코반 1""~6"" (30cm당)",,,,,600,600,"1,500",BK7101EA,,30cm 분할,,
1831,탄탄병원,네오드레싱,,,,,800,800,"1,200",BM5019HF,,,,
1832,탄탄병원,Eco-FB Bandage(3인치),,,,,"35,000",,,BK7100IZ,,,,
1833,탄탄병원,Eco-FB Bandage(6인치),,,,,"37,000",,,BK7101IZ,,,,
1834,탄탄병원,콘투락투벡스 패치(Contractubex patch)/21ea/box,,,,,"100,000",,,BM5110IX,,흉터 치료제,,
1835,탄탄병원,"Support cover(Shoulder, Knee)-ice bag포함",,,,,"50,000",,,BC1002RL,,,,
1836,탄탄병원,복대(대),,,,,"7,000",,,,,,,
1837,탄탄병원,"Care-Fix 부직포, Pu Film 등",,,,,"20,000",,,BJ1000VO,,disposable bed cover,,
1838,탄탄병원,SAFE CLIP-전규격(bed cover),,,,,"15,000",,,BJ1000SJ,,disposable bed cover,,
1839,탄탄병원,Y-Holder,,,,,"20,000",,,BJ1000QN,,,,
1840,탄탄병원,거머리 치료 (1마리당),,,,,"50,000",,,,,,,
1841,탄탄병원,CAST SHOES(석고신발-구형),,,,,"5,000",,,,,,,
1842,탄탄병원,CAST SHOES(석고신발-고무),,,,,"10,000",,,,,,,
1843,탄탄병원,DELOADER (디로더) - 무릎보조기,,,,,"350,000",,,BC1001PS,,,,
1844,탄탄병원,네오 발목 보조기(Ankle Brace) - 영동의료기,,,,,"75,000",,,BC1201UL,,,,
1845,탄탄병원,네오 테니스팔꿈치 보조기(Tennis Elbow Brace) - 영동의료기,,,,,"50,000",,,BC1201WV,,,,
1846,탄탄병원,네오 엄지발가락 보조기(Great toe brace) - 영동의료기,,,,,"30,000",,,BC1202WV,,,,
1847,탄탄병원,네오 손목보조기_검정(Wrist Brace)-영동의료기,,,,,"40,000",,,BC1204WV,,,,
1848,탄탄병원,네오 손목보조기_살색(Wrist Brace)-영동의료기,,,,,"30,000",,,BC1205WV,,,,
1849,탄탄병원,네오 팔꿈치 보조기(Elbow Brace) - 영동의료기,,,,,"35,000",,,BC1207WV,,,,
1850,탄탄병원,네오 챔프16인치 - 영동의료기,,,,,"200,000",,,BC1213WV,,,,
1851,탄탄병원,Thumb Brace (썸브레이스)-영동의료기,,,,,"35,000",,,TB,,,,
1852,탄탄병원,코르셋(12inch)-영동의료기,,,,,"100,000",,,BC1203UL,,,,
1853,탄탄병원,"코르셋(13inch) , LSO brace - 영동의료기",,,,,"200,000",,,BC1203UL,,,,
1854,탄탄병원,BRAIDLOCK(B-VAC고정장치),,,,,"22,300",,,BJ1001RB,,,,
1855,탄탄병원,발목보조기(AIR CAST),,,,,"380,000",,,BC1207RE,,,,
1856,탄탄병원,멀티핑거스프린트(Multi finger splint),,,,,"10,000",,,,,,,
1857,탄탄병원,Dynamic finger splint - 이유메디칼,,,,,"20,000",,,,,,,
1858,탄탄병원,팔걸이(Arm Sling),,,,,"4,000",,,,,,,
1859,탄탄병원,팔자붕대,,,,,"12,000",,,,,,,
1860,탄탄병원,Crutches(목발1쌍),,,,,"20,000",,,,,,,
1861,탄탄병원,필라델피아(PHILADELPHIA),,,,,"50,000",,,,,,,
1862,탄탄병원,마이애미 brace(MIAMI brace),,,,,"200,000",,,,,,,
1863,탄탄병원,토마스소프트칼라(칼라브레이스),,,,,"12,000",,,,,,,
1864,탄탄병원,소변기,,,,,"3,000",,,BOT,,,,
1865,탄탄병원,환자복(환의),,,,,"30,000",,,CL,,,,
1866,탄탄병원,공기밥,,,,,"1,000",,,,,,,
1867,탄탄병원,보호자밥+공기밥,,,,,"6,000",,,,,,,
1868,탄탄병원,요임신반응검사[정성],검사,,,,"10,000",,,B0260B,,,,
1869,탄탄병원,(의뢰)ABO genotyping,,,,,"17,000",,,CZ897,,,,
1870,탄탄병원,(의뢰)Anti-CCP Ab IgG,,,,,"70,000",,,CZ432,,,,
1871,탄탄병원,(의뢰)Influenza virus A(H1N1),,,,,"200,000",,,C6095,,,,
1872,탄탄병원,(의뢰)모발미네랄 검사(닥터라인(주),,,,,"120,000",,,ZMOB-1,,,,
1873,탄탄병원,"(의뢰)중독검사-Cocaine(정성),urine",,,,,"20,000",,,C4502390,,,,
1874,탄탄병원,(의뢰)프로칼시토닌 정량검사(Procalcitonin),,,,,"65,000",,,CZ115,,,,
1875,탄탄병원,(의뢰)호모시스테인검사(Homocystein),,,,,"30,000",,,CZ133,,2019.7.1 급여 전환,,
1876,탄탄병원,UBT test(급여기준외),,,,,"35,000",,,D5896A,,,,
1877,탄탄병원,Hcv 항체검사[간이검사][오라퀵],,,,,"50,000",,,CZ492,,2019.9.1 선별급여 전환,,
1878,탄탄병원,HIV 항체검사[현장검사][오라퀵],,,,,"50,000",,,CZ396,,2019.9.1 선별급여 전환,,
1879,탄탄병원,당화알부민_glycoalbumin,,,,,"25,000",,,CZ241,,,,
1880,탄탄병원,cannabinoids(마약검사),,,,,"20,000",,,CANN,,,,
1881,탄탄병원,TBPE(Tetrabromo-phenylethylene),,,,,"20,000",,,C4501390,,,,
1882,탄탄병원,동맥경화도검사,,,,,"70,000",,,EZ868A,,,,
1883,탄탄병원,바이러스항원[바이러스별 각각산정],,,,,"20,000",,,GI004,,,,
1884,탄탄병원,에스트리올-핵의학적방법,,,,,"18,000",,,C7327,,,,
1885,탄탄병원,인플루엔자 A.B 바이러스항원검사(현장검사),,,,,"20,000",,,CZ394,,,,
1886,탄탄병원,혈중알콜농도(알콜검사),,,,,"20,000",,,ALCOHOL,,,,
1887,탄탄병원,[성장클리닉] 검사 및 X-ray 포함,,,,,"120,000",,,GROWTH,,,,
1888,탄탄병원,체온열검사(DITI) - 상지,,,,,"80,000",,,EZ776,,,,
1889,탄탄병원,체온열검사(DITI) - 하지,,,,,"80,000",,,EZ7761,,,,
1890,탄탄병원,체온열검사(DITI) - 전신,,,,,"120,000",,,EZ7762,,,,
1891,탄탄병원,수면내시경 환자관리료 (위),,,,,"50,000",,,SLEEP1,,,,
1892,탄탄병원,수면내시경 환자관리료 (대장),,,,,"70,000",,,SLEEP2,,,,
1893,탄탄병원,수면내시경 환자관리료(위+대장),,,,,"100,000",,,SLEEP3,,,,
1894,탄탄병원,교감신경피부반응검사(SSR),,,,,"50,000",,,FZ681,,,,
1895,탄탄병원,자율신경계이상검사(발살바법),,,,,"30,000",,,FY892,,,,
1896,탄탄병원,자율신경계이상검사(심박변이도검사),,,,,"30,000",,,FY894,,,,
1897,탄탄병원,신경인지기능검사-종합검사(SNSB),,,,,"250,000",,,FB001A,,,,
1898,탄탄병원,기능도수치료,이학요법,,,,"30,000",,,DST,,,,
1899,탄탄병원,도수치료,,,,,"50,000",,,DS1,,,,
1900,탄탄병원,도수치료2,,,,,"100,000",,,DS3,,,,
1901,탄탄병원,도수운동치료,,,,,"150,000",,,DS4,,,,
1902,탄탄병원,도수운동감압치료,,,,,"200,000",,,DS5,,,,
1903,탄탄병원,증식치료 Prolotherapy[사지관절부위],,,,,"30,000",,,MY142,,,,
1904,탄탄병원,증식치료 Prolotheraphy[척추부위],,,,,"50,000",,,MY143,,,,
1905,탄탄병원,비침습적 무통증 신호요법-1회(Scrambler therapy),,,,,"70,000",,,MZ012,,,,
1906,탄탄병원,비침습적 무통증 신호요법-5회(Scrambler therapy),,,,,"200,000",,,MZ012A,,,,
1907,탄탄병원,기립경사훈련(Tilt training treatment),,,,,"15,000",,,MZ002,,,,
1908,탄탄병원,ESWT1(체외충격파),,,,,"50,000",,,SZ084-1,,큰관절-2000타,,
1909,탄탄병원,ESWT3(체외충격파),,,,,"30,000",,,SZ084-3,,지관절-1000타,,
1910,탄탄병원,ESWT1+1(체외충격파)_2부위,,,,,"100,000",,,SZ084-5,,2부위,,
1911,탄탄병원,ESWT(체외충격파)-OR,,,,,"200,000",,,SZ084-2,,,,
1912,탄탄병원,ESWT(체외충격파)-OR(5),,,,,"50,000",,,SZ084-4,,,,
1913,탄탄병원,일반진단서,제증명,,,,"20,000",,,A24,,,,
1914,탄탄병원,건강진단서,,,,,"20,000",,,A02,,,,
1915,탄탄병원,근로능력평가용진단서,,,,,"10,000",,,A04,,,,
1916,탄탄병원,사망진단서,,,,,"10,000",,,A07,,,,
1917,탄탄병원,장애진단서(신체적장애),,,,,"15,000",,,A54,,,,
1918,탄탄병원,후유장애진단서,,,,,"100,000",,,A42,,,,
1919,탄탄병원,병무용 진단서,,,,,"20,000",,,A05,,,,
1920,탄탄병원,국민연금 장애심사용 진단서,,,,,"15,000",,,A56,,,,
1921,탄탄병원,주민센터 장애심사용 진단서,,,,,"15,000",,,A66,,,,
1922,탄탄병원,상해진단서 3주 미만,,,,,"100,000",,,A09,,,,
1923,탄탄병원,상해진단서 3주 이상,,,,,"150,000",,,A11,,,,
1924,탄탄병원,영문 일반진단서,,,,,"20,000",,,A21,,,,
1925,탄탄병원,입퇴원 확인서,,,,,"3,000",,,A26,,,,
1926,탄탄병원,통원치료확인서,,,,,"3,000",,,A40,,,,
1927,탄탄병원,진료확인서,,,,,"3,000",,,A38,,,,
1928,탄탄병원,향후 진료비 추정서(천만원 미만),,,,,"50,000",,,P18,,,,
1929,탄탄병원,향후 진료비 추정서(천만원 이상),,,,,"100,000",,,P118,,,,
1930,탄탄병원,장애인증명서,,,,,"1,000",,,A57,,,,
1931,탄탄병원,장애진단서(정신적장애),,,,,"40,000",,,A53,,,,
1932,탄탄병원,채용신체검사서(공무원),,,,,"40,000",,,A59,,,,
1933,탄탄병원,채용신체검사서(일반),,,,,"30,000",,,A58,,,,
1934,탄탄병원,진료기록사본 - 1매~5매까지,,,,,"1,000",,,A35,,,,
1935,탄탄병원,진료기록부사본 - 6매부터 장당,,,,,100,,,A36,,,,
1936,탄탄병원,진료기록영상( CD ),,,,,"10,000",,,COPY,,,,
1937,탄탄병원,진료기록영상( DVD ),,,,,"20,000",,,COPYA,,,,
1938,탄탄병원,소견서 - 보험회사용,,,,,"20,000",,,A13,,,,
1939,탄탄병원,소견서,,,,,"10,000",,,A14,,,,
1940,탄탄병원,개인보험소견서,,,,,"30,000",,,A01,,,,
1941,탄탄병원,소견서 - 타병원제출용,,,,,0,,,A16,,,,
1942,탄탄병원,영문소견서,,,,,"30,000",,,A19,,,,
1943,탄탄병원,진료의뢰서,,,,,0,,,A37,,,,
1944,탄탄병원,수술확인서,,,,,"10,000",,,A17,,,,
1945,탄탄병원,진료비 세부산정내역 발급비용(추가 1부당),,,,,"1,000",,,A65,,,,
1946,탄탄병원,제증명사본,,,,,"1,000",,,A60,,,,
1947,탄탄병원,일반 진단서 - 사본,,,,,"1,000",,,A25,,,,
1948,탄탄병원,영문 진단서 - 사본,,,,,"1,000",,,A22,,,,
1949,탄탄병원,병사용 진단서 - 사본,,,,,"1,000",,,A06,,,,
1950,탄탄병원,사망진단서 - 사본,,,,,"1,000",,,A08,,,,
1951,탄탄병원,상해진단서 3주 미만 - 사본,,,,,"1,000",,,A10,,,,
1952,탄탄병원,상해진단서 3주 이상 - 사본,,,,,"1,000",,,A12,,,,
1953,탄탄병원,건강진단서 - 사본,,,,,"1,000",,,A03,,,,
1954,탄탄병원,소견서 - 사본,,,,,"1,000",,,A15,,,,
1955,탄탄병원,영문 소견서 - 사본,,,,,"1,000",,,A20,,,,
1956,탄탄병원,수술확인서 - 사본,,,,,"1,000",,,A18,,,,
1957,탄탄병원,입퇴원 확인서 - 사본,,,,,"1,000",,,A27,,,,
1958,탄탄병원,진료확인서 - 사본,,,,,"1,000",,,A39,,,,
1959,탄탄병원,통원치료확인서 - 사본,,,,,"1,000",,,A41,,,,
1960,탄탄병원,장애진단서(후유장애) - 사본,,,,,"1,000",,,A43,,,,
1961,탄탄병원,포토,,,,,"2,000",,,GH040,,,,
1962,탄탄병원,이송처치료 일반구급차 기본요금(10km 이내),,,,,"30,000",,,AMB1,,,,
1963,탄탄병원,"이송처치료 일반구급차(10km 초과시)- 1km당 1,000원",,,,,"1,000",,,AMB2,,,,
1964,탄탄병원,"이송처치료 부가요금(응급구조사, 의사 또는 간호사 동반)",,,,,"15,000",,,AMB3,,,,
1965,탄탄병원,앰플런스 이용료(10km이내),,,,,"30,000",,,AMB,,,,
1966,탄탄병원,상급병실료-2인실,병실차액,,,,"80,000",,,AB50B,,2019.7.1 급여전환,,
1967,탄탄병원,상급병실료-3인실,병실차액,,,,"30,000",,,AB9000,,2019.7.1 급여전환,,
1968,웰튼병원,1인실 병실차액,기본진료료,,,,"180,000원",,,ABZ01,,,,
1969,웰튼병원,의료법 제45조(비급여 항목안내 등의 고지)에 관하여 위와 같이 비급여 항목안내를 게시합니다. (기준 : 2020.01.07),의료법 제45조(비급여 항목안내 등의 고지)에 관하여 위와 같이 비급여 항목안내를 게시합니다. (기준 : 2020.01.07),,,,의료법 제45조(비급여 항목안내 등의 고지)에 관하여 위와 같이 비급여 항목안내를 게시합니다. (기준 : 2020.01.07),의료법 제45조(비급여 항목안내 등의 고지)에 관하여 위와 같이 비급여 항목안내를 게시합니다. (기준 : 2020.01.07),의료법 제45조(비급여 항목안내 등의 고지)에 관하여 위와 같이 비급여 항목안내를 게시합니다. (기준 : 2020.01.07),의료법 제45조(비급여 항목안내 등의 고지)에 관하여 위와 같이 비급여 항목안내를 게시합니다. (기준 : 2020.01.07),의료법 제45조(비급여 항목안내 등의 고지)에 관하여 위와 같이 비급여 항목안내를 게시합니다. (기준 : 2020.01.07),의료법 제45조(비급여 항목안내 등의 고지)에 관하여 위와 같이 비급여 항목안내를 게시합니다. (기준 : 2020.01.07),의료법 제45조(비급여 항목안내 등의 고지)에 관하여 위와 같이 비급여 항목안내를 게시합니다. (기준 : 2020.01.07),
